temperature,humidity,soil_moisture,pH_level,light_hours,water_given_ml,nutrient_level,co2_ppm,day_number,yield_kg,water_stress
42.49080237694725,21.809065608323262,42.41844910800191,6.499340487458107,11.839986487919763,136.94833571035866,63.81445683721739,887.5141047896429,27.902083708397484,4.943279943230206,0
54.01428612819832,24.20306978125064,39.974725773884195,6.9934935450251885,7.4760959647896925,124.30149183520803,45.92924535341931,431.122774210478,9.533599764585222,0.4133252570224584,1
49.6398788362281,35.636421796065406,30.569234750171603,6.625333561312666,8.77311755495909,341.6767802974656,96.44985248639408,889.8082727013876,12.372330247499438,6.42366203172105,1
46.97316968394073,20.200131581796764,56.436000206089275,5.666605166223593,11.306245094862547,486.44652899710195,21.89784509842382,471.734885411293,17.260401536282963,3.918848856702363,1
38.12037280884873,36.08949054436514,48.59744963051773,5.871160473567111,9.856714756195839,301.0885235818896,58.78564159989407,968.2753908149979,19.328800092845352,5.886869922773212,0
38.11989040672405,12.644032929300746,71.94205953944022,5.938656368061839,11.90856830907915,120.60609037572206,70.02100149902226,712.0621172647445,22.803562828948966,5.471835556356984,0
36.16167224336399,33.303953116258924,21.926574828923496,6.0157285072896896,13.689663209782879,188.48746243098248,82.55644893453817,1070.157193254815,23.991402606714495,6.522748005380903,1
52.3235229154987,35.42642899164209,58.63207565330758,6.630806783901009,6.93237350172158,197.91716256630826,40.697103042800705,1154.0233962121044,42.014471093878235,1.0707780260305397,1
47.022300234864176,15.454529585120163,65.77693271069367,6.507931559650787,11.676541731184487,235.14285165478,68.69219076574815,733.6882731724872,46.86158717434371,5.792665313248449,1
49.161451555920905,22.91039597116601,65.56919415129842,5.906320076728418,7.842753245056916,117.44135343448505,30.320147138428275,768.444236378997,28.799128731372036,1.2887269899180418,1
35.41168988591605,14.964993239909669,73.1644380257315,5.635109686911374,9.315813819260555,461.9570801991665,43.547609236182026,872.1180648102802,82.65667779286554,5.995238435796704,0
54.39819704323989,31.19812386982653,63.74202456976965,5.842864408949437,6.262901806361119,306.2255778885981,89.56271312033992,557.7061774864404,50.78257510050591,3.246266116579881,1
51.648852816008436,26.060433041849702,75.66860369886177,7.468762625237207,7.0872590583415915,368.3723171816436,94.99076093309543,1141.866272662689,71.8729235230066,5.1301354984115015,1
39.246782213565524,29.059700401249632,39.95939598925349,6.437093899582944,8.558218312391197,126.86913475800358,71.88173469272647,746.399941201098,84.1814049178759,3.4628216239417204,0
38.63649934414201,15.894609008686334,50.19256500509258,7.234691009404225,8.73588644230388,121.64618712145976,37.4351890776185,533.4562687328058,15.682160311822468,2.463227153299979,0
38.66809019706868,16.352375861572586,20.84477979697344,7.197504933337687,13.196681731696767,334.5871088162189,82.00577899746641,1010.1854667351072,39.508703534407104,6.704808279715787,1
41.08484485919075,11.24491976529719,20.417455238197473,6.523039114925748,11.93450327413212,454.9184042016832,2.5867081725420182,575.3210979551882,39.98893615431479,3.414573827726078,1
45.49512863264476,19.66202605587189,34.407597227091195,6.913375416921087,13.777463745496329,311.3928003838188,10.274591053942107,514.823420057484,32.90250253945187,2.78690631730265,1
43.638900372842315,26.79233984001025,26.048431828345116,5.885504020825424,10.792572082681925,451.1276690280286,66.13737363753611,850.2976603952056,1.8015279896475946,6.738137407511974,1
40.82458280396084,35.738047419919866,35.61268207614522,6.876793409853817,7.933709856730544,424.39650922209574,29.124857527005744,937.1962042332726,74.43748970002855,3.6956025437610527,0
47.23705789444759,30.00782342376042,30.622597671703844,6.044769158526579,8.621240239373144,130.3415143179683,95.13862184004778,855.650192531933,11.040338939851253,4.146036189402333,1
37.78987721304084,23.06188970199254,21.711201490318896,7.164124193508302,8.558687386335738,180.78298975427595,43.606061209230475,925.2085191578906,90.5932538129583,2.207652650425601,1
40.84289297070436,38.593603431824135,74.55824878436297,5.66744826621782,8.611954621306012,363.084267662137,42.9364820389177,492.41920984619554,70.56626427200635,4.61086511285692,0
42.327236865873836,31.577356017274955,20.49338788333349,7.046277345770555,11.383713384894525,277.4005530200166,67.80795101909312,780.8144303072859,53.200901584586305,4.440876717424548,1
44.121399684340716,37.9049560858765,64.16492866022512,5.6998738131372395,10.24646342472333,216.27992545876822,76.75685623061896,685.614915270833,14.91457759674377,5.28497909273611,0
50.70351922786027,25.82763919816497,29.12887321517099,7.262378473788618,9.083393424693154,267.45354241919165,47.55587381251365,1178.6948929920975,47.38536742539223,1.8001995730237295,1
38.993475643167194,17.76712824379419,74.733777319976,6.108409036270007,7.192718149829733,278.0798585082538,21.400090171172415,439.69914734357394,24.4997866772028,3.2241012445909543,0
45.28468876827223,11.58480059094166,73.56775637539315,6.80878672966115,6.177113303537167,464.2209003286386,77.33086427256217,638.6353624479384,23.709027208876254,5.854461156782554,1
46.84829137724085,31.782545544515514,59.23406878215544,6.47500455724056,7.750677420701541,141.38331348198122,32.03512748736276,1153.4897552733776,75.65763244442368,2.019577031467855,1
35.92900825439995,13.639089940166023,60.33404898803631,6.232606290524678,6.85977123174945,211.892298723046,17.51107692938576,1186.7969465474634,35.25799815634912,3.0623540342025493,0
47.150897038028766,19.083253848159018,20.320348518181312,6.790883666366993,12.283560246817915,315.02592663308553,63.164018992501326,1059.9212861817068,41.565142305172365,4.909902425874959,1
38.41048247374583,25.97412723651692,79.09229396681613,7.3950459611024755,6.899983662511083,379.3147706522367,9.04536669903504,460.79859521312744,76.86682640021064,3.5058638114049168,0
36.30103185970559,26.93249763339243,72.66995621454886,5.582539494749244,11.793825898454688,352.2549155836974,97.1352675086055,849.0840226748323,8.901156314695829,8.95324062982401,0
53.977710745066666,28.01749590961408,73.70637354380551,7.337705711766208,9.085269518208662,476.6570950949578,63.2397264412137,720.0983941363737,54.51560677819446,4.641936459251387,1
54.31264066149119,14.987659910491018,59.554672223052314,6.718163310042027,6.587027117950208,418.2435699277893,98.58955209217558,1045.1620541563213,53.039411323573404,5.957745911466326,1
51.167946962329225,21.392122144649463,40.68721571927219,7.114628601538104,12.501840395452685,322.8307367897721,33.889342347863604,444.0193884570666,39.26931123400077,3.6678998005752437,1
41.09227538346741,28.515826813509,73.61891894542885,6.267749906868556,10.637044561892907,185.87307666940302,97.12051611903979,557.7030013157616,75.67971772816837,7.080007239584346,0
36.953442280127675,39.09456593901354,37.491015689071546,6.443685949675228,7.886092102908584,280.34969256089596,14.556224772862357,791.3560529781035,85.86010552021234,2.4518588730966338,0
48.684660530243136,31.82893413099066,53.76269260053217,7.237701503602328,13.157449394661343,377.35289767779096,4.069477234702845,526.1181303582616,42.88022757222497,3.090124606904649,1
43.80304987479202,37.67811271281873,25.983858340632942,6.329695939619646,6.362066510964412,435.18486993443395,3.298406045460256,954.1721141554386,42.053234589855975,1.6117830432387041,1
37.44076469689558,32.86636174942531,75.317337807965,6.56931913349817,7.614556865582103,483.89448976895494,46.487037059922706,1056.6137769118386,46.18573567036703,6.274073593539907,0
44.903538202225405,27.751509066772012,28.446227466272802,5.540389846168666,12.016375422446888,342.1811064551671,8.300419747859477,963.6159149021148,66.08116277497554,1.7443086328061026,1
35.68777042230437,15.760701074090337,33.49380834382444,5.817196011676085,11.675023442479112,310.767746921773,51.216788416760174,752.2269709119859,61.12542616290661,5.19108016895068,0
53.186408041575646,30.000569556775392,53.4880494876929,6.7833730159496,8.314173549795825,107.07676924845933,32.75005035089005,1102.710133002117,21.055145428619838,0.1,1
40.17559963200034,28.701386978797213,65.8455800127789,6.933953802127754,6.496199002822265,128.83962766007198,33.56289924741156,510.14890537595335,6.750581373940898,1.491282579112511,0
48.25044568707964,28.074075113717992,57.16107835617794,6.665201873568999,12.86462457779955,162.4419990549601,63.56089965451698,608.2708671192071,86.43287168351104,4.2771416345860445,1
41.23422152178822,24.693576039647223,33.92803476800937,5.786620072551221,8.50958110455922,121.90397247585123,16.30980061516202,791.6317482018426,24.496278376033384,0.2147132345543824,0
45.40136042355621,25.85969811967827,20.05658255164942,6.390810857155669,7.565707319426122,260.34529552197057,76.6553370339731,449.0708791034016,58.47370162215326,3.465638370062934,1
45.934205586865595,20.03327581354312,65.42903481844635,6.21018953272638,10.128494578887818,234.75141805554887,58.20309197786347,476.5486252532378,75.55942024693502,4.53160785794791,1
38.69708911051054,25.579380779269094,79.11243955466563,6.491322688070177,13.281817594259579,354.9416631473572,91.49446288475109,717.9546973778977,28.024907549246766,8.947967798915702,0
54.39169255529117,15.926677170354347,68.59478721836543,7.240658069108188,6.348372622747003,314.2660431733611,36.48406537675234,1155.1090373876432,58.18900722912359,1.5950277274562032,1
50.502656467222295,34.1552319208113,47.61239708939692,7.051722877317304,12.126432704247101,338.38830375514385,98.27149920671255,1126.7309546216002,10.711021703430243,6.180945060809825,1
53.78997883128378,15.573308640961233,74.22603568394639,5.667979002778318,10.57978582350967,288.79088117506166,57.58276467140232,772.7798866227289,88.29382999380947,3.9039827658647237,1
52.89654700855297,12.548988696683992,44.590860387101,7.280618395549128,9.403592932414536,211.09485942170284,97.34019561875338,513.726835608584,6.234244754556329,5.161466245105794,1
46.9579995762217,23.08738079071472,51.496045054608054,6.443534302299647,11.952643552840481,481.1301259785908,2.706065404711533,542.4861247667485,40.435720645687866,4.456428593466432,1
53.437484700462335,29.749223185181854,48.627786043741,6.987724289771997,13.726595395533058,134.5636639040556,72.7976322412388,702.0368436873018,49.3137317854021,4.4060709377561125,1
36.76985004103839,23.131504748006243,46.857432359931494,5.780078462528705,7.833649689301528,475.5563997861229,81.66215242927363,568.0593560694251,72.14336007970276,6.990279613342345,0
38.919657248382904,18.302623958539257,66.51144615763434,6.841439051414096,7.149178920576957,224.49521874589385,5.3173286676487574,466.38047551230227,11.90156653651791,1.753616947242286,0
35.90454577821076,26.745135516713223,51.60613443616952,5.972652035218916,13.303053961781576,305.06457814691896,57.896966401624574,939.0219868159977,40.67271764696589,6.17059846821448,0
41.506606615265284,20.410070062365996,39.00302732151296,6.3767617942818635,11.35162461965843,143.53692913101844,80.19422935894484,865.1589102341559,27.974041258910713,4.981648940995891,0
42.77354579378964,37.98603070379899,35.4894900595087,5.533725740164209,9.503888172495728,128.3724273484037,56.10387252230728,633.037406382468,29.080964412400604,2.2613763672460823,0
40.42698063547792,37.67935418810716,22.264839018046004,5.8032212758609525,10.586076562114265,271.81817948744117,6.381359040546664,1023.1587060418433,71.09091244587258,2.177828924886792,1
51.57475018303859,25.071154599162863,54.99170971298276,5.68416098624724,11.964911241409952,396.67895055187125,69.34472408983115,1020.7591101646676,1.4914850528649828,6.154583830904748,1
42.135066533871786,19.836519820547757,33.797684924062054,5.979488345876517,12.184255189645738,207.74591101941957,6.059691467330863,792.8015761702095,68.41752772023696,1.8050785069249446,0
40.61869019374762,32.11397241869918,28.888035320982986,5.700036180048644,13.359153446551716,324.939155574128,81.74688950164385,477.2260444095151,73.93585871107956,7.676139685355233,1
45.85392166316497,11.101388304492,59.22979782966066,6.883820053239123,9.414742311164982,211.46013620912734,4.303418330669439,1134.7755200810861,82.12260194578622,1.3448257535986134,1
37.818484499495256,24.243070181309538,60.872555469292934,5.558079804418439,8.347287280155161,255.44522435721632,13.73973810103708,934.928418832777,57.419362290743514,2.3774912187698414,0
51.043939615080795,20.089701828110005,65.12929353545996,6.735481001249996,11.117314134318736,462.5785273895299,27.51075905232685,597.6406553215608,31.01097954450171,4.616371943874367,1
36.491012873595416,37.61607655307664,50.21461378031549,5.781415661651149,9.325823194236243,442.33585019796783,63.33647922608,888.3636376273813,39.45112592939836,5.868013131364336,0
54.73773873201034,10.360090818180476,73.6432763122332,7.390322914355794,10.756787631591823,306.40701736705194,97.6359099631306,724.0171966621042,88.27624740586863,5.66687820673254,1
50.44489538593315,26.584446271550473,76.18056520389368,7.3661881462197085,9.359886387647602,195.2422509888315,11.782285261993442,908.2797117887663,80.3068143792267,0.9777269028362032,1
38.97431363068345,32.21990743199878,68.44225638754936,5.951006205041925,7.223966293425396,177.27356509320913,14.270766921391843,779.0967165848167,42.71733181894978,1.4726418826608378,0
35.11044234247205,24.550539625721235,58.13560892049124,6.728842596446059,9.755414013271668,481.6349412142857,36.887039670098034,788.3777201917867,85.87567063998301,6.456183713245495,0
51.30922856909668,12.56209090488165,38.22325721547132,5.556010638944917,11.527342575528262,181.086638604275,83.62191377553202,988.7056735258875,75.0659387865813,3.9156056226143052,1
49.13714687695234,39.173841700837066,78.97669529721327,7.363577086102348,12.394270461341199,423.26732436501567,46.72309527508142,890.9805968511806,82.09808754938153,5.7099485226526845,1
49.58014336081975,25.540312941282938,36.4481700315163,6.545974616383419,9.946610214372374,247.5880838142149,32.16106002558217,463.9621529953805,62.46795111183289,2.364982558012923,1
50.42540693371892,28.42558732957034,32.15941531942586,5.586446302835558,7.321903121683207,494.26393902329534,56.120383220886126,452.29885635704295,78.18886391157955,4.164669915058098,1
36.480893034681806,17.09829348122522,46.52924682719497,6.184999986016274,9.317501677195452,247.26229614511516,26.052319744575,644.0073899973802,81.25895272008931,3.209167744158804,0
42.169314570885454,24.504942553204113,23.410434242743307,5.653698923722469,12.290351430733587,240.60664996429045,40.115990724752095,744.196797230997,9.281492608660427,2.743964845523562,1
37.317381190502594,22.874484758749656,78.70966788030745,6.28588887874672,9.302874164936583,354.9854515510492,33.260514923204184,620.1780473434288,87.86952789945927,3.898562054149937,0
52.26206851751187,12.246875260059511,55.30601338498549,6.839852684322646,11.57224634883378,484.6067226507277,80.41410224146459,921.1678864559344,31.025178888765698,6.608338053812755,1
47.46596253655116,13.184810606424016,53.41712549985051,6.439779816082879,10.057709453424717,490.4838423185732,92.42557264380008,556.0863453804975,40.59095586250199,7.588536859749888,1
41.617960497052984,35.12417558856323,59.34777679398319,6.267444349438909,7.929785000875174,382.8824585867941,75.95721921569118,963.3128771169357,72.27133832735338,5.559511856110064,0
36.27116700572047,17.19459856619771,49.8214188666324,5.738314091080929,12.369204064184594,401.84254625454145,43.90835760299835,1018.5205935111442,60.84066750152479,6.081551257305519,0
41.21964643431325,15.848748144958916,21.923811025672496,5.989878091387313,6.673707632565496,325.3608703892111,50.43349774966638,499.45544607652045,81.37539211924516,3.7331782475365367,1
41.50366644053494,25.147343537504177,56.738677330423805,5.700286575476702,10.199122262041204,402.3102956529327,12.507369392943568,920.6449946903904,37.051637569909495,3.8511542864902752,0
49.59212356676128,33.06241394087539,62.97043261738584,7.114997463313322,7.6711282739472395,443.9118619881986,74.68647111345378,1169.1487807200913,34.595934730854275,5.812821145484183,1
47.75114942710427,11.858395557369638,45.00494363744319,5.770479655969445,6.536525028331005,294.4381212780093,59.64756793950441,554.2590538106774,3.8519964587187707,3.551720003053007,1
52.744254851526534,27.304237589147675,65.43773432427157,6.690746733097787,10.02347149666599,347.9449051320412,90.24399961374364,1127.4422648929235,42.64528390026923,5.779444983362075,1
44.44429850323898,13.5763132852172,33.62007796030524,6.185480827177692,9.99649724747939,314.9266780932191,20.06111435751532,884.8383594192132,66.16636932961978,2.3637323045009255,0
37.39188491876603,11.093831524768554,33.27659546397104,5.951956769310367,11.655207213405767,324.98824541147087,75.97261219326121,872.7558938653696,28.106084586359447,6.854843970563669,0
49.2648957444599,11.582318564866522,29.68501926125444,6.778936878984208,11.95800554441524,456.01916394957635,68.46716617191898,441.53814585669375,42.64538623064573,5.949390650218129,1
50.21570097233795,35.02492324625324,42.31968558734971,6.414004618753881,11.822331909543173,242.24673208222808,26.58455338097522,998.6402227091186,20.745799163675024,2.3858137773841133,1
46.22554395138992,13.539174508841846,70.820722123345,6.3002909345691185,9.27646986333404,183.2736102402497,66.73786395408251,782.6184421184466,70.55090252843146,5.211238114193436,1
50.41934359909122,11.354540932368758,69.67472372894386,6.685704009784443,11.0535182978125,282.51204410945167,92.43733805766496,976.9395134681073,6.446040520703239,6.5044478938118075,1
44.87591192728782,23.13699661428737,42.96945247781023,6.482535256980001,10.615561941151682,183.23407619250605,91.84359876671189,1047.3448827572847,64.48447495004484,6.487599715638942,0
45.45465658763988,35.319804158260744,55.3471241588142,6.106968417103122,9.372494048935357,299.36017026480766,71.96265745161413,819.0370986978228,35.10460105704851,4.258075149142247,1
43.55082036717099,17.87225129467906,63.24897898849494,6.618122575530503,10.777701553487946,461.40324214282344,4.80731125340601,610.9154506226514,4.743646244840871,3.7003050688451724,0
35.5083825348819,22.651378525777492,34.472406477681375,6.838997153101389,13.577983013650101,346.9734081929911,87.22643373201615,513.2579931142507,77.81226285626072,8.384023446080471,0
37.15782853986609,11.197675976912537,30.088465153684822,5.553386317173708,7.543149949451019,442.17314132123107,65.777860700454,528.4025023459315,44.89496768630487,5.548769047988335,0
35.628583713734685,23.472355424046278,78.32575959273866,6.431743457815351,13.246176766284211,166.4763678462047,31.043425318273442,1093.547723156639,54.93870726545162,3.7995906563590087,0
47.72820822527561,27.32839241911401,57.05343879257711,5.6153665691670875,6.427644111865587,460.3494370148707,18.72503617056993,498.86247650431096,66.88276223720112,2.358482185828555,1
41.287119621526536,27.127211612564345,78.88494331001984,5.872810828136222,8.467113703213286,340.71486576284633,11.620386299731711,707.7552584372547,59.956698970106984,4.218773468478548,0
45.17141382329406,19.972800765230957,40.26535922793374,6.621017468155946,8.305161988892227,112.70391549619193,5.0236899257760985,667.4197170312246,66.77711837331505,0.1,1
53.15132947852186,19.465995419894064,62.18190199844789,7.232377830531162,11.010920863047247,353.24758211401473,75.41032479507564,1092.3645333911763,69.6053516120072,5.7643073324306595,1
39.9858445829775,13.198708568097937,33.35621819247426,7.26561135837697,7.049799614218323,480.5587825043672,23.584299894327533,782.1548005554332,54.02363775081498,3.1023877814174887,0
43.207658460712594,21.003949619388052,35.672010276434776,5.6398880202772625,13.05878089471803,131.66680019014484,2.425293604325507,1197.1571338785102,33.907404781698105,1.1764937934470805,0
50.11102277086097,12.98484006618894,50.714127276177436,6.3382101725734135,12.628411267720331,332.9824521878288,39.72706518419893,989.6437970425158,22.882793474470837,4.354857512635174,1
39.575963309832446,32.99787834136155,39.17708753048427,6.666012966009102,11.216526557482222,466.1914411478859,48.26070805923389,1080.7388603234285,82.26129129875085,6.809871051880792,0
36.53959819657586,38.98822893244558,30.057293830435068,5.794139809100686,9.667310654337582,103.87806733374983,16.92302309001269,478.9378128213399,88.29323601743982,1.715125294363279,0
40.79502905827536,39.10223370000121,35.77284211935956,7.030864433489543,13.463648337136627,352.36517058632927,4.404833616254978,602.4818042119167,33.1896479588388,3.652537338869624,0
38.22442574508009,35.95213298126181,22.14490366795188,6.988470516874478,12.645972437764447,289.96091673238504,18.912548309806887,508.3569564574626,11.10796561650702,3.4708096288898207,1
53.59395304685146,28.023764480188575,62.265417288649196,7.306682027413589,9.994521184649958,238.79572745944424,67.91027618365743,770.8975779204477,21.028359440478813,2.9472542436864346,1
51.16240759128834,31.025970917316396,49.5269994251517,5.516972024166886,11.61498683563449,351.0145959781504,8.22436772512064,974.6299905295278,61.360061138847065,1.2296387276814778,1
47.66807513020847,18.556174080412422,25.65458398427154,5.933368487978005,10.535439617437476,121.08083783496677,55.50370305569938,535.2508545624001,16.564003296249766,2.40838760804829,1
52.429211803754356,28.92311260517862,30.301639587709474,7.1543734284906435,10.703537907106117,401.2252185149601,14.641198790816667,504.13483565579105,71.21100457548893,2.626165012656609,1
51.07344153798229,23.669486483196323,26.15207228675864,6.841160101653871,8.64780855549977,101.79179076788304,19.568917358041936,891.6869990243523,84.07272158872422,0.2981130302831855,1
38.73140117772072,24.460520193307975,56.75556849655259,7.288779707396982,9.696676836999174,222.7742975169409,39.307788326669865,584.2502030107391,87.72863635709625,3.0792988708424507,0
52.85117996979956,32.73329681125474,25.65262181674963,5.614359309060533,6.624971446317954,301.5834550738714,10.082533605373134,783.4600574029928,1.8392955377401612,0.1,1
45.786844838313016,18.457550667917552,65.25693998211297,6.693927931432886,8.85878953331674,250.80890022662066,17.320350278221287,440.8941821821742,87.2338748458975,2.626095502260857,1
51.14880310328125,19.541188350835597,21.23065515922347,6.638093149787348,11.566628122897216,222.990374082233,34.895241145135415,944.4902496539719,67.61749772166559,1.8320138211972898,1
52.92182599846986,37.7392537338591,34.96254727975352,5.571348832721065,13.62572824404949,432.33405818723844,32.96690054983669,833.0531053136428,8.564520903742203,3.3489445944767975,1
41.36006949943728,11.686728845529167,73.44000055351444,6.527044153824967,13.704512902104163,473.93302970876357,74.92714856757318,917.9383191669062,38.37164219008538,8.721607441834545,0
37.201038490553536,24.56902895240021,63.11187908733476,6.719040622619849,10.445782952999133,449.4850739623555,7.478230512642437,620.3251040477968,64.00409271215582,4.280590941250001,0
39.55870325083883,37.384024012235855,24.37809997554126,5.882586348404215,10.852978014476657,308.97252521999985,86.04507356663434,622.8823802892249,87.10169433949444,6.912997671217436,1
43.54215577252513,28.31089023454471,69.26756626911079,6.046659166249325,7.48576948400774,453.6656700773932,81.62321707394548,1041.0884264726064,15.772725425025332,7.193499348113875,0
51.36029531844986,26.392212226363963,49.58210729241229,6.780694692595474,11.562464864748247,468.3446260726175,76.59916396919384,974.849850387861,12.49599537342586,6.392026382788962,1
52.21461166512687,17.492325376880657,70.80698163012975,6.436601895199916,6.56527034139509,263.6953588189848,30.937236246313248,863.7829209588917,43.511234793569066,2.4879623702539564,1
35.13904261062381,20.29826467193345,56.04438646702361,7.216027315136653,8.277485486395555,213.37834380217816,82.28817855407875,902.5147806256643,88.12890043646404,5.616164063706971,0
45.214946051551316,35.561452474140786,60.90998192197152,6.184763532018376,11.346906778283538,139.30608232532813,18.28020802892808,475.23534360088433,88.42412937322095,2.5020357104746234,1
43.34822006297558,26.776543953053743,79.61009362374249,6.033319316776402,8.482481052347914,291.63676841969163,12.440920585502823,1084.9370435610028,21.51232669476184,3.187513270963648,0
39.442156209414605,25.442265812703397,33.94013275544109,7.469731880689686,6.398774992915635,478.5187681753766,4.4956333489487355,1015.9256264093301,29.741243317431163,2.090988954512894,0
37.39730734667366,12.987391406200867,57.4367344856833,7.322271540260167,12.65496327480771,324.3630112281484,93.9310363005576,872.3932270587582,82.7228787080189,8.371472859275105,0
41.75230342807256,10.480844693653694,47.6192834034439,5.55798548999796,8.482640057076505,367.0248407144686,30.80108977052737,1134.8761048807257,67.13573417668577,3.1238140694089616,0
53.858194078250385,38.91055566061147,22.367117175361486,7.041457230613132,6.504841798869427,145.15352739673904,91.7617880177906,534.9103261595199,88.50847857918565,2.9566156110595294,1
41.464058640415104,21.309585018605247,20.8682384901719,5.720669547650406,6.5983053160229215,157.40786565690252,27.26135615193297,949.3259088273335,81.38335267139989,0.5282535791477363,1
45.37581243486732,28.09639186298513,27.15371466907152,5.554970389658742,8.014070390310028,285.789304783869,90.75659593363496,1170.3854221217287,20.3586445282369,5.241504706302625,1
49.060379177903556,12.39145219561855,58.94550443231289,6.047391031932698,7.42412757777221,480.5059195934903,90.39290528460883,648.0071716559366,69.37541734714151,7.39987691304151,1
42.27259204758588,30.493428571691396,54.02978527480353,6.038691758122209,12.194400942241206,244.31385663661155,92.36760450107128,412.2338512540076,5.370870840410495,7.127509656514891,0
54.435641654419214,37.97700126117883,53.20577366982364,7.138637524693929,8.573472373336276,450.99361652701344,49.61534392841938,987.8939735753065,74.60495008673266,3.9152604583746204,1
54.24894589884222,27.26995758992259,21.911405751695604,6.92133449188567,12.43756628031866,148.1154373702846,86.5946286798892,405.58425956490163,55.14010862001473,4.01017715796419,1
40.035645916507285,13.783459671262317,48.158179781600424,7.463218854664029,7.390767982585222,346.80688277348406,95.07658961673202,1098.0269193457336,87.04908663728155,4.7449886389598674,0
44.94497011784771,27.451645824204302,75.4773690705517,6.923025800623637,9.943033436352671,340.2451907642073,32.461694189717946,445.0410016828559,87.40292099221706,3.7750965759041284,0
41.017566196335395,32.99041639313957,43.855512158638795,6.336511106512096,11.50429706842503,443.9499000281074,41.887440568255506,922.2117838975017,5.573359812191974,6.257156286128099,0
40.69680988754935,22.19249609722056,57.49534818730738,6.897855321890434,11.21592683092684,101.3266817619606,71.9240187335744,701.7473155385203,15.446933700019105,5.1378313576058705,0
35.737738947090655,36.39513243824403,66.78912053738861,7.498918134372804,10.80903527944215,175.97266687902885,30.03598217233009,562.6725229733863,44.57863425868224,3.047556647283421,0
47.19128667959794,29.460488600720936,67.03551674851326,6.920283765125056,13.39857281544936,187.87505017179268,75.38093089126589,1118.6067198830633,80.15441724515343,5.785345883889754,1
45.05358046457723,36.977467548676074,51.15680494371628,7.023362711960637,7.828201181653955,479.98643523629494,7.389214521353393,996.9966815414898,74.30006280664507,2.719276047850756,1
36.02957502499979,28.705159337420117,71.47711672414019,7.376730030380519,9.949753635696844,161.47746250795797,52.34983842885422,672.3524529146081,87.79330237166009,4.62725871836264,0
40.572929284732226,13.938639160144728,43.48268560182482,5.727302522623367,13.071940400579269,114.78494008822415,12.23134840837452,627.32247428578,56.62757054002067,2.9817484878462053,0
53.165317719333075,19.290751333155676,73.3215928870879,6.909568586895453,6.623150124761256,313.7845978967232,29.332347643667646,988.8098353289115,24.090716760545853,2.263189284147231,1
39.79123781333945,16.053848447573706,34.41362998373272,7.2016119159348975,6.447106146024602,311.42338497347265,25.8625392486472,1069.2566100850645,3.2595975554659598,1.7419000191158256,0
37.89789744182446,37.26479493150587,36.81298441943426,7.408757200441786,7.866418300466331,437.6187861471457,83.89320735626661,972.6803714366475,21.063384164849403,6.508417727070404,0
44.789055205551264,32.81200201862448,23.187237451940067,5.921938579423399,11.064169756304148,479.54386007112083,19.351725540619746,911.9913800285931,61.774587815826216,4.519960729237939,1
54.71300908221201,30.291951067300182,67.73491019253697,6.507858015448488,8.079037011598455,315.4181768560524,80.84479201591189,582.3397801509191,84.36473410087119,4.16442594483669,1
39.84110543023001,19.02898958894865,45.02331417396233,6.861109695288963,7.521919070470392,471.9976729678622,79.3960345907922,1082.2431866211778,29.88133005774383,6.430630894490959,0
48.44271094811757,15.521343161506405,33.74699683468394,5.994935459002675,9.670418522866337,390.0636605199319,49.88830555572299,999.7295867666999,79.81338972603659,4.44916865619212,1
50.232392306574354,32.69353263966735,33.90741665699478,6.700945726500548,10.908784550155293,205.82365119823402,23.38432555961296,813.8194318131316,36.54084235070408,2.2900427184479897,1
39.752750879847994,24.22473837637239,74.08399647375398,6.015157564995999,7.988461656133923,471.36828437757055,22.689633995622273,809.2702098134246,28.74441244316953,4.87043404676694,0
49.56432697223719,16.773686564518876,70.0349960276622,6.166914041063294,8.405529493789937,366.9772704727499,46.49246471158478,855.3384222458772,46.795981852523624,3.7564770337507385,1
42.355662654385064,28.498659344958252,53.211853121431,6.383037393021731,10.90847443849211,265.63837309705355,0.880900739351631,1062.6211153429301,40.80461431686537,2.480151497455818,0
47.64611661187159,11.21001556415356,56.96664802494327,6.558380197493134,13.565907375915621,372.0968338067723,53.135075461136616,993.807639070046,83.24198816653163,6.2559782402191235,1
47.670594215217896,19.785107623847605,48.459534233017465,6.398731743250301,11.397933819504706,260.5251310975003,95.27795257670554,1084.9959951567066,43.14312526673139,6.594386841741861,1
45.71549368149517,24.05670983773404,43.49999257272853,6.486391039575858,12.26323314867648,145.6735071951837,15.47068818625965,805.8262173269779,25.960184850076793,1.8610015760892082,1
36.80579540108817,14.438750023282175,74.9286128730999,6.097177512576585,8.934480758043751,387.5914988707599,57.33456214756034,899.7192472146057,76.83090197517133,6.290882953491507,0
51.70604991178476,39.53963432772519,27.536762211218125,5.817930188045262,8.178034875075728,429.6350448682975,96.17786886444568,1083.6574455167838,90.887456049361,5.284729681490522,1
41.41560129943472,16.272920937688426,45.10680738297368,5.594699954653679,9.63414194562098,391.5224796077551,86.05221394916002,585.8560481413723,59.33542772631915,7.873061225547925,0
38.73037020799708,13.910593901297966,40.67371447927252,5.891957444983335,12.45706262969339,191.64586710267062,85.03801163813402,755.2165442049792,23.541523204272277,6.237102019252087,0
35.81550283109528,16.10604621660689,49.8890432150689,6.663887283011566,9.650397134324447,482.6540053910452,82.1849930396189,896.5217895835096,22.493356931186135,8.474143915618113,0
46.81785886376484,33.07183399479173,47.457912472710504,7.072230895606265,12.773803270318888,110.10182467646237,30.90236060561856,1132.1170058864811,6.193602659373383,2.1303749158487166,1
48.55128723684565,22.765169778155283,51.13337189906488,5.838495194885789,13.910175845561017,233.07411895025623,89.06168312668122,412.6688088369,7.956373466267638,6.750171338033767,1
35.331756578557126,26.96247819257614,28.395138633619645,5.717110715545297,6.576213325842691,204.03697381395818,94.1340351233171,570.058526538582,83.34847856644862,4.305927546238586,1
45.24186116598562,10.630274709590822,50.78849009079663,6.9985807210985005,6.3632812486696295,119.25049104594038,49.57924232990394,587.5604062090323,9.683839634459549,0.7114409763746471,1
39.52991550395876,11.032939257199438,34.54512883323265,6.110316661074579,7.196717623306895,262.29187719546735,35.457104725945875,661.2901442094353,44.590946344910094,2.5580391439470884,0
47.903455808188994,23.374766494810487,31.059880939291475,7.402998878454705,9.07495740587477,349.24593606510985,41.422901560585615,625.4292963365431,63.83096017238604,3.993980024611033,1
38.48732858009983,34.49965729604871,23.890053127171473,6.928635941220746,7.048337673163459,453.0211453940405,33.420644183126555,872.1110284497909,77.53193044962428,4.42861332545066,1
48.81875476204932,36.55716636122696,65.75915352536845,6.153512094486062,12.965315820950048,495.87588647658805,21.241844202454008,1108.4962114037962,16.414385522835456,4.774534474900668,1
42.734706926010745,12.601197027869206,45.646515251393595,6.07908549558741,6.18517000821651,423.23583456175925,61.84484702528894,909.5822728579116,40.40008112128211,5.020726095430524,0
53.73459977473469,26.150893063030683,57.5986209987055,6.547396772542618,8.52634173068658,287.47220748512996,56.25968862453229,593.2212471634873,23.633217551239973,3.1074839276276807,1
37.75041888291987,37.39689058837811,63.6556005982846,5.658289336556419,7.477557035953643,389.4817703868123,46.258507103927556,1091.0022800560678,24.024078096994145,4.9624697647510345,0
41.82132702100517,21.639182631936592,60.75899991881321,5.735353025290598,13.452314641260259,437.44951543585626,9.584538668483178,905.6366313180106,28.345537673800827,4.917438196333151,0
37.26947042481178,34.886974942851054,48.23004314538093,5.851715762632385,11.355848039120223,286.1228785674725,79.68929647059998,575.1696999903213,53.84045929766206,7.056953525997544,0
53.49387236557126,14.010869631983086,43.27391173710379,7.04944718660912,13.296242051610996,414.02177361019994,17.49335627507892,689.3332297332026,2.4919724517029387,2.63425017442043,1
52.54678706761962,38.06183469003396,42.55759457843982,6.527714718538245,13.778629682483146,293.0609673251507,11.456204339604813,1031.971845391826,37.78896576839751,2.0007086914366754,1
40.15883255430311,32.54269952593908,58.40292781580338,5.521134245548886,9.976785949418954,254.5983963506891,62.30713954829474,991.1449451896914,17.81471217095133,4.770137077753656,0
48.199680920683576,38.24003178360705,49.6876612965124,6.847033054944218,7.87455286438421,310.43633511350447,39.864436123772315,861.2658956045141,88.04066576613714,2.32313528496942,1
51.34444400402432,30.298517006575196,70.94793487931064,6.347380357320994,7.549830289572714,370.34189505085794,5.980847535232947,515.8140021924495,53.44562433252793,1.1800700648921414,1
46.10401623198925,20.90211795998281,72.48211905960272,6.521704729927595,7.783350893486724,390.7528225274389,35.55683549610582,1042.6314378516033,79.12859219472904,4.203186705711619,1
45.59301156712013,38.145435175741675,30.233622680391107,5.928232486825872,11.668746460976024,242.69450755684315,77.17803522849628,646.0340228421985,18.61209880926508,4.602551518257927,1
39.83704581800903,18.267003289275355,28.17401909274354,6.603564456788208,6.323565824984006,328.52810062241394,61.52492052170976,1017.2783511993299,73.9014129391409,5.258362595414095,1
36.862055356117985,19.965175661851976,57.82405556215997,7.458306479502977,6.410888584261719,463.94834963217886,36.27860229869968,918.053092609807,38.330421517471,4.173322829503892,0
52.944315159066534,31.02425254005221,38.073544883736766,5.646889382011523,10.865143539065201,490.5251600442559,19.18047916345881,611.3362253148146,16.992521996446218,3.048136330916545,1
53.00836114326661,32.95948898576159,21.114243125905933,6.067834799328861,11.136457173899252,190.8992364735818,63.179562080477325,569.8953825061253,69.51206821494095,3.0812455660967526,1
47.66202914546536,37.882104515474616,73.3185601617773,5.985995185721659,11.322103394579681,177.1324662853366,88.75553009463553,504.72793860617503,69.58099878537529,4.94065544436534,1
41.780595820974014,16.144072271686284,33.614046034628494,5.997098621502359,8.97504403670873,370.67425337145943,64.62727180159138,593.5569892704926,90.62991161776549,5.386293733492884,0
41.98419149225322,33.939941056576714,75.75683910114854,6.257412715130755,12.447559109713225,265.8735543293775,81.29038546502242,526.263217959312,71.28435356183476,7.2919332560800765,0
49.51911357740479,32.156381601908905,63.04606705269522,7.136219569488335,10.268996701812942,109.68893536725481,52.1527838554371,893.6409982302011,14.074052313441507,2.382097127134184,1
52.94220519905154,11.913836687607937,65.75920939468907,7.325717379928775,6.8437250400753555,238.74474825891366,71.79711067410288,879.0264951818028,30.029026760715542,3.297999663621441,1
52.741728485302346,21.61669423630621,32.08768974758962,5.904430174917946,12.37679445653876,422.69789738890086,89.62267737783523,868.9376481062377,41.65542255620314,6.859692675257112,1
50.597510917152476,18.48296371180296,34.05166553700877,6.585899875896225,13.624542290163667,418.970772153273,77.31789782586551,913.5118473798707,12.398752513881558,7.6009513927955235,1
47.84063292308576,19.13471273062091,51.276065229443944,6.77379794433096,6.480290504018869,297.8740595266328,90.98539533981457,1051.8276271716531,71.92350770030326,6.231039168514316,1
36.68279929990098,39.488406386641024,30.32599115899173,6.54365494872769,9.130810709604638,289.0311739550141,43.113960211605985,1130.8421692398429,48.40286841213278,3.5928525401103584,0
38.232574281892276,29.283322404397836,38.32590156098193,6.368152788393839,9.900128358677982,331.802976973751,90.42202551270566,584.3004303214097,86.00046121861782,6.374226891285243,0
52.97108377054158,31.530284733804987,39.28774867686827,5.883951011718476,7.1717660806265355,187.7586842254304,62.15672344817076,870.2195921351406,54.03773300732382,1.9934323783963943,1
47.1285811931918,39.29852911945028,29.577795995165843,6.476438718398477,12.941671582263016,310.4174499563822,87.00487660816937,462.66897699781714,48.06091753644285,5.543542824182119,1
35.18394103233259,21.316053473729163,32.31097000370964,6.3024296554226575,8.273197159120352,104.41854402265935,3.93765304378354,496.1139506844761,7.42826376395779,0.8679378925715722,0
37.02943085732064,34.055205053584174,67.3131105204954,7.091126725004539,12.26406831950528,290.22382191325346,65.78523819135361,923.4714503691124,14.441131445012001,6.694569124437295,0
48.27003538216111,23.03592889913486,30.031751272836104,7.027208718325991,11.367955856226528,234.42041850023702,84.79750788778986,789.2644493523607,77.4573469087736,5.219295926967652,1
35.10123167692437,36.0860101544494,21.70744351063535,5.767997362411341,10.784366579736187,369.94784236146387,17.420203364319974,1006.665669467547,90.16083800432274,3.4721412971945327,1
38.21616102834997,15.419726239339095,57.76129655773631,5.677038105126135,7.537142789572435,355.34143366105104,66.17869334649231,740.541984792457,38.366122230844255,5.462445737351751,0
45.97467578733172,38.43058531192839,78.558987163547,7.3163078864550055,7.765628164407246,252.3343520731236,82.49547142166314,502.0787254663505,73.90774753524362,5.274814847122519,1
48.83790395385387,16.563151252326392,39.872828877387285,6.571016777928995,6.3787872379725545,102.90919259143662,28.794936963263705,1097.6429230646604,57.48271896975866,0.1548260563176013,1
48.03922519005201,19.786615209427946,27.11934219177514,7.2156018745651815,7.925699438258131,200.9094517579842,40.5246327906392,466.31077691625785,87.31533463045423,0.7193311648897129,1
39.4853861892112,32.68576702320341,54.22323952205185,5.616302241132802,8.763548875684112,353.3391400756649,56.95177184992194,551.1717140283056,22.432351189968394,5.08344658149373,0
49.24358442695072,21.8126542469622,74.38125266573877,6.55303123304326,12.665162430899404,128.9493372070018,51.91676888845621,621.5814927694807,50.03521687071487,4.890715208471637,1
39.744981749936,28.2463413029934,67.04370678970872,6.578853029152473,8.931141333718443,143.05696873338553,3.9189393037135645,1196.2244856523414,37.79162365083361,1.4671405906325639,0
41.507993963185356,23.337205032082856,57.35095210476296,7.2214040650843,12.03697426212485,358.8140098268349,9.867209808541343,733.4878561407871,49.75443783487137,3.679010267297857,0
49.92982810236048,32.27109811269345,38.90338979645596,5.695219996459415,9.5155382503639,402.30696037971694,10.046657930436131,801.3668243824919,25.19722750769697,2.7381638675369033,1
47.992657980944294,16.849937571058327,52.5128103965732,5.980891127351819,12.278946495951107,228.61988320508485,26.2267905499175,1015.7574007790947,45.79715464441696,2.4426107365523935,1
51.98446820988356,11.75373961710631,25.474690478255322,6.313076627774026,13.810172803496318,295.8692262066247,24.586411280244924,909.132468271051,57.23237320522886,3.4017503372212885,1
48.15225784600687,18.997881924191987,60.7367254568402,7.231682950839884,7.918732464460641,478.28454599346344,74.22223837867996,1073.1365535530667,8.309429559954289,5.6815965988099855,1
46.36617206670943,24.229259946052906,63.50576113385905,7.377766630141134,12.89873289571101,478.2174248703878,57.27443860161445,789.146766870315,67.86885293268608,7.296987570365365,1
36.87349535656185,15.040601565780356,77.90189737459514,7.485449239187256,10.974592690446197,223.00110978537202,76.39760846452411,1177.7421499945776,64.58706668443756,6.673254978118912,0
42.35431606118867,20.64391868969166,35.6238415247043,7.418386972917043,12.538354092709238,423.99515000683607,6.989605741087013,1037.4498892690463,80.24118413063367,3.3146600211748973,0
40.30404735363451,21.999490548807056,21.107385142581357,5.511883511688708,11.212687218142442,337.5776211227435,48.521423747160064,721.0923106506121,39.3270896628933,4.255202481948742,1
39.87979286758167,11.721755310648206,52.73650786562904,5.595416682907744,9.391596058193201,490.193797340152,32.37755792652695,705.0174583561984,6.550221935324596,5.461272075222923,0
54.46021109504891,27.499217445526135,62.40743026380887,5.795213638315177,7.824599515534323,291.0454278844386,84.99393107557464,1143.5929536353742,42.53150161195182,3.4474486958317545,1
42.861954493335205,36.53030283913863,67.42444855297927,6.197724193540546,6.56028180264932,409.8827472062246,70.77891569099033,947.5325086517738,13.38482548557653,5.476283366543099,0
52.84093110354227,14.552287388591573,31.624335981488635,7.159836061973918,10.284146915685735,407.2548518459484,86.92584708267962,897.1469076205109,59.2702132169636,6.018259563708133,1
47.62277251994526,27.934240402045422,35.70517214222142,7.285312390670961,13.922608756214924,298.9731470532305,4.642712240606006,1006.2645099470487,5.241837171817525,2.20582002513755,1
50.89622607083297,29.942176147325387,50.755455516037784,5.873668812589166,11.90433444011365,418.2520457189231,72.08234895666004,848.6670624893692,34.659676560492564,6.201186745253986,1
45.052741862103844,22.58004041257865,39.83604859820011,6.739328303239417,8.618764331192132,204.4161333227986,54.0008352159578,527.3334184685814,8.455860863874584,2.072207288041625,1
46.53807769252718,31.0329276209281,71.6306891952467,7.334723970130553,12.617638400693881,148.90121451609156,82.50000290155658,655.3723696627449,1.3029790664442977,5.035706363166893,1
44.85035387637728,22.32194630473036,48.42560922432322,6.427463471862642,12.151872001411252,270.0654978621265,50.7160590925821,846.3558909671758,87.45015015114326,5.128823406805455,0
38.90485975596089,25.139118639323048,67.97471864612018,5.707087143905568,8.253086346827654,477.4522626534339,54.0209077901909,414.53425674173354,90.65146132236522,5.693637675532204,0
49.44904230523011,10.22059133663281,54.83718562894123,6.41562730016925,6.1144599183538775,300.2978432810115,5.176738094206512,749.8805639705822,50.99526563786318,0.1,1
40.61544724881712,30.751603424040663,66.38540849702672,6.251589804576114,6.945301108271597,354.1036554587708,66.85228650359667,1004.6423034207494,22.50602649509355,5.931796515155656,0
35.48631932862908,29.840280368341734,39.96037919181943,6.655315992132014,13.01844952249646,349.6649823631501,27.313987560505005,531.3872036130178,82.99891331277917,5.499313775621713,0
47.909445918143355,11.152026319790338,69.88499731581868,6.377317368814207,12.692504282438975,153.02914690781216,1.9693922178820489,451.6471601255246,84.07329373684959,1.1316014333888882,1
38.54221358814098,21.047503221853994,36.47433893306129,5.534691853707436,8.3616720070269,256.1187529508841,6.6437162506030045,1068.823312582159,77.90580020536353,1.3515007071621876,0
53.80917168705828,39.37095522375002,52.765928480197445,7.487995466827343,8.281563410275364,382.77558916874995,95.72856089660256,893.8190947706896,49.99329861106438,4.985531551384542,1
54.07857154005175,22.622096877058503,32.84042679043245,6.587080475461142,12.342919896819769,488.7960394322905,34.6077289579847,541.2631779915712,7.723194480642469,4.472812348038585,1
53.29728780440897,25.05836215395525,48.5315912975716,6.447261510969219,13.501899759163376,167.20709531881045,86.8075628621159,1045.0439844665548,8.959503478311804,5.431132729163168,1
42.40317400510889,37.29790474479155,39.09051257052219,7.409234743008108,12.2330980543808,264.17675613564654,95.96772340692559,926.5035771897699,81.69578089413896,6.264356915540996,0
35.30913233057735,31.517856275972694,36.002205838232854,5.811720735174154,10.844629416246093,138.03751992109176,94.32671888373227,667.2954157187505,79.82441627115064,6.290182646485793,0
53.566371251754504,27.462103933726706,78.01910108168225,5.8784752050904965,7.941370802654436,196.95058385970242,88.17252406994201,700.9570175693914,40.095752426309595,4.708300465335321,1
43.563682966346285,33.93414044023218,29.60444632920384,7.116029498125567,10.205983312762086,250.7037373304601,89.48439124613009,524.7105305496386,30.53391575287828,5.601133098115404,1
54.33309638087339,35.930987993679196,67.23955024744372,6.021662160050018,7.868094868746117,316.25729918094015,28.90080443409515,1068.2044753669923,58.971152812969194,2.214830598432857,1
54.272399541785056,23.706642152118008,79.04989756899289,7.098454212583054,12.464091360774189,192.2267528956324,15.146989026035829,807.2053213149936,73.62891534299725,1.16250735442456,1
52.060189109347206,24.25325094795506,21.19408902440467,6.043066965817005,9.095688636141897,191.0250644714743,63.92625620879237,845.6152613149284,66.85164478466389,3.1237098829376206,1
40.888977841391714,21.581528069555073,61.9416448425257,5.566375260450003,12.66957773595221,411.13199165608154,48.81055918688239,1106.793532158198,56.40426442456357,6.167917462286545,0
42.7019545720385,39.001184200553816,35.174708333377225,6.534029447773432,9.052873743861802,485.0566651787525,9.874671869517105,412.66449316247514,21.835994000034827,3.0387048410786868,0
52.02273343033714,30.914987628710513,22.42926945969827,5.8933728682537225,12.59319524159913,229.44518710058247,67.75413160224109,453.5384500186336,24.62543822986436,4.017143035911527,1
41.33844010312555,12.496691986242169,44.17337473739785,7.015692585864942,8.666542521321936,375.19680745427206,56.286000748477335,529.2631854878521,66.16607332579315,5.280349441151998,0
38.38985493372185,35.88878869939055,76.1130686102525,6.782399266464296,9.521061636941358,203.23218454316827,86.30674008104391,424.0302504705165,73.2357867205928,6.59576400060765,0
46.136025249167005,24.416798225088044,20.705905662019862,7.347205335955835,10.92390735474126,471.1809019862528,60.91837956883987,926.5249252995196,11.45216692896309,4.927106138705958,1
53.723095483215616,12.062617192674624,55.273141515786904,7.065976714531471,6.562300912239349,369.1609440661593,57.39461797217537,907.1035745506566,17.856734294017546,3.6206925942970365,1
48.920595933499456,26.491517654899333,50.083788715719464,5.861551909681454,13.585656494523715,421.070741855028,44.07517233326279,568.6415223431885,62.24232359596343,5.408084094766053,1
46.4012234017873,22.51492836927106,72.40304986226285,7.100316473329593,10.588846288990425,119.74161727966592,46.27870698888703,519.5251559093558,36.0087928724261,3.206904685972597,1
36.94352987541537,36.33248214587874,25.04010287123754,6.783474089628046,10.062560117526418,339.40238729624986,95.43812269791161,516.5477611092854,51.69635805439276,6.769829543302047,1
47.3001445339834,16.11983810828162,60.89156179319902,6.83790328352125,12.715151768959297,311.0449325433529,13.844600940023932,1162.5931306549137,56.33334573900725,3.8369559734341507,1
54.801077002085265,34.79393828476549,60.80658190599664,7.164525771940298,12.92610183917462,217.1987627646128,44.621881858218714,954.8036228997933,70.85831205405987,3.341633561853892,1
37.80168030473048,26.730660735563582,60.144801011736995,6.64764813837788,10.178083236232128,204.97199402292722,65.58272339268429,868.3430627720634,73.51452556452168,5.915652670329137,0
45.36659304727473,11.638309096404072,76.54006969610222,6.432007028706026,13.418098606349098,332.0099209267879,43.30106455903996,657.9894974440754,26.208662073531084,5.039273726390552,1
52.54746143855911,39.15535903976454,69.38525174041283,6.773282070717456,6.517902128611845,382.59425400289007,28.321562704075774,746.4345583270317,49.71670560299542,1.7278111015965738,1
49.81537235508409,25.378457323095997,22.518363574610362,6.095914857916718,6.90580633800974,113.26910281407558,28.735737076285485,471.52470495936615,12.117154475969224,0.1,1
48.94031481990536,18.726305626947475,48.26497104227079,5.865194262174199,10.77430584011552,326.9606327694818,23.365604625771574,1198.5215104440013,76.78136518277938,3.5039346254074575,1
49.049681679742186,24.082205259677743,43.87718337208001,6.733175676142492,8.83252689434867,168.18381157865144,34.390320058308966,1004.0683708573079,77.0903144499876,2.552137674082258,1
42.1898230243951,35.73573350552467,38.608833265448126,5.967696738170956,9.71380132951359,156.14509255444023,87.1674775583567,897.1625254625824,27.95551470995108,4.364504599624965,0
40.871836885289866,19.147093731551905,47.080203509245834,5.659830218693213,8.624633743177332,349.2477952378738,50.52245503229952,870.2137561823058,15.455818667983827,4.368354243279439,0
51.18722310957027,15.78029189460101,43.05165109555865,5.501108369170508,9.237802491559485,224.3480468869892,24.023872807781842,803.451497626538,7.308260038023992,1.0877596461325791,1
51.20226789358362,13.872137407926443,45.94003399271992,6.7166388028001345,12.581170777170396,276.3520932539456,38.45267170265324,605.9419421397566,52.74787977204274,3.957134859930341,1
52.341446371602075,18.93578195170634,78.75571193651855,6.224297566960473,10.747809598834436,243.99952377590915,10.583041207856802,581.112322767787,9.228529035989183,2.351090848507088,1
53.26481105112943,33.401442611201304,25.317978484974844,7.004621941346912,13.978756394267986,359.3345280610095,90.40357397387379,839.6259657513795,62.253536015853996,5.958850238919425,1
45.22684797721875,24.14879095585785,75.3338521903238,6.2503527966262045,12.295033582567704,288.0479064265876,40.8197832091432,456.1606516463613,62.03137609307317,4.925347811146561,1
45.03032589374399,16.8244481108062,48.8142028082616,6.472006896476453,8.189330032814613,485.383464815179,98.03912045930757,459.5766390948286,56.25886664184621,6.696818704475294,1
50.9659035793355,14.985549988292476,57.42453472997247,6.31416994563077,8.11476094181357,240.95310364258614,34.753877326251924,848.6508825282801,79.8904451676785,2.4641279289988423,1
47.999278615555305,19.981884295311374,69.81097799706163,6.8011495822186925,8.687186160936058,396.1137361051341,83.6356047227121,1135.8496385681915,35.04526234562186,6.233252946371833,1
49.03933754515407,38.19773118657126,41.62778174895533,6.212278324029937,12.746075845181942,202.9170270332178,25.63853132914532,1131.4174809038836,82.20426243621198,1.911155539105228,1
50.91585338872202,20.29080137770073,45.825314485278014,7.427535299884617,6.218301205204525,303.5012370504587,7.615289337760222,408.66264052863386,4.323283196151776,0.2016914307224928,1
52.800106836351326,39.64372227863906,44.57110881672284,7.37229397319706,7.841450230970062,321.0279007607828,3.1733361673800697,485.91537251795984,11.148128912926678,0.1,1
41.75990313703072,24.556913672960686,42.483861352145595,7.196055805314563,13.239347362754135,231.64371242509287,60.616842664478355,866.462155006956,38.0985006266599,5.8121855675215714,0
42.511659052798876,15.374917548704527,75.5317592988137,7.340600541145497,11.119171488666016,288.71221156505163,31.15736716735894,1078.7805774449312,54.45937168197161,3.596195439838694,0
36.87963879681738,36.73420275380528,69.73579347158073,6.398279376918782,7.814776764008451,211.71145515939685,44.351988047582836,1163.559269325463,3.9138072975429044,5.023093351096586,0
46.565602819923484,23.810661194044805,26.539999391778565,6.572860793578984,7.753159745860643,102.4003126695928,81.86470356007953,1088.4657808366233,52.06910242818377,3.503472683654318,1
35.71884547593484,31.290140305135733,26.487401148625764,6.984185185116489,12.900944814075444,186.2593206551515,24.810808569480216,942.0905082371646,28.665848483472825,3.9605165273507277,1
44.3119603626492,39.51134749627455,45.67217089117947,6.892291849877083,13.150060066216373,380.02566899728026,30.865247673491325,560.4200620713887,80.84321270306462,4.300169111363624,0
45.852892694151535,11.50526050959922,25.91944260396854,7.281357191210942,8.049048727696922,408.3852097941508,84.53361850586673,458.0971791831699,48.99561325018578,6.345127897581245,1
40.73082504256569,12.900836793627015,57.14558571626718,6.932662054513391,9.364082864612257,212.08114685556797,49.27622733435041,438.0126261485158,53.910451739569034,3.2169098610536864,0
46.81666521138021,31.613702243882685,28.621496435704035,7.4957694164569215,12.676765909026537,263.2171995272288,82.76651670524876,889.6614277003291,86.1059630003395,5.33506605530904,1
35.61000499878099,18.45475009886416,51.34239583800806,6.197011599663182,12.168059508879082,114.94626405544443,37.44760034663164,428.95088321228616,69.77539239891343,4.409049512855895,0
35.74696377498429,15.529041908502972,20.433196820223067,7.165995484478836,12.511328852528676,194.82516043907225,39.83699808271085,991.3919651724405,40.44459395320891,4.058204196325574,1
51.45201121319317,11.180856394591885,38.9957809047588,6.895269645665328,10.147185526303751,411.68771334891966,16.713836177825627,969.9765898807752,43.919165346041744,1.9908478888689767,1
42.20381282822526,10.655401359586055,60.631443420359325,6.882772890430037,13.292392386441385,342.3945081060229,91.63458535949664,463.68865982134315,59.3131481703459,8.677169220046398,0
37.5412102530377,33.23456809359372,49.04233641367091,6.151671189689997,8.607612351635481,182.30820878174856,89.67836940126095,1125.2978920294358,19.01792949854618,5.747206369993597,0
45.444865201096086,14.0330028210865,78.69616915993929,7.071203584846045,7.253377074780144,202.97679804897285,98.42170145647735,817.5434309002419,8.978575644471038,5.256647532288381,1
50.39987106197222,24.031618479134526,72.44622776397264,7.300752044695198,11.66985866051892,426.7208091958241,40.24471271697115,1123.5508538701852,29.011286435105657,4.1645165062806475,1
39.316420549936865,28.17690445538449,41.544246742589074,5.937096923041126,10.314835328055171,183.63368117796034,81.86149417586421,1121.2880449506576,71.05445181426073,5.491761362948515,0
47.45780951638,22.850554017065388,22.729192488336476,6.750993674233408,12.836686150475849,233.6630903388525,41.49537316721186,557.6272511096946,24.159141889295594,3.2966713857429806,1
36.70694929987536,10.813199570086994,70.73757800690113,6.284269658205551,6.64927399299772,365.74347666185776,45.42987889209728,704.4621023490279,12.768328030232773,4.906570089425919,0
36.033634423372156,33.50504507763726,74.67405861888028,7.479096238589754,12.749539227504535,324.4449542832315,82.99993935948245,507.701066803053,20.712033861603423,7.178387301151553,0
45.627092631362956,10.315396736249605,69.23764360514221,6.457665631663363,8.346357225670577,284.3480820935257,17.736677088639972,1019.9824081090566,62.10756208051357,2.2570735745014328,1
45.81270243220213,32.85669683132452,27.676996455185893,5.956640347593885,11.238845337345463,459.89643639189774,22.03109344617523,803.29993243029,56.25532510241669,4.093121935098785,1
47.74859802996413,36.79913481364368,79.87490806473727,6.263715250443665,6.321030312626046,187.88418508602066,31.472824039581504,1143.0460603159854,62.94834975667926,2.6157520656275857,1
49.52182667445323,22.985197631715167,35.51505329316643,6.807676779633253,10.876650370428806,396.56795634519995,78.81790325000576,566.5721719010219,29.976231041234385,5.878073121566592,1
54.517041589250695,26.066274192933946,63.452294768502206,5.652178742699153,11.738173513498687,163.62553624727335,37.26515493680827,950.6941292153808,82.07705142399445,2.808794728196818,1
45.326006966023904,24.309501778529615,74.4820925801433,6.707203840442475,8.950001716044962,346.2935333928581,35.81682082807616,1191.389462218167,41.659332159533086,4.493303268564323,1
41.45912945882492,21.676258558703164,34.14122685984257,7.362449518357796,7.723285642097122,448.2494253645253,99.88163452552418,932.3050094567931,47.234172873424924,7.119642137083682,0
50.90372389537407,36.62273606111081,74.49551328062397,7.200725575315701,10.30104541282836,283.1607141912551,38.380614309947944,455.0191462645701,86.39271784019145,2.8176342494601103,1
40.416645025241486,36.818005320099715,38.568894751692014,5.635347073315967,12.665526435485173,389.71780287653155,24.777053631558697,870.7394797561524,89.1349541150478,3.9684006926379367,0
43.77942841411272,20.074490939246036,78.58479334304337,7.4867797574781365,8.588378866373207,428.1573411995953,62.32136782009433,543.8741997449894,60.53884533248966,6.126974362577269,0
36.56912762684532,28.45209262044094,36.87560122282848,6.897453847407759,8.019754380170237,154.4105699510411,80.18799519550008,424.4022219354523,86.0331873318212,4.269235184449954,0
35.50701486830915,37.80722686437592,77.2061494854701,5.824561648628047,8.2314824691015,382.330758112844,6.960783372315927,667.9685578441713,49.73566477063989,3.224150942058459,0
54.2529682935585,38.86175496824055,23.212679053560493,5.524832178338847,13.593057223333314,467.93640959547054,61.8892231138475,612.8832664432525,28.655465101009455,5.3769372708237695,1
51.71960241024412,25.268771212661427,62.55632070018878,5.842565272584302,8.874215326116477,330.5482439422177,3.5735455880224753,1031.0167190526033,29.35835703698872,1.1538612228757268,1
48.919484121873964,23.5847441585298,51.92666803022022,7.176351841371477,6.028833919106297,174.4488978115024,52.63323509795179,698.9444328624804,51.3046530894111,2.094696128949611,1
43.1790588882854,18.360829477855773,48.67262462736384,5.543278649890327,12.253449663676957,150.7770126355772,25.69915637578092,986.3670243081572,55.453250858967856,2.091645898510545,0
38.46588640141692,38.7661561957123,33.4096588553504,5.966294607236173,11.594198362683121,203.89413218669915,30.664169767318572,412.99119355946516,40.5655362927774,3.5979929132600184,0
38.12874085342172,14.28442913418602,62.33574738658952,7.014611190669751,7.028546116823751,141.40530760667303,46.70959639823826,411.84970674671285,80.53943351606596,2.971673949894368,0
40.004857963291904,27.39488728143175,31.448569486778425,6.672221071796271,13.8792339930793,305.35762863401897,92.7107460745587,423.4507660380457,39.402650684219545,6.9475455945510936,0
45.98453329412241,18.476508025559166,53.17050775908609,7.0654714207203835,10.86449828244089,127.88187308269383,71.06673065878765,575.4867534260643,25.608128229790108,4.165215949234143,1
49.29191845400125,18.3702487104339,35.194721782415044,6.992301007653576,10.006235927524813,189.36184985449057,93.68455962844963,699.1902280228494,1.7183690509185825,3.3956664277986883,1
48.203947534354626,22.149057621285653,77.33728278688136,5.6012027742436095,9.057754140983128,275.96417756488574,65.99710045586777,886.2766424934837,88.35123503418731,4.054235344205387,1
40.598677938918854,39.96378807446963,21.717871630139168,7.285022838188303,13.189382044509102,289.5659001608086,0.7107747087859662,1188.7311086615782,75.188195482865,2.5223971929763684,1
54.097305613263885,11.648989205194662,31.983696806674192,5.954063668564538,7.951707851348506,326.1593940587858,26.55851973476776,683.5276536114661,56.40036262167961,1.2743671535729035,1
49.75793833391537,27.356254546105944,34.53863638324687,6.606784880459528,8.286151201759214,382.2459851002906,90.57725777203738,444.527125405733,75.74880285131152,4.8503165309948235,1
46.087081050228015,12.477164741058315,44.84406954606899,6.788576313055557,6.979286453492535,118.89145586618702,64.34455209677448,555.9201293326789,73.92603072258495,1.8464494337000064,1
47.234414924687044,14.63562489971557,33.963814512203214,5.83725642177019,12.072952764674081,132.2483808703133,98.16472365702748,1118.2814670518896,84.86657022032426,3.9081155112504504,1
43.3920012485558,23.18688825318696,49.48094541612711,7.452462513401949,10.764394243246826,124.3436607219123,15.59640192182956,959.5033521181671,35.74609150243374,0.5067935530846701,0
39.95461979002315,25.31380394039324,72.34793139551235,6.4763119121746175,10.872529354035986,269.26012618596417,29.674783310651943,1032.1606592308478,50.93670178773467,4.628763260885623,0
42.11945357302523,17.76377225093572,62.723805284550245,5.615285391194787,7.747763448155709,116.73917795317372,36.23676595170363,499.3345645382341,9.876522134822133,1.3915377303555856,0
50.15692220928738,19.493713926232488,54.79771883210666,7.374524089555681,11.20934711301667,398.4325067325305,32.65578181673106,507.98959096600635,87.87838831470758,3.9110261604006324,1
35.287869772595116,12.609010607677991,25.34019067896078,6.672535686386536,12.123667577974912,189.20007241539113,25.199153014988063,489.7968060359168,89.66143623542499,3.309229687361189,1
37.321452810138325,19.096593515327516,61.639526503356535,6.898386395962753,8.863108245805513,475.6849973159835,44.346571575677785,1085.73533144762,72.01758231380815,5.999484617375126,0
35.920052840435055,38.996753181416324,29.98485705865639,6.550351579868448,12.410777151693697,294.56150203884454,64.22981233693712,567.9740869548835,41.87088848335031,6.785298057417645,1
35.8145760463794,38.34122145017445,67.18204315770188,7.169475909553935,8.790324708256168,278.53030097688065,31.125692288669605,914.5213963037774,45.69100758229219,3.7476144173789936,0
52.10921168022014,20.046348704109548,35.00340551060919,5.566266924386422,12.065107692074301,412.2154770558001,7.969992331425568,812.9330929466073,40.18302396890713,2.7933703315533034,1
49.07315718760047,27.12561808836285,45.02292369925405,6.036756730554296,6.269840859661752,385.2615935571964,70.85325268931634,835.511929499083,27.39795728700074,3.0285570648553435,1
44.4834765817465,37.28786173332833,41.02821213907568,6.439296712805384,10.409316811789221,342.92361637925717,45.901655578126864,556.3482867130147,48.50122649938899,5.058844672908747,0
36.95668321302003,10.1855146792269,71.52883488049142,5.65320723262742,13.756212485119093,474.058682500148,55.64823060900632,908.1968747631915,5.810056255051014,7.368217682553874,0
44.83231750233665,34.32050711012776,27.59266752280449,6.9118133386533165,13.849956805459126,268.9037043948308,45.54006571639151,434.48042756666496,90.26983557434515,3.9094650319725655,1
44.469435415611315,38.451086583667575,53.93869294308732,6.287326828111281,8.254020626733926,423.4126703089146,89.03575034549102,1194.7778210061028,39.164512164772674,6.488480054376673,0
38.464037398200304,12.739772030006712,28.523696566583734,6.045335980536288,9.531192728642843,252.0371782983274,55.874499716638006,421.40712519418327,84.46299256333957,4.708046023006879,1
43.677032984759464,14.843430580987631,62.2877501679312,5.506757693616825,6.503823263893064,435.33826971844195,92.32768398517497,440.12523257268975,66.18443145940033,5.987017963292965,0
42.970094687947466,38.82238908314066,74.30468766766887,6.939660623499908,12.986730460836798,203.78985158638744,51.057534155600024,659.7179359133451,27.094862517754063,4.72052424191264,0
47.317001961044326,26.12620430921039,46.076459232035205,7.167618617745724,10.548577225121713,215.706829134413,29.258816224028184,1065.3002846156305,20.98473563571422,1.7283444324637474,1
47.701873017352874,10.425899034151712,49.28553561589855,6.290081071362997,9.080805431524137,371.1478136069816,35.544258717619655,605.7513694213943,90.61078903861205,3.7088984208879774,1
35.90608019544089,17.728959962905876,75.64537018896573,6.628435954066731,6.902164467913225,185.08531798071854,52.212929358478554,777.5480110330625,70.49137195486321,4.391863926789337,0
42.49225229252942,23.49831022806579,51.25948331896143,5.955373251859196,13.574138283975113,191.66167481017152,52.99894378050086,414.38186494095436,23.469532673440682,5.6112953936351495,0
47.51719831428473,30.78726733074303,49.255906282973655,6.744395292560267,10.241752382567949,222.10497160696588,68.73377015489488,463.1034531869154,7.070054335953454,5.597163393215108,1
45.062725171601755,31.994811344103987,54.69974616225825,5.524274916630401,8.263423432663231,371.57150786415036,22.449487218663077,886.3728388325658,63.72248907712408,2.9990236946395004,1
52.12979682376644,39.862645387763685,61.353784181777115,6.477287794197517,8.801721041052076,455.75523696929275,65.88428999655017,555.4867755595428,28.271481112996874,5.766339699689814,1
48.1738726323789,18.62533598151277,26.413002505221883,6.788410963681384,8.165577447377181,369.82706045079465,77.85880083807523,955.4036504156203,20.919773136494562,4.259227198695023,1
38.258688541628594,26.146603056054257,69.26663166449097,7.3363835464594676,10.814478470855846,431.12569773765006,67.65919894669901,1028.3129400137418,67.14436736344025,8.172232653255618,0
36.4113749480086,25.99970643578815,46.13030164719555,6.262671634244569,13.439708606244078,317.4242358777879,48.18281098175908,1080.2673595778265,62.13351903889128,6.2509529279157885,0
47.84838556412631,22.169357783417126,24.34091059384913,7.03038040596206,12.853550426612514,127.56928853805812,99.1680651116834,507.0394703994581,44.3271407284172,5.127279723401893,1
35.53022621083244,15.074856815272605,67.17096015189279,6.695374059887001,9.68304700340782,140.18648460340026,40.48131591292162,764.4068392255399,85.83903394933358,3.936947210033517,0
46.71551162546926,39.323696895515276,42.616998301176324,7.354024225850161,12.611994898408064,321.7567913467662,10.659061457982922,1157.6651599230765,62.1674529451742,2.3262072000497738,1
53.80460482849915,35.59951559999758,26.022049705703235,6.296755351318861,9.38484385021064,231.12038745684384,82.1504215407343,1017.6668339554462,81.40776045579183,2.641459736532559,1
46.509483557517584,24.949990848827117,58.02674237259503,6.138190679745976,8.018457126069105,188.22722945477705,21.22012188804182,493.5683054769187,18.149764811474718,1.58694435990097,1
42.76339852413044,28.097362680520895,72.8078812060185,7.274283997388288,13.867320922131423,286.5027709210483,71.3285572902442,802.0001960147154,27.698131907279983,7.482559007500158,0
47.86576436884707,16.81783160678987,73.26521056483918,5.598488802816578,8.431100543766576,366.5986963617206,17.897628271512588,1137.904465471071,10.406812032435543,2.8634346410202056,1
44.16505780983033,26.313612111752406,77.45980848853839,5.772770785867354,8.589793847895267,253.99677909434337,1.6877390857939378,752.0310444185486,28.412199808483184,1.4588355581336083,0
45.9123357863187,30.849103993644274,72.06232758600129,5.664808869168089,13.917542942292178,421.01690286293666,15.979860378902567,1069.9340870727751,88.46004962857424,4.7814444084041545,1
53.8292961755305,25.455010851597663,20.128455160728514,7.186219913152805,7.071419945325239,395.40929862855745,37.69886965758219,796.6749769508458,87.65706214830706,1.9323132584484015,1
42.722052756015486,39.70855511754824,42.81446998480341,5.521214846740639,12.08427190407756,393.9659528638267,10.66182471297983,485.44934179660294,69.43477190958919,3.4756190877920035,0
54.22381127647829,28.340249687431786,69.11255479433018,7.2233143109940965,13.486502067861812,494.07587587095543,19.767908423568205,518.2839408476059,47.894343650466155,4.554815202506046,1
53.107012839121275,21.12921137776507,41.97518035990845,6.402535590742533,10.094359954203348,218.09199094865392,76.46262776843929,437.34060224654377,71.27018189130204,4.088916860663936,1
38.91582269578593,33.164560828475146,56.09291038278237,5.508050557707941,6.02017409362256,357.8902345363581,76.98836079771307,556.2517924604516,50.8138256092348,6.030399731414544,0
36.38722601750331,15.113875347449262,56.37901684247192,6.3032903544240835,9.00047155290485,442.19133606412544,81.74882271909767,1114.8912798963474,1.3157654204299032,7.95175280982376,0
37.01556002754853,21.535474411187998,41.90151824232939,5.873601682090071,6.892551939078617,331.80977356556434,84.11552365475924,920.1584367546053,46.1392366549254,5.803868648135115,0
35.364436513030995,20.408768511327576,74.26843563687726,6.748800974944326,9.329501287469565,415.80087044615703,42.04358946137554,991.0855479063289,54.90311014099473,6.381574844989145,0
36.888859215118565,22.95421285323332,50.193700723167055,6.858717579843293,12.320214093138278,265.7808743359649,86.75496606935285,897.3291667146623,24.917352175270377,7.625338322518304,0
48.66013546832714,33.45339477786179,47.88705235625005,6.475055140809999,9.509692391070404,336.1965382619219,52.593687501404304,709.2314337106782,19.29642078174954,4.724418450568928,1
36.42377296920458,24.525190964902222,79.85082473971374,5.58103905087934,9.45540097076738,122.26655712173131,47.05971169360082,573.4889062368013,25.642818532508617,3.2844413502811634,0
41.37951260587523,33.82043350797888,49.610021844357,6.812257608734404,10.454315815350773,494.30704232992537,71.85363289957758,1140.4916672078646,57.126497456607915,7.141289147082033,0
51.897506219389086,27.294667094195976,30.703895115714865,7.184077567211043,10.65352467798144,420.0073925793669,21.38184113599072,811.8638252464173,14.145770344199724,2.3007183705016447,1
35.46543871471652,20.26208303972666,50.78416537180628,6.940648554652803,12.85037047039177,447.5236286525798,78.9497376827472,784.8799049663514,65.82954711965495,9.014963674860448,0
51.28936965177871,34.29936231050417,68.8410041311958,7.159915837910637,8.466843513831613,377.71771125717845,42.94658265662032,1196.8832708748366,39.04073388654485,3.9859845627321664,1
40.637095495467996,17.148690116592746,66.61161961389689,5.901019047101775,12.573370114944128,174.4200131234798,12.729541400376043,707.1439907107813,32.8013073284793,2.136259139510718,0
37.36329655243313,16.731489393993865,67.31490590650826,7.277775879312966,10.527469989536378,112.4113769672129,11.931191351696757,1083.3002519137913,73.65081625123176,2.070591009823985,0
48.934743307283014,25.13508772164507,62.4814270398747,6.144386901295926,8.404236397737176,445.8626430944054,16.49067438467001,1089.875248253485,46.545692449287394,3.777170377960987,1
47.57885693559768,17.82547737886267,35.253069744001294,5.526809628503982,8.361008352048618,258.53226149444924,89.05727342437824,586.1361682862364,35.056050507183535,4.372338464999098,1
52.549440270541055,10.27261104853649,71.72504515041388,7.186783292658141,8.889100136845796,205.54595041596798,99.09378222590475,475.8717538801297,80.03392440045441,5.258938622264975,1
49.70142087607772,29.448925818964046,73.6066079225759,7.383642537929454,10.981545940959805,324.66918353557776,35.69737992012835,1180.4960925726914,34.142646897952815,4.102097899870213,1
51.06961860769697,25.33281464417194,31.649161797112946,6.8111163948346976,7.846493850879593,268.35940899028776,29.21438522052976,740.7174913084535,78.31002546490335,0.6717267462685206,1
40.64069145142613,23.365534434794835,27.827338193083634,5.962873260926849,13.36266849337814,360.6663982750228,21.877097259433732,401.7762576081564,46.37788286163025,4.2878949258633465,1
38.548790875594456,39.00905543854946,78.53629811534672,6.00348892856506,10.599300673423203,293.5172932218054,82.38164771672454,799.2142670631669,19.72063877095065,7.7506603675383845,0
50.012295032817164,27.13597551888741,72.09943781902207,6.433185746871239,13.360126215968055,378.89325617610825,20.92074824188761,895.4402909979603,56.15363692999754,4.195969044445932,1
51.136694785345284,35.90294733368154,73.59416883259681,7.2956621592028394,6.371234868633238,441.3693078036572,92.40901299302698,1020.8705979584273,26.679117364296513,6.43939146231598,1
54.81010284001347,14.183507086154805,73.1825830774637,5.799195312295117,8.740890963691786,178.22280438231562,66.73503789712827,1154.353694578911,14.243961895857563,3.030621456287519,1
43.25235353822853,27.07619389388283,52.5012094420237,7.1519473391669734,6.182461285500985,231.77315222619472,89.71277916691946,1132.1365031563705,8.787643425800155,4.256125406173123,0
42.440361715855666,36.03938880192709,58.78410419994798,6.082605617410301,8.178014520783758,274.72623462825555,55.400985439414626,1152.1086560438948,22.75276022176978,4.095957950943239,0
50.528259214839935,27.49317271839694,52.7217711280185,7.117172338858196,12.896051778148706,484.8233792110553,69.06798621824967,425.7001186075782,67.28991778019721,6.630761247649701,1
41.816070805060356,31.540425343810046,23.072380951419746,7.3405423952030775,6.292877726737607,246.1334454189941,61.945810065770765,969.4193070643742,76.41993001381684,2.36963370470116,1
53.61514651207129,21.16130703436622,64.73018512116636,6.354987743988641,9.489176799325959,252.4399398370518,83.11954563237968,580.6863702445493,78.55487613837295,4.75566037709715,1
52.16825503686024,12.773485511111998,50.319922000152815,6.2301013082110615,6.940536563785822,361.38900918382444,83.58608111858811,550.0421497645232,25.31334463389493,4.841413845151372,1
43.579880547500366,23.737008853812142,58.862544487413786,7.104442637942603,9.334725274082942,267.6798839559797,58.979299984512515,1040.2548548794002,60.48756396508077,4.324835977850849,0
50.017421355829946,21.834381725165727,50.15838829853212,6.5589657647587885,12.710812674115019,480.4894982558421,63.25076493297723,733.7037513383038,21.731865392343657,6.658953992373937,1
50.09085748169365,36.01180547136842,49.50867933934735,6.868898096926394,10.984568267220153,457.7875041901776,92.18759204978299,1133.2800606258686,57.048590257141626,7.4766868478138,1
37.062477376718654,17.319859070574168,30.30734656866601,6.745658473922359,11.894050762651386,305.3635111102692,92.98664839649695,433.9480726365653,80.84898937375272,7.703228681733215,0
53.05105813359133,39.00202682605324,36.72282290846894,5.805777691289593,8.792832923596649,357.9100935791399,66.42497838951816,1041.7446635897304,4.680431434187323,3.3325714192231928,1
45.105047448957144,38.74414359413488,29.531161516637347,7.189580720579123,13.555181560081131,123.21222475344823,0.7754278173163542,509.46752902607653,89.67031009528655,0.7001538473749103,1
51.52914932215484,17.42894929214316,31.739977737520547,5.891550222826273,11.674096750236,378.2922112129592,10.4411214753941,541.2617612519875,75.43790897126006,1.2415120674953175,1
41.400992020612236,20.441558664319615,78.3786428252183,7.364564288141562,9.374390554276246,382.8803491796129,85.79425317744162,781.8813724195992,69.54959046643286,7.079172449447117,0
52.91046456992401,36.86667222621655,29.186806746331904,6.001142582844295,9.41171840181644,243.67971825728324,8.47141163708015,716.4719526982396,63.2226604340612,0.315049340849401,1
42.784033574683264,38.99866662688322,36.15622545831246,6.967761946547483,13.349473423546382,187.87315345010907,21.35191808550664,788.9378449029368,70.32465000224906,3.0711533434470186,0
35.21675302960597,23.30317308508132,55.4353794643151,6.0693107869871845,10.611237547483135,466.03136072680667,23.05466802216518,1152.0212176248442,90.51358204364914,5.5130956342351025,0
53.10763952838528,19.629911369226935,56.61071457419851,6.135570817173727,11.651033679224334,270.68196032205105,60.023476977990484,925.9111484508585,70.31721674012866,4.575263204502663,1
36.82573353572267,25.78282039754626,29.238447784629745,6.120003705564611,9.336281796105366,361.48244192068427,57.66327978837642,632.2475054736005,32.644070620149435,5.320718009353179,1
41.3862727518083,30.633076190972044,67.62304554711274,6.995784508052166,7.789542118117713,113.33151799050239,28.94175234204003,538.3269698542761,56.25296676401529,1.31878458910544,0
54.0012393410161,18.204235461249393,67.1121720747695,6.613630235938786,11.78847433595535,265.6268666307345,20.761136556844285,736.037020104747,31.32307145438522,2.0269508669042313,1
54.012142938751126,32.09419523857218,34.23906225223347,7.265904911694994,10.862590177131104,426.903524405552,76.45320298574758,761.3128218141901,88.30588989310037,5.265778539348921,1
46.46875776246572,11.549720713439232,37.319978160527626,6.1147454384080895,10.010743043398236,255.030400160286,93.54561556059761,881.035527919613,82.01257595431304,5.244505296796186,1
47.63674424339598,11.478834782932493,76.27927192756982,6.883985044113489,10.99216751995571,341.26446405475076,5.28056799164387,612.8021628318144,52.085820471654564,2.8018533028464825,1
43.96891043956639,21.588631154366357,69.54028675876869,7.005897199326221,7.666284688513869,183.94232019381576,13.318046270486283,1014.0073976774535,71.31463790441042,0.9323538714409101,0
40.86421543396129,20.604195761821618,61.867821983751426,5.802964226059917,12.35150965225565,266.61025953582384,64.21639887057074,478.76819638350526,82.87182486745876,6.061112431082704,0
41.57329090739832,19.46899646101457,24.93399329063603,6.301178714639622,13.585302440162447,471.0550872212747,80.44414516714257,848.3626908805236,22.924023729090337,8.13265633279738,1
48.45036912154077,24.7305928800673,45.09584485415454,6.465634988700822,13.128825153341623,326.58069988041484,79.11886687763996,898.825322595289,53.15336712359242,6.770681136335853,1
50.047490588753604,19.62200746934714,53.558112324609624,6.211374779788748,8.571485962456137,460.7725836371726,71.96831530826893,565.4652648521162,44.35446873272935,5.999335162396156,1
50.83158087451697,15.767737554042757,31.244677279026618,6.144225191938276,9.248046186256607,460.8077197958173,88.7427954498092,1060.809080399697,70.44322193586473,6.17202691897374,1
50.79236285589108,19.284086472658025,46.89359492649347,6.872839787995284,12.467218398380489,477.65912016979183,21.734887957081284,892.345700166142,35.11742692004458,4.261230425209004,1
36.82412206097381,39.247128184307044,56.0615526493214,5.931732795318977,10.76093704659683,458.1566640320421,10.729094649194714,916.5777717183782,64.80816757373725,4.835476647404338,0
44.88840609405163,22.333402509845456,39.64260080692395,6.9187814905022575,10.383315549413194,101.31245160412026,61.53629700913683,798.1948046107508,37.2693780110564,4.319899254933011,0
36.15117520033289,23.34138330575007,66.85668913702924,7.3700883927814616,13.413135740267562,473.60595663263877,82.22758915234324,1127.6753737410709,10.99673781800538,8.716574325607315,0
45.99057764647471,27.2963496985342,70.42697489832833,6.630395042355502,10.288199687816405,154.98377563415056,58.20435784805732,955.1420651900995,10.640928844748549,4.001707959957065,1
43.83061002746754,39.5002230524268,39.41656816604424,6.722868473478949,10.119509436698479,115.97050044446023,96.29974874589062,705.4684519166101,11.715069209786863,4.474586222082393,0
52.754083655166,17.24803829307289,70.31942926954743,5.637865404248178,6.336148730130877,122.15541383122113,79.55644613917895,590.8847102272689,3.926788833894559,2.5453669838674595,1
42.01830025104157,30.438463315973014,26.2145939661809,7.228953807235657,6.555335668721101,239.56647807057342,70.07918009092609,456.8493398587898,48.96758544370948,3.0080460285016675,1
37.341340328552114,31.479540806251723,70.26374591735939,6.0708955743997315,6.059362463045201,348.3216341075174,6.025729087173359,532.2886697442876,61.47124137853614,2.30230373329813,0
37.85983364105672,28.219732503791978,29.165025900056996,6.73010233105713,13.30595380626907,260.924478607599,10.774223873168209,1194.1463616669278,12.40555616431206,3.3778143197407564,1
50.23021263434944,12.657350189099322,24.975629150583565,7.458224339489605,9.267093280141605,110.22171385975179,78.48376325911943,725.4135167933122,56.067220019945076,2.3387734514964102,1
47.36436126632522,30.306168274827293,58.50652426646067,6.691005201145615,9.748491009067301,290.5930536698859,19.823792557702934,1118.9497818219254,54.79660704321208,1.6867937799946167,1
37.022453522455805,11.922841331085264,48.31624194531766,6.949418974928755,12.763095580739696,276.852296908152,2.8835176078990554,536.4554855082115,14.238464625717615,3.940060767654876,0
36.68213612229995,27.884279486496908,74.47343602476997,6.3906392364475035,10.873970483006223,402.73970620065876,91.07606857469649,740.2886970726797,37.3674339965137,9.224125439630772,0
49.0193826291824,32.187435316652284,41.791351765450955,5.620731687030115,10.87601277112465,211.84515937017534,89.08053737012341,1168.414773626759,68.96221387938856,4.8405669762553725,1
36.45526012728387,16.329096718598514,37.229135806257716,7.095198698979577,8.3722754348385,187.01246951774687,21.848382723149186,472.90580113543996,2.508042299681035,1.4542923775526813,0
51.437201185807126,35.24866022628322,50.0440943686519,5.569997682527971,12.671266991396154,202.3755830706505,78.02062580729546,875.1874270500023,14.225309550854938,4.756088957546648,1
49.124844543129925,10.910614165990127,47.35677114611968,6.901315657775708,7.32663980831595,221.49592905193919,4.7979661211655085,1135.3375205570417,90.62455368922701,0.22434523321082445,1
36.626975612837995,35.314385909749184,40.66568277303129,5.545843146299274,6.425196737383583,339.66594934686657,28.505800382326306,1159.7466983634004,67.01904074341536,3.12872021031259,0
36.69675428170384,23.80987151928295,61.62447792189971,7.224610473153341,7.532826860148258,288.61019418083197,62.36669082566249,1076.8059816894206,42.77172512973302,5.31868412866559,0
54.73279157002351,16.527638197949337,65.5737100348345,5.815272071665961,8.141897750196517,234.75782607162316,76.31789961583854,1084.7475458881195,57.68212708824627,4.15769614660711,1
42.4854159151224,14.01334434981904,71.1790381418082,6.528542990885102,8.258488462833654,249.72566331347136,1.0399188788189573,921.7463632939724,77.1598873538627,0.8176856204326987,0
42.412842941337814,38.599215027471175,78.37139628262057,6.694301408966295,11.36410878895014,248.36946406359047,32.620861327374406,576.338486475994,76.80741269982731,4.103902735587397,0
51.25599134515005,12.179967627434701,35.99937152795027,6.415090814746824,7.742596698629148,488.96267788412695,21.4345560063674,984.5428355879358,30.22312919150864,3.3546923467033545,1
53.94497154767717,15.97280259807777,62.96560894939769,6.181526978697774,11.413266435959876,193.198795221181,99.87804057487236,1182.7075715669785,45.216228029070166,5.207234983551172,1
54.720021276457416,20.43467042299138,43.65549412974471,6.435628592361944,6.729057385870398,427.22462410890347,67.0982232385235,820.7468117382487,58.42495868487793,4.769981210279484,1
50.067563705178834,28.607045468833615,60.62491831706649,6.122831507762317,7.177619688783272,383.2843350352748,40.567145287974384,608.5578872615209,7.470722486314365,4.170264408589642,1
42.525191710618316,26.34403255828295,48.55890142095322,6.376244694161726,10.07057158792796,102.22800224142023,7.565260198068502,858.7768542119982,86.1216939451677,1.4696668683808507,0
36.67001433397338,13.76930477236942,79.62638616607589,6.217825981996061,13.37516642061314,497.2704872501952,59.86702575069638,952.4882849924932,39.94676430961356,9.09929959619414,0
50.542938318548735,18.691839512146437,63.73412814744499,6.63240964701429,12.87654071048891,402.5757482534294,64.17014709360642,566.6242475395305,34.377609453213424,6.222506347759886,1
46.1680849947161,17.162553132580722,77.14947802605947,5.9758483244899665,13.750027539542426,372.9798345403165,81.64059275031352,975.351478087538,82.63903253048433,7.995799200869436,1
43.48444018493953,16.40628563471024,70.09817296887115,7.4773131098280246,11.203832522225367,262.12988307065496,28.857685291936352,869.9462871075135,11.645798387779422,2.792888647438814,0
53.12708770189472,22.33433009439961,74.17406066980226,6.501739906764331,11.406518931328737,322.0812355657158,98.14280804800964,889.8799273184418,4.533471764839767,6.685093123853361,1
37.223949646123025,31.120943577749706,68.86515183288049,5.88832415482902,11.000183991451937,201.30835826698808,43.94657393139495,644.7903437918674,62.65021710702465,4.101519168345316,0
44.85250208581718,16.523587966517077,47.549547822554686,6.454133499134545,10.982551382865578,114.19336205827899,29.594375465949362,524.213448088961,35.65026712945937,2.1618248690429955,0
35.22707289534838,21.000366391089443,35.10730720081306,7.232830259049648,7.176962760540677,434.4086633783891,34.844933400145784,898.7599162445256,69.80282279470953,3.98753989743906,0
44.37321283988253,21.72752280523487,42.219210527031336,5.543613586248791,10.34991164931143,458.5937974724687,51.95860529671238,868.9863913220574,7.169015037407996,5.431323837395597,0
36.126065513636746,39.293695883062306,21.214173958397026,6.859108238214578,9.088543467613807,164.98825464569595,93.67015645071272,670.4097501710439,35.538142918184775,5.801013121120952,1
37.37635832536144,38.63999070637207,51.43959004788003,6.595935593587856,9.540297726218348,414.8224383382932,73.51587979194005,636.7149340367098,22.1792690841501,6.744787214360749,0
37.3505249355421,34.00412748256228,50.30346801622452,5.8391159887402715,10.1888045844739,396.46106931426345,57.710964946378226,677.7955693298272,67.56458796519375,6.128753584784129,0
47.984206042321276,17.249767624575554,51.51502788982929,7.134952878609841,7.027169374418013,171.35000077443618,16.28103879798618,791.9066707990562,21.44530993846343,0.1,1
49.92089758530847,12.041119422750091,78.44187349832383,6.237769244748011,8.875901870816959,268.73152102991753,14.935331089087168,1179.8557880889289,42.215080129691934,2.100102864577013,1
46.667375301943196,19.507124131618742,74.68724020729036,6.087604057631015,6.507596487012829,269.10316833364135,50.2196913813564,1010.8516976209651,74.69897960230406,3.579984463713704,1
54.24345096949084,18.003836483014926,29.70276669980648,7.156250383713802,13.837345043379193,403.9857033220994,72.87087046016492,1081.3917913323908,83.38514819180226,6.328835603210051,1
42.49741159047408,25.177774004391814,42.13295129335335,6.7770500923833294,6.948224230561009,435.06436231042215,75.10121727551102,804.5196551228248,66.03452142991999,6.109587911701746,0
40.714241725637216,33.33183730203379,45.43737076779571,7.296518167349649,8.068197908359636,137.91004855654842,22.59143838762584,820.8988894230215,39.63055703796583,1.299368653923435,0
52.3719825637892,35.74968816636574,41.631975071098864,6.759767407342399,13.130343413627177,325.18769396168113,10.009951284725327,563.4597291496221,52.47872872684598,1.79655304487996,1
39.47191677038905,35.34592256231525,67.90975781623479,6.981635315864231,9.861680369913135,404.6993987715541,38.44609892537895,976.8366690408627,63.07209524372445,4.74795710399605,0
54.264450788812226,20.790266836692034,51.442260192055215,7.172891792519225,7.085097612165042,414.4762376260634,91.81725432440743,737.267204632509,79.74393639167063,4.886066989678415,1
35.243089493796326,30.61703030382049,54.325989018297506,5.609479271819874,9.073844304314791,159.19740977216355,54.53672526693823,993.957487054169,80.97165862842625,4.018829403118675,0
54.397576534152776,19.3850259257266,71.18081353927553,7.05209791773876,6.926943953531087,310.20205726031764,32.009976683177435,727.2443050501004,84.78725423395123,1.2225056806063217,1
35.863198239011524,11.82716629705548,68.35568920492152,6.7274129636991535,7.601727976676014,443.02348254508115,32.363766833912166,486.8137497711265,73.9639989016644,5.2787432374906915,0
52.82286227396142,31.046957968088268,27.93269136921798,5.639015593030386,6.41623877559876,227.40743063411367,13.208704522218495,538.4429502287068,14.211814234750012,0.1,1
45.554022181726,10.294826577093636,62.83487504501806,6.51715584373743,9.505819956392799,270.04675956471885,47.3223736106158,1049.2560624597468,68.28755800476188,3.103111552065583,1
54.85929592238601,22.275477623754657,46.126167734122134,5.664916155967908,12.453088973802078,421.74340453453294,79.13626785148384,606.8931916471461,74.31331362068958,5.541937750535099,1
36.475931294707976,19.881378079062273,37.67893418375003,6.971894403446445,10.687753429599164,135.72780847350492,96.85586915273413,611.4835380536555,80.00842849087454,6.526918094213849,0
46.077085688026415,30.801326155565572,23.00112925413118,6.593003427795766,10.850762443876894,443.7973159555913,50.15949999579754,1143.4944720018652,84.23352051560433,5.468099137177231,1
54.38605071238198,32.98736418281137,49.23497362072706,7.407147074824595,7.604672240665923,224.46268669232362,16.721491584268843,926.1084982934796,46.824383216660266,0.1,1
45.461956883402976,19.122839079138515,41.32620084347188,5.86627074314354,8.751150746018933,100.58012663645086,68.29503998028645,491.446043107485,59.95834256118794,2.290771443305294,1
47.58797276270525,34.348810433345605,35.090782380584045,6.712066905040757,12.761936830726656,193.6636580225433,75.67913427452953,514.8682161055474,1.8597498955272165,3.7736586034063073,1
48.914973779692346,18.81750281514801,61.68030377581745,5.923164269140983,6.702849474612116,135.8002563582026,7.16997494231022,617.8939461762235,52.55052109231906,0.24509531634303017,1
44.09082129535547,23.389790799596838,66.16912323893521,6.7281299694547965,12.863445229348269,136.95396279849766,85.01391296312289,875.1965502613062,43.58785429665457,6.0261234540798885,0
47.55116160168127,31.810555810424017,34.68737114176549,6.9452994047217125,9.869520210118285,377.1342936570366,82.93223899958573,1002.2603759245383,87.60754402253195,6.782385950249993,1
46.686286238462,30.787606876743656,22.966846200760834,6.944608658659077,12.697179450600938,185.59053425562593,47.254105403911794,619.5971547625576,82.15383687424544,3.1291518067742277,1
53.02316020981978,39.621054169366005,70.92516203391409,7.130147981365219,8.544051355155203,473.89694519079296,56.042251861586834,1096.5136299319715,72.78435364900471,5.098911439610734,1
35.90892760682916,16.754830726477955,20.597584472258198,7.207100455916633,8.710743612664167,306.5778186365216,71.34080637109192,487.3441431073188,6.129476606824005,5.546043887964249,1
40.6192637918446,29.869537406187472,76.22674963528831,5.654543452534354,12.012838946585141,284.0393031819674,67.67481250628593,566.0793344345436,37.18259580549999,7.119208417624514,0
54.008229681531176,28.29045724827332,57.657192438962355,6.186534314144808,12.279969387137761,273.7134072880607,1.6535978193209067,1176.371936914302,63.64379999751041,1.8024768323526041,1
52.80527567781833,37.4529536347009,39.31079811207922,6.874245040719611,7.837157423921174,377.03505586865276,12.243530384848578,507.7958909229261,3.669466920785295,1.2993736764370947,1
44.11313505571426,14.690864249346252,34.78867457460417,6.497172574782424,13.782970598575243,280.90510500944333,16.25905557812457,1110.4890461790487,22.223241257752104,3.492109902423899,0
47.40265195603074,32.553944907607985,20.540339855868513,5.881351893509583,6.675920833958632,151.44014249007674,75.56758890720988,963.1480603232764,80.87564711063159,1.8309765826343183,1
40.54762365962265,27.04805848806305,34.128285020652626,6.605419140333396,6.548023704817047,452.0688722563026,44.008356289238,458.46967251336537,12.68026905694818,4.1655282348087,0
38.762423194475225,18.23997609363716,28.263698091028466,6.314871305532288,10.764033722288822,271.35813957026346,54.55026263868251,786.9654631199551,5.623615390477976,4.749665402629616,1
44.27396809879964,24.233047424415222,56.72997324338874,6.28007655530861,11.78192614217297,129.601830279801,77.26874368954842,815.1834825158451,53.25271806562023,5.723017539560714,0
42.067044560521055,20.013297912093932,29.992735315628078,7.119507434871328,13.68708903379979,311.74639499910444,34.09822690640908,1145.71170513267,86.18181538850023,4.173384151537345,1
46.67312223701744,27.379402083653826,51.71779025219716,6.315196667664362,9.239566246390893,358.93874338228136,74.8890227318773,736.8836744617349,76.11622659177748,6.193800195480659,1
36.554692739299696,36.67001832443998,55.40698534066825,5.552909010960848,6.202331271917065,210.23298566310342,44.22992746295596,757.4108923714207,88.729525424886,2.6922655727596343,0
54.487896153323334,27.07914953236606,37.88250190081487,5.616126677782183,10.823170715571255,420.1361630695369,37.71801877742066,489.9870038291026,68.81708383266243,3.9826444994649792,1
54.72421488959206,28.95167254979752,22.10389694112312,7.21248808338324,8.317568164790174,367.9103384149455,33.30372640547401,911.3380507501299,40.363279667611444,2.0555131321884286,1
48.9632342803949,25.562435413441285,22.235232836851765,7.421201620025043,9.463576969563217,360.1364677057734,96.49448154923829,568.7175807112773,86.19547956308867,5.9372670100877665,1
45.72192732688241,11.534965193364277,21.580839931635055,6.876818672911416,9.907755857999483,268.3299811471177,77.19734107089789,462.02660657896547,39.39699506079806,5.139261719608198,1
41.19055232572656,16.985756706282828,64.34748002819278,6.22873658820016,6.516100885904271,484.7661205645151,2.0195940773529375,1197.5352000566352,32.50851547098199,3.382781551889308,0
51.27590039413897,24.760051882962482,39.08058228885788,7.377200631589455,9.887854276512822,209.67566717969905,95.74154865182017,615.7037023702442,41.337632599069046,5.178167041402893,1
48.69462345107759,19.307058512341143,67.77801115805983,6.825606172751471,9.410557334434518,331.0822004061811,77.54396297266733,512.8425321030431,74.2576558944218,6.738199723511155,1
38.25233878689782,15.452907932835826,45.90396943057095,7.188667098398676,11.700354122292746,223.62206298904704,14.917471445425557,959.592299677741,83.59241948639995,3.601915629268241,0
53.21854368987685,25.12398525755315,47.17988604979783,7.031704608074019,11.165327289698757,397.92190118862163,7.633812541131713,1057.3457247375213,33.1913898963708,2.503767188528929,1
51.45074485846338,19.68429380343551,50.77295615057442,6.258278631545185,7.481725745204488,119.11659354804857,30.81940936594534,451.26199450107737,42.602271087903624,0.26707146382891744,1
53.99599826583848,17.74322929520244,62.781887382506234,6.457404401701571,7.649111345683176,118.35754715001968,62.41815293460618,484.31464597582965,81.84945909739447,2.380450444397893,1
49.5143901677672,23.919562523211425,36.41017194978242,5.872264308736199,8.008049430194987,424.34438780751657,61.65466891494674,472.1390588656367,5.233929807580203,3.379702091023731,1
47.2683039187158,13.998527742465194,27.295240972011612,6.084028200881468,7.431603522377419,273.70726442546845,27.58501251492205,437.567442658009,71.54818247024663,1.8239716321229738,1
43.36486072581238,37.83237199226222,53.36344011148769,7.056251322573043,11.257705597347737,236.47202184014228,44.56749786574178,927.565182907427,41.87959824109052,3.420103218287737,0
53.65456966708027,36.031062937577175,39.61865739456435,7.287956783766217,13.955441433602164,343.0107448701354,21.18901557137355,870.6505517914912,34.886651594470415,3.5843475948978125,1
52.32127779000817,31.22861757221606,46.54947882008224,6.948920846502824,11.216866724127492,380.75973754758945,5.0578685166737465,930.2453252479464,41.22291626531551,3.1285772344474254,1
35.90437340212379,13.186414827653685,58.816802500238325,6.430347393313276,10.85345236953033,180.48053873776263,51.69704674268787,804.5337306193449,38.68216079514218,4.110337593002164,0
35.52733948994504,33.27631763409079,49.64754446847624,5.673018537879495,9.27942346680858,174.17249656189261,34.69911342520381,1054.0061483244654,69.09567563690254,2.9137366950088803,0
42.529267337560995,34.23871984327057,57.21672902605057,5.613895897396897,8.500642070878087,483.2602991039526,54.288243229793,837.3346419988604,84.51527700197401,5.046836544714342,0
51.21106661563665,33.03293853143013,52.65200012681767,6.248651129225708,13.288590055251834,335.8657225538277,94.65073224704517,1134.9975478397,45.231024290192074,6.348143332975726,1
54.74552258629889,13.418976613577236,64.38778231616595,6.427643437535326,13.752014993137223,256.04659091770725,14.33703116953211,788.5188260031946,75.94604072042603,2.614693064618584,1
38.008337822070565,29.317238712032943,62.3561970626972,6.7182412444265935,9.974209404701822,420.5766778678026,0.19620183109553269,1032.526928969279,66.87500821410147,4.021439391290608,0
46.8826143070427,35.02974387248196,52.05139350851715,5.512979042773995,8.32160396405246,310.0635835111669,7.687821328212518,725.8882829469073,30.761270700082918,1.59783709922829,1
42.61781713262043,27.32060203659003,60.73418125158241,7.479445780932613,12.160977661358142,196.66512414983254,46.2708296101629,748.1791158211543,53.85824330738929,4.075297699700219,0
54.398287956292066,29.39222125684267,72.41357613635677,6.227877766808086,7.059654326935028,182.69412225662953,70.69320298023236,1079.1936361903336,61.01341075141251,2.154375007340353,1
51.84237846271417,23.750904382789187,45.936277267290116,7.196189327602243,12.124705901149452,258.7437064679287,58.0763603317189,486.12786828613065,3.1149434701416725,4.0592618551741255,1
51.76657409422276,25.86121959652158,44.76578436492762,6.569933411330808,12.551586994490709,443.95834410395184,49.4894607373747,851.9342039865664,36.63599961018163,4.729033452135666,1
44.3738631958994,11.031305750551756,65.85473725114281,5.760878909066693,6.999231557017339,124.57916641770356,35.39631310924124,981.0691742230284,90.33743582627112,0.6628722048462239,0
43.2963900467533,29.16889065919854,54.95323022251964,7.0951311050690435,13.81489175037251,187.41040030190527,30.997417153150096,1000.3364923336429,58.35307843630842,3.1670716882967604,0
40.468141438614126,12.443416386734775,24.260406813355313,6.919654149839753,13.884098323107828,457.26072754103654,37.62861751049801,873.1948217359803,31.08196623625985,6.45821870596057,1
36.127509933018544,23.050437830206704,73.52672094146487,6.554872169858456,13.49375583461881,148.69382758770018,61.16349540090713,758.451587327611,23.502163546065503,6.3988271545715865,0
52.29444752510106,18.779652930022234,21.846986134258408,6.52910618266756,9.968278475250115,351.85028730566734,16.77539558655362,608.6259550934062,19.853344189068064,1.9982928481306366,1
51.258020182601555,26.36283850635139,64.90378137258459,5.674959211501856,7.968593138214628,185.40454724841004,77.13620830546257,1127.5409882832978,37.147726806868675,3.059070859248843,1
54.99435346572261,14.002490065696213,65.52764856225878,6.811697897147749,10.656074247055304,342.34673900475536,57.52532400931103,695.8303580170602,18.393912154684863,4.27324337094353,1
54.93273674147811,30.749302059199547,77.18666511691583,7.3224903115085995,9.359470707771486,253.24166673769284,26.91563776114276,1039.1936708266767,13.166756384817536,1.1337096536478004,1
46.10863411205255,33.85034610785411,23.248064504139244,5.686489838442717,7.647589157737577,140.67075857239675,50.11529628112837,425.332490370109,33.7656955984263,2.0549010915018022,1
50.379748303610214,14.900633492294695,55.811411647069455,6.02702290129781,9.38941127694278,332.99002702164256,96.27786876851664,585.7353717492873,55.6299723381214,7.235030894696225,1
53.895314597648564,13.129392620556466,45.670434237623176,7.304615946884198,11.311118685420723,373.2170988338344,2.049152914519403,676.4678343072981,14.17592638775155,1.8813985006049327,1
51.99294781354823,14.365464483620775,39.83797729157252,6.068687819639587,6.5673064862879285,372.10904758632114,19.952264090122917,937.2592506481634,4.990894647657407,1.692363310884695,1
39.94696203486395,36.31382685695505,25.419113617944383,6.807887344359853,8.667344011568133,354.81376362908384,44.838023990327805,655.4646457295128,4.116953625732241,3.9608768391063838,1
44.01088270620187,25.845677852690685,53.75924718027855,6.569636329886288,6.1423591201026015,300.08991237421833,63.84397217798281,433.0910406554457,25.064582719237148,3.2651779701367256,0
37.5831883030299,24.01782988022508,48.74244354047682,6.692655210007724,11.995964043693405,307.7890467437303,21.222826628548518,539.0940128432128,18.11190614646715,3.820462958674377,0
54.08102054517445,13.201354573070628,26.273267489061457,6.331577803154506,11.125530140933606,354.2560439231838,93.14039483761962,607.3322818954608,49.532982426113705,5.629187057920818,1
47.1234926890176,29.486680202708854,56.749370425825006,6.099982941107422,6.501377077615727,376.10374469865644,64.25720124246422,540.8379839486552,42.01481683458095,4.202104747909253,1
39.57285611006925,36.039987756852696,64.2771872151763,5.597066901459338,13.717900476815743,361.95069553255405,87.74319489564306,562.9796481129067,30.22899529051168,7.967230221828434,0
48.43401368811713,34.84557607970359,66.03669806321889,6.988561878588328,6.180972457016805,334.77822596538067,32.93179302503185,1015.1655525386835,76.01885507358647,2.4360355035239643,1
47.36256480915792,28.78164126942404,74.32239129574565,6.992186924388454,10.71968517180871,162.33559392164736,82.89539343066295,729.6269151603681,46.44522936968738,4.738373312987827,1
42.16325436065681,12.258361499550208,44.56824451332663,6.841451480157446,12.210939694392447,184.2466153971447,37.821921689944624,724.1433957343402,9.237699287568926,4.616526690424066,0
37.271151843992584,13.371910815280389,77.18436611732821,6.787267576239241,12.303170504357784,204.08960841413935,25.275177246120496,1173.2850693275889,27.618791866632574,3.5776782232560347,0
48.43146391185599,11.47926961329474,71.92576430496116,5.987434264335052,6.27428108474563,467.8646628350009,91.1655339163793,757.3614703553602,88.60053395769323,6.966219123015085,1
45.40615401807587,17.724376494774077,37.79009426143634,5.544689867532583,13.251321061123514,403.7580367187866,9.221847567885455,1142.126506025916,88.9279588682213,3.2731570525881075,1
50.44636783471279,14.069844014811332,29.556982240967507,7.117430793770879,13.347613375416977,321.1467278147513,94.28887960564042,639.2504785733443,23.920447199240733,6.75708832751868,1
45.403270022239866,17.801441207573017,46.1233637676808,6.482277071391653,10.49112298523498,200.82277141761872,45.85152058676055,720.5010079233384,16.05125159154225,3.6738313386637396,1
52.043630006370805,21.55174167156885,44.113922477357995,6.113676261405237,9.856665591097169,144.35660929766846,99.26254734858617,717.0266848539698,45.61193315955199,4.638255113812832,1
46.03813677548971,38.28948352213407,54.543158319872255,5.70386381356114,6.3589397045007985,459.5036903919899,53.95946537350288,836.8630658517155,44.33184263501619,3.803980724990536,1
46.21875943070773,28.31128179345076,55.00317393966488,5.625443181802777,10.495633140078949,457.0664063291668,75.7488172082303,867.3978326831618,37.91239185421154,6.467551304507401,1
52.533072053166904,35.049213570488874,64.99921906279852,6.197733443590355,9.275032654161846,144.2782382782766,0.7071016338003999,598.5000232338151,48.64215047445577,0.1,1
43.06965732424794,31.31054502136997,50.593396892336614,7.109474129533881,12.18245125926925,418.88666643859847,49.666681996016514,1034.867400333695,21.897584066638075,5.942544867387445,0
37.68030456901281,13.375093915798953,26.28935845644593,7.337447498667661,9.231068535088703,278.65802772396506,73.74534716181152,797.220763741434,11.343640738931846,4.513319115911702,1
35.57565352626678,32.07761219121846,71.49748013318637,7.293502729226129,11.468646666597678,229.58677313221605,78.2827019958449,405.634842815046,52.34153126287915,7.3126623997740445,0
50.10274511347238,18.252966446773733,38.585874991111226,7.34000166949931,6.811265169900246,395.6418144834829,15.804858260159804,873.0725066533441,84.93381971041374,0.1,1
47.4061910270693,29.17323540984119,78.27784761839553,7.315450686258686,7.0636181661277355,345.7318164242922,41.89709503827787,1038.4475532233091,13.39743489582681,3.2719447957958714,1
49.08159536198447,20.228859209289656,27.071606520786208,6.554449503200791,7.117681525193267,412.01204303733493,41.907195811933875,600.3733902523662,64.43332518083162,2.6721490574774265,1
39.25928323017821,39.930167897939775,77.4950703339502,5.938831277113808,6.364203998397948,129.73154425317483,10.364080849905587,430.2968074895408,40.41070186423465,0.8997890264377447,0
37.727429511735394,17.906544384903334,25.460708412951018,7.096093165673641,10.33063087415843,227.43480798298256,44.304550769146665,1045.742924520578,27.457893075592363,4.080682826819596,1
35.290893313357635,18.37391412322809,33.86216827682357,5.9274259497051585,12.351741808349088,227.7267401666943,80.70929586960054,1181.0213727773016,77.77982965531832,5.721183760783055,0
42.01175117613194,37.92016766687195,22.794796525192496,6.034414553513138,10.883289629549328,231.9012369151062,30.0180737618987,461.2508917319219,42.084252508346374,3.8198311780720307,1
46.79835373709266,10.73933213908968,62.306788798339696,5.966508643645097,10.59963908442285,300.9919490575222,43.25745218938831,1150.4294458605768,53.498081266119115,4.151178969815456,1
42.84488090199464,30.900669636195907,71.01792419430751,6.529964807391612,11.444991427221892,213.20552123237894,96.09586850621426,687.4195295808496,40.87506582459364,7.255685008374926,0
43.74949844047458,31.759791722076343,46.04426490895882,6.14365501633816,8.71716258457612,277.7534440350079,3.1708075891562215,1153.15168687047,8.312462350259759,0.6436025017378019,0
53.08317388987497,35.09135732231198,75.71132450254578,5.808312099250683,8.895632573185832,247.11103724616632,59.152176789535574,919.0714592019574,54.54142182101673,3.4399684659238807,1
41.96510934046601,39.23317931915426,55.41794430533598,6.406346823787764,8.51416078576738,394.1184192082045,74.34360917776291,1112.1954499587305,38.69568775343091,6.775234822996943,0
45.279789783196215,39.26805757469957,57.800428126791395,7.2478144775703335,11.696871462828604,341.4003182700201,76.08824340311784,1028.6664200411306,8.808094546086672,6.403759286705012,1
50.67306025482286,11.958302726993917,70.7251521020462,6.641105709899945,7.293122685366194,361.45177292692614,71.59380248840444,422.3981942565015,54.623056097707746,5.005983061917613,1
42.9308556464254,34.655179682587075,37.80801230311033,7.256671211775174,6.104202242503395,184.23355763305779,72.64514434684364,452.3540018600431,1.8883838835304758,2.996195642350548,0
47.44173400455747,29.38929800972144,41.255943279657544,5.891744370158275,10.769571573779938,230.20086613075574,5.901266567304986,820.5956840948352,19.766834942913306,0.4553593339301074,1
52.2472741749349,29.420264031192737,74.35711515167867,5.833947747345108,13.539050917873643,108.46617904482972,53.413661913633284,503.6952158759301,71.29625832146911,2.837662227083305,1
53.990412473152844,13.850497798440845,74.05780976232583,6.65115425139684,10.875263335970438,143.34988291726796,78.2969071657256,768.8273913257212,4.413468237286102,4.915424807968721,1
37.94146961858076,29.5056149933696,78.58896657205224,6.426657803092546,12.26337322352716,206.02169279555494,9.406504903732959,1163.704238851574,59.201388824962486,3.9796153787100237,0
53.53175250322989,39.47447741803744,74.11029898650027,6.820345283293914,11.382325675728241,126.18548852080842,1.2049922386867862,635.8058300435874,86.47362515865916,0.9684248968129787,1
44.842325861590766,37.354557086183405,27.642322162001655,7.089253582053563,9.979493228184129,341.052960141881,81.45618315996582,791.1301710525927,16.40732123557061,5.157657851740443,1
40.16488776597917,23.173919824145514,69.42345716821924,7.0026145913043525,11.747139214270767,499.2520463695301,71.22943875664892,707.4077040544555,38.54006741886171,8.121519263599748,0
44.182715124765224,11.19843919858283,44.59030868657564,7.384522347317122,12.592832990841774,140.32608562615542,41.22064169144426,903.8615713985987,52.794792763389836,3.60866424743099,0
54.60065150570954,20.868804700006145,79.44808135675628,6.296512818314023,7.797853153373584,428.49208506770606,94.0396432574172,555.075944521247,41.53742548604598,5.882100012765945,1
44.85236187985739,34.79170934801665,48.33685785972806,5.912773484496362,8.689043843865164,147.52649890605886,76.65980946514712,607.9514321074266,56.833991756359055,4.372744532899012,0
41.57503220575016,31.044973043954982,53.230164950133236,6.601825279895771,7.789805860026271,367.9656075185744,96.78609416065774,1087.014281091208,37.368777265029834,6.682898968357182,0
47.668017086334515,23.780309667818692,51.786494915407914,5.721486240382371,9.617383644723528,357.2630412236069,92.93152595474673,1049.0689790882707,14.36537161197284,5.84195038059189,1
39.802912375563864,11.653046054764932,39.304221791496666,6.077702246663263,13.080516407333342,461.0867739244797,48.12936029793071,1031.3517510965123,9.013992384201012,6.598003300194296,0
36.517266562173276,22.806841834699078,24.50132533357509,5.915776110526289,8.761656806682659,145.57824547220494,75.4708978643566,1016.7356874543168,67.999884055943,3.5543548501616864,1
37.577594438212984,24.070748191536506,73.73907382411511,6.293127433594162,8.995735113044427,226.17778643275912,66.9191388807639,767.5499947692632,22.476155456971433,4.519238721623152,0
37.56091677915545,37.85666598682408,68.16054875157721,5.722433150004431,12.882937877375454,136.3119041418743,81.14452100924915,983.1126180257666,77.27052814900512,6.2689533622527795,0
38.03805387024589,29.232583107464784,28.371606833580156,5.563683489096196,10.122994645957402,262.95333032177354,78.7688402250992,709.7638542976943,67.87245194396563,5.641568427002175,1
37.7765434529882,19.34958749963947,66.60609628100437,6.813588009260064,10.283591997179474,464.63726942297797,15.323197003322676,480.56766415158415,5.450786590812551,5.573654266713812,0
47.81749489606429,25.75954793352164,57.5507999630366,6.72049795657961,12.886409626657702,412.60926042474244,23.373553180854636,714.6997133191139,19.109000535736165,4.897979518388223,1
38.637601687982894,11.981659234664802,44.54862727505734,6.916717872077323,9.924213896203785,389.16004017812764,26.573157717756736,526.9304353823447,27.279339090358437,5.220754409254541,0
41.91334566647726,39.177047069492104,35.241268945733765,6.8207728805426875,11.452460277035161,313.2110019450808,81.84985592170105,712.6813445060077,54.50340239434362,7.067560754620095,0
52.935768198120236,20.80179705792178,71.58372701013394,5.728589362284767,6.685157326992486,453.39429693420914,81.07417039291889,637.9401722903092,73.88443002836252,5.807841870593708,1
44.479232805257446,24.336020647394072,62.01129555764318,6.082157762751293,7.429053705015082,279.7767192965313,49.53353469394421,879.3285336543399,6.429992964258083,3.7612975252547476,0
48.35115477042054,20.65851922710768,52.864394568148214,5.7590532198007045,9.235009605729964,159.8742668402553,58.08322592519212,689.2323323987387,23.464805669182983,3.4204084284585132,1
38.4463974240326,30.475351903486004,56.574112033907845,7.185944804097126,9.958712542558999,435.03408924831166,82.69221529683999,964.4717307033427,34.858878614174884,6.439856282158261,0
38.845780376173416,29.866964749887792,25.46397092493086,6.9938073107110466,13.725869609889836,211.85533122069074,31.259360067774324,809.7173448381195,17.503943912934965,3.5133407410154702,1
35.81737232532958,31.45966931587407,48.435185654671514,5.903054005836485,13.76521306438232,121.45341640977922,5.01787769163633,1135.59382281232,50.07628877557142,1.511338095173105,0
38.37870126144329,18.044296888357625,31.62201756714212,6.182618480979787,12.809576699830092,150.41521226751655,48.25964382791672,472.8203482803096,44.02022314224793,4.426605181366452,0
40.57180678063917,19.47005443492198,32.50302074052952,7.433229984528428,8.524790682284596,343.62356647765927,91.37171438486718,950.1673509130658,29.48460778460439,5.629894261527021,0
38.54020968553493,13.75753693288624,59.678237737212,6.688318715759303,13.712226326659518,342.83278556846903,79.0468260960073,937.9175020560317,47.51981982283211,9.563882486826088,0
36.77405067514111,29.665299155383376,74.67536911005729,7.102311194602315,11.5147269174097,204.0732684328138,36.661730310848576,1160.5012379301606,33.02394079160025,4.176074556528335,0
37.412717422012015,11.193913820069577,44.22539662870079,6.029182069537458,9.143521022539204,390.8720591783916,6.477136048283672,697.241493634922,31.887466072056167,3.1548983901858816,0
44.21557536065451,27.930470065703773,32.46495638073142,5.920105840358611,11.613399335878132,409.4560621598137,63.691950538251,644.3503757697299,24.885597282129325,5.680927069589149,0
39.12667436811585,36.090876545549015,58.924816234199255,7.067833857693097,6.132181838292213,468.2010504534473,83.44907958705201,537.9147553709253,49.63941408829494,6.495213274421755,0
42.28539722096151,36.72496444868901,72.27122278101906,6.87174491046288,7.169237458193709,333.9749994712948,66.49485664546386,612.2308122842348,40.97038550070941,4.555065401878806,0
45.068345417097134,23.47113281109885,64.89912806734945,6.861955858423528,12.637485692450941,411.7693456590291,42.50746647630197,801.5126182041108,18.66923057145014,5.180869182277637,1
48.80789657258731,23.779110646392212,72.12543383219523,6.605269163658388,11.16458909498537,401.23987190865347,12.335361317907134,1070.1703695679817,2.166963480837927,2.595401706079682,1
35.78624279682198,12.30907549024052,52.19328026064796,6.627156685553098,8.913557610335072,203.12361938687715,91.07742441373549,627.429282784513,14.583658655162747,6.527321593038243,0
50.98820797818085,30.122950763291072,65.11257466215145,6.9713950106125075,10.00533312178175,224.09037117506375,27.595832575338296,526.1936933259125,4.855114134868531,1.929524341556649,1
47.558007789818156,34.637782611185365,28.403873561536187,6.04000496224239,13.241137197166136,291.3929583011486,22.428703649295933,617.702776859335,39.84389502745889,3.9740132944152533,1
36.63518063897744,17.33965163814139,40.89647692179149,6.205536931713912,11.052624875832691,107.6155870116994,81.59766656096541,480.7415800227877,21.25871685211225,4.641705335253092,0
52.47157248213554,22.639026449000937,43.37294986889135,7.24327354104011,9.185194271474643,218.95910926308943,98.1219938723857,1141.356333046397,38.84097992722521,5.400153087888083,1
53.417448010636264,35.16518010295811,50.677744774762076,6.117730402024316,6.96261325918028,289.5531493376952,66.01602587447604,1098.0993216177976,30.650488603300797,3.972815429298982,1
36.22155919709728,36.313614029868646,75.74458161540943,6.592619142758598,8.349974413004489,143.2277181124575,62.48104890245506,646.7933735881219,49.42133296179101,5.2598142383931625,0
40.537552962944076,17.29539940792678,72.45779361333047,6.905278928013368,13.826721862372667,150.51035511005017,31.943086922106257,597.5902527454937,66.14801459097407,4.25941351289579,0
51.12402559586123,26.517119036240928,28.071529537351072,7.499849653666353,9.49890450281422,285.29469429493645,2.041345068512934,1124.3178512519326,44.13825443204707,0.1,1
49.96519380767317,15.774794519074812,30.36737911294779,6.370582662990664,9.774715710758887,392.3860126343725,19.179786582270964,401.4175610567648,6.577125484521779,3.2146455248718064,1
38.690420387127546,13.056362924186697,41.45843297533468,6.356185753249887,9.988784259176123,433.4995723682733,58.44304365565719,880.4620223930774,2.575943327341717,5.879271965481926,0
39.186986466734204,37.333615041758726,37.444631953440435,7.185176758867335,13.072832183585689,318.5255590018994,15.131646181604552,1132.8030087565364,20.190804964978522,3.8495958468557108,0
42.40944205582764,34.615225126963274,56.88625718937574,7.111006222519727,10.831426275082478,289.8995950186925,88.38358069313271,806.8459911250823,39.247076009876835,6.557207531264744,0
44.69045970382042,32.80104705409522,74.16656286587269,6.962151763469097,11.549416291615376,253.71222738390207,18.81446878528852,402.3735676797071,5.041452576454057,2.772747119673108,0
47.36509543060592,11.462989564394213,77.73749250035522,6.426459274818058,9.115308340392833,177.1795969750425,52.210445301190155,575.0971435081245,30.49604243559001,3.683044973475391,1
42.378272791395446,35.31186378130772,59.21617715211359,6.147878240321432,6.232700948711795,158.62480112574588,51.20132457687949,1137.953275113547,80.83231371056371,2.840229432323429,0
44.25069432266296,23.141322277161514,70.2895520840652,6.717460965169697,13.447783313942754,416.75858066472324,60.39456301296505,413.6179393438634,9.101711966695243,6.794708812259537,0
49.94941876267513,20.271853698875788,51.512132013847825,7.252446586263282,13.593021447331251,286.0026528849345,32.7434069718039,715.8238128505611,86.36648587926162,3.8922355703047735,1
35.73366405781196,26.394290830761292,32.49961681160238,7.267554916417173,13.59322442678441,416.12809819190187,87.35342010653153,1031.7957810663825,78.10045979582077,7.352997497439475,0
40.048738886880415,12.740597281706675,51.481304725608645,5.716996690140877,13.549496693173733,381.6332143602519,44.43015359750696,1070.4727949480027,75.86030404121848,5.448095283073935,0
49.26699171769105,32.69939648057196,53.30495608625907,6.3567005676263015,12.521935528556488,177.55836575335155,70.01535787365741,782.086346102936,78.72926597886618,4.51689285060688,1
52.904136753743984,27.473052306648878,64.54745385281339,6.429443912397499,11.476768400930615,304.1229056844903,63.59108609667031,585.987001386282,8.204523872768478,5.199494046952301,1
45.233548842313326,15.597702906195025,33.192979382440946,7.455230735047507,12.756079346138286,277.6066521690723,11.715608311970326,879.7637741489272,14.605128458082712,2.7310041475033398,1
45.64226970530631,15.646965993071369,42.098622925203905,6.855996030485169,10.80436991200829,269.5494024362787,62.263935270261136,611.0224252458412,13.093518390497396,4.6520618749185525,1
37.14344022679552,15.527459547180227,41.84164815287398,6.314492834524141,7.074956911136189,317.0284196815255,55.0702677981096,604.2114063967331,11.011762967623836,4.725261045583537,0
43.948247336469095,11.710071626558019,77.5663757444699,5.552115771971186,9.129745320331368,492.83276043017514,89.86040632559059,1046.0798107176106,30.494009757900635,7.776875711413708,0
45.65234532910046,27.633953481150545,46.63669761960314,6.630770320198392,13.7703592957835,425.1602390682981,88.08766364849033,523.4126682372905,75.71951946554746,8.441261214542921,1
39.849410072694596,35.21044532765524,65.3056380378888,5.6921519512767125,8.80910250876525,461.48497265215667,15.095478741164637,404.41718272159267,23.676592926810635,4.182586733346086,0
40.38486461898762,10.524946419621658,65.04868288246635,7.168899914695526,12.942623309850955,111.85583327041502,8.168514558660767,669.4201736046793,22.9799511093034,1.8595863126373184,0
42.54568326209245,11.470139349138206,35.93265108819448,7.005037321140724,6.745691766198957,156.13454671700237,29.459221921086876,792.779163996024,61.82998816785519,0.7796210963606957,0
35.40142395555453,27.183108300608374,54.312181362303924,6.4210183198163575,8.673470739003758,133.9054640898254,98.66128566843088,964.064313516259,9.72325919230454,6.413023195615688,0
41.441583311663564,34.58487056158157,73.65817359911888,6.3584215590834,8.807626597819038,205.29240202611066,2.1573776406316747,1024.892206083431,33.425199312573156,2.5567559022646025,0
39.22896013993089,19.80216671705901,48.51186316741696,7.294677931137537,6.412820344871841,276.7569967866602,67.28922395728767,930.815368906904,27.58836761597989,4.755774850060359,0
41.54994704355829,20.488431964231665,76.70705044055276,6.076916700836257,6.95275464149404,356.8212990623558,60.85137338409772,901.2071042535413,77.25707777164791,4.586012080966599,0
37.39524263638502,27.890394924903276,32.867493759449694,5.998039924213542,7.545321688974168,300.33250651464084,64.65782804578168,932.598977855548,47.30511498629139,4.003202665142767,0
52.8105456147979,18.22638667372441,24.449546346441842,7.378394865651524,12.702524726480902,461.2735659652559,21.828588977074148,617.2212140648792,59.182620770974694,3.0932986527591786,1
46.87184907108097,10.798250982330524,73.48723238868496,7.118491673506965,6.507215919518451,475.9423835575455,22.671734579984992,705.8890583716543,12.61309043856117,3.4160651461660656,1
48.58204638288979,32.05685554304788,70.86087187773299,7.141251186134389,8.389607210755099,165.40838047898356,43.06420821738246,893.1492007996516,84.60264345003192,2.255874952613166,1
50.783424772146766,28.769497388243593,79.55539255603068,5.890387628551851,6.08140002071414,441.165168105914,9.585780706695635,452.4565282831783,30.020693871259418,2.6611297130423726,1
44.96884397858115,27.422679971669773,60.76360928674556,5.786591982861869,11.565021963224197,292.6888816053204,7.46132090189402,636.2602800542845,64.61549540588453,3.1933241191356414,0
36.738405761748474,32.250523869754694,76.20127560002896,5.55205909963427,10.962424720347038,281.33178852695374,8.83594534860972,725.1351558061224,86.91635619239892,3.3602262696008474,0
45.742130836370954,30.256925126861127,69.61694150504664,5.97408301783736,11.159858096425134,413.97573939382727,57.29791713062578,826.7525462831488,46.77839754544023,5.965978167811527,1
46.736822360417584,16.176459645349635,70.6655799872052,7.0483809834286495,8.99506227771695,137.25620361795063,39.77418568978938,789.1856858887688,46.678173286047,2.5090896848799797,1
49.908789483686604,20.574431408300534,54.148494227256094,5.9800768375282995,7.666142570140552,452.9972509676586,29.36167806572736,974.505502523195,11.552448120260673,3.75563469703617,1
43.63319092459359,13.78330425035875,42.94187587500265,6.958206567189753,11.762561706288267,368.34534181904587,31.581937965130557,778.7413403331689,36.12480007808163,4.597261691129966,0
37.55160605591128,13.89571040253643,76.0734843525969,6.003816530734843,12.488942981925561,450.10464306319915,20.728330584907372,1123.303987059991,77.7218444993382,5.686381013461509,0
40.67551811597449,30.285872390696177,45.927030536953666,6.290584995901344,7.108811984785614,497.7910310830491,41.15053353219349,704.2546737219338,13.15958563890535,4.612652886948386,0
42.2616459279727,35.75800320947495,52.32916203498014,7.466324579822817,9.89463542349937,307.20178094290134,20.305806919996737,820.297364940925,83.57537175045917,2.2232497193509193,0
47.91834482663202,38.881977515834166,46.766858427511266,5.989623462568272,7.9897254558309,137.3048791635716,69.80460422993325,402.5683116816214,61.0578472947991,2.97064472252329,1
46.41556609337824,28.850413526483333,53.889098837611826,6.252741254596535,7.34485488964907,166.60954517235461,12.393251265393612,648.3823651569514,38.88638515531346,0.7801514354157619,1
42.12193451795692,15.52303970082871,48.23030473953963,6.1021743609304275,11.874602507959992,229.44729702172398,94.82420845808464,1093.258381851194,50.18485766730915,7.060091971491064,0
54.730304975859596,13.169510363467921,22.878053514768553,5.719249972660005,10.304775483782695,141.42117685388382,8.981894012728219,666.8611156770332,14.544694696303083,0.1,1
47.11549638713774,34.38552914610273,72.92289116046192,6.47978828426165,7.729482659029342,426.1367304551079,94.3460714279876,602.5490666659696,20.573496382395785,7.922199339706301,1
39.74453583471989,27.36269429079998,46.66362913494619,6.257381326666005,8.48000008969236,218.7471404131074,83.32949715204066,834.8295699537773,26.776758436000552,4.6104788465358695,0
37.03564945240807,28.548550630411597,55.33661891044092,6.88977417161456,13.733229370621938,490.3544752079461,68.07121206133803,462.98407875365797,35.636150635697305,8.857026779793445,0
38.05718278368664,33.44386266264128,28.351268165479222,7.135189093903092,12.789436517668452,381.03657277274226,91.23016555654836,825.2841053203194,83.39697954936862,8.109974097989605,1
39.919154567690164,31.09831683197355,20.20327087895835,6.588499428991277,13.039573942985026,169.37214810222304,13.921879351737687,642.9326385937507,34.081212246864126,2.2938703774056868,1
38.21362746519112,35.0337475856829,34.71740561861858,5.564392844174674,9.680096776645664,290.41705877757613,17.63147741869153,706.48231189951,48.14517163475989,2.099948877117343,0
38.731340481026116,11.686417163796355,62.27516192800101,6.737844712469443,10.990458111367001,286.7536886533285,25.21525920588158,1033.092003469716,15.582354527605798,4.82769165452188,0
40.701903373876945,32.425619102395146,25.951671806772715,5.610781460041879,9.014141921635293,297.00466333345355,24.48115267658909,929.5712148912946,67.23758809468636,2.014271090232652,1
38.467471905895096,35.525582719662864,74.53324642318807,6.73271264719805,6.621695805511124,314.2764682571742,31.084827092716015,756.8848744990743,51.425276416003136,2.4862388269052884,0
52.935308492528506,18.58405127374943,32.901354161371074,6.870059898538377,9.208554485254261,112.46923292709235,57.563089827309334,862.0130504679515,40.59167121850348,1.7299771276189835,1
36.60467491323284,29.213418219797585,32.27561685750655,5.895535255235037,10.751846025657159,374.5204502974494,2.8172611305104622,1013.4870042561834,86.24678190023742,2.9264611066037514,0
45.49022779140509,19.42486191510916,30.890477697289732,7.1386922974435425,8.297154166145052,294.8767101153773,38.22725950399758,996.6269961569507,81.1585759727653,3.437812168456661,1
43.20793653979323,38.739131994473624,20.838902778281884,7.322170263148097,12.783604597819327,416.3861595474796,24.638512789259646,548.2573684409427,60.35601451100475,4.327842542297759,1
54.647572338172125,11.002707173065113,66.30832810869407,7.126173928227639,7.208801273396789,426.1398293041722,60.6629848052722,640.7353775993638,83.96311655408743,4.000599247543256,1
37.24077804336105,27.39378531498865,72.50207187471551,6.110218380424165,8.93703271549536,192.214048796687,98.51693310515356,678.5895447728202,51.83036154397653,6.577314138453533,0
42.95711198091483,14.995106411485452,56.849762156971934,6.673286024891269,6.999231242593623,119.36917857071111,51.76546121833726,550.0338320040036,75.42434365437401,2.2934351409440845,0
54.389408665507375,31.36660615531476,31.29199890079174,7.3296302983824555,9.238657071881804,381.293542444929,42.56852391184338,409.72916320504333,37.851414776666765,3.8310223062717026,1
52.310142517879605,15.276708502559863,37.11667981645279,6.141329452445699,6.317290439794164,491.1051153855497,36.82435451451161,539.1738150310498,8.806977221315288,3.334971785581094,1
51.341441418985596,17.061497856950727,48.5556018418978,7.14005564453085,8.180395160493163,278.6631946323604,78.49492188798577,1046.5954616651898,90.47337305761987,3.421530186143088,1
40.1580565408988,24.83112433137274,77.26075709739806,5.5189502625233935,9.205882040909469,203.8451238374383,7.198093165072694,836.736361113977,15.906836874391526,1.6690949062952671,0
38.41775174780132,37.44504849990634,34.84108230906457,5.507293405569353,9.825322906213533,162.6687578333924,95.97705144601215,673.3264215897447,23.635903533309037,5.394676457017388,0
48.372864398488616,16.351431164439127,63.89875423519328,7.019423320677935,10.349570867801134,214.978238956234,41.79178859880456,886.6755565035719,15.679305048235554,2.5414794847143414,1
53.587519782551716,14.327200633543105,46.36689339757522,7.022895164254242,8.19992903831935,231.16782054857993,31.3700725825113,991.8673002774334,31.37315661808706,0.29348548395567575,1
46.1352578602786,32.76930495562092,37.87084090160131,7.0779543757045875,10.184330676918979,269.5498973737858,97.40681163997013,683.5422264166901,27.03521203537049,6.23473449910978,1
46.432253789398,25.01858597001793,47.35495622132682,7.360053675776324,10.072036972496479,362.1628492858346,93.58788632432,772.8598732279795,55.09920236943114,6.069838611981243,1
40.599581873205686,37.353553371453145,24.27240305247395,5.735812623640569,8.529424407009667,209.2652224320908,64.1934139765721,451.3705733360925,90.6814012977356,4.1104017952174186,1
50.38985866383874,14.398436714795269,67.92124225582174,5.963969969967376,12.641602645251826,120.39070538747039,1.8507374850401326,877.6724289699833,5.7258149937011655,0.9036644909474839,1
38.74087497115047,29.37783679069118,34.598115678978026,7.307449840747616,10.365129012748522,249.31144462908782,74.85349762065718,685.1256764417477,71.05988019639898,5.023720627849957,0
41.47358472808487,16.986374384554452,63.524727391578224,5.854472395544707,8.65815774997236,442.2518464636303,33.55574000420013,746.81891808063,12.51927319658379,3.40525454463339,0
43.50872877232834,14.70281285954918,24.10090228689168,6.864458535153168,13.578708096646212,299.34060434075354,38.82802308542611,738.0804943575397,2.7851522168994083,4.969813243733578,1
45.1522075736891,30.502882454718115,77.30591336994117,6.560926000081631,12.76089930456929,485.9135030981639,15.87421289773886,905.9274309940342,58.47191381041254,5.65648638735479,1
39.84819464830161,27.810538597261996,31.58089912434192,5.666387353703015,13.860702492414408,301.4486124354927,52.345808386489935,857.9722791635847,79.59837059824305,5.192984901632265,0
37.29673649478407,32.64482375086993,72.96452457242484,6.0705273238830655,11.537870997163367,210.35952676873913,74.45525962037662,737.6848382212545,16.866865598355577,5.936735304439276,0
47.21240084883265,19.283877293385473,68.56839257692607,6.540744432881936,9.025783244048375,177.32559889808584,27.301111809306843,413.564017192583,31.745240617775263,2.9206965095944577,1
40.77261106480512,23.439149691465698,78.07159544488496,7.204700233367668,8.246885333432099,377.80979871423057,93.87329080433751,896.7700917051034,16.187518380076945,6.789919365357274,0
46.624764428452245,22.164150289912556,48.673439656744975,6.915076979229347,11.306542749395849,314.5525143109745,19.473685600295433,1103.6619792274616,82.58568123726253,2.8011973508449985,1
38.087254305484045,39.522683918995426,63.64383763075709,6.743766322909866,13.84653265996243,341.59957159817657,6.626234059443337,1015.6412572751182,25.33243891763103,4.845208785386642,0
44.62280203709635,18.767468702181638,42.24263942226705,6.49206577988283,11.01372064083079,402.05071573365245,64.4363873349901,1185.2925058000658,41.02416022654922,6.84633007955677,0
45.651788651031715,18.844517150403007,31.06209428118163,6.097367967628268,13.052919527918705,390.36138570595716,84.93187318800469,511.2602704165707,81.52671486547705,7.031947754239207,1
36.036470736448535,20.636446264858222,46.584555976006925,5.738489822638522,8.632827448382148,117.3453200672908,95.31328593075122,578.0160422302829,50.758228338640464,4.874155561668806,0
41.732085563878414,26.937822438709645,29.944940923307293,6.318152069132191,9.255630259794046,421.0287621180113,76.71710105165188,831.4139721775832,84.95648206918352,6.26217091983164,1
37.68829353877948,17.569682327912357,78.92267736718304,5.557036987822585,13.250201916714826,313.0813228206846,19.965001150607232,588.7053618750451,84.38053731823351,5.26833923396596,0
36.267499409455354,37.45869821137822,25.774789468442982,5.922111778533701,12.05493361566255,256.68341232590905,97.76611848037304,427.63982502535185,42.544091790434884,7.722752487646467,1
54.7992046477989,17.970566945987905,55.35270340715722,6.364966751745319,13.851282562943247,315.00777050722814,91.94358760288426,721.8306209311569,53.41443514600335,6.144663717798235,1
41.44707689949446,36.87447194680584,57.587831315243356,6.33721037134383,12.198113677857936,344.98057938293005,16.316742276244746,630.1157873231859,21.72828463416432,4.218240034448899,0
51.1974889170927,13.10425190939754,52.28477257244325,5.588590861993985,9.588125657745854,159.8025239495188,55.87858269153244,611.0086765271062,90.1482236921047,1.7018963097524162,1
40.092813095275275,29.69688107198957,59.73115314271001,6.678120307050582,10.248544158578905,266.96615813057804,55.551742593097885,1162.5382536193988,26.048499437061544,5.526269827563208,0
48.63005444447859,37.209565553147314,26.970846500713456,6.599368511706473,13.204123939705093,234.2344840752735,44.25347781294708,590.7632930123597,71.49762891828561,3.88570612516582,1
50.20455719779373,15.062483151946886,53.301111452317464,5.656208608041826,10.413173888784383,240.16357792721536,98.42813302596888,503.54605694991824,29.167215413970336,5.129745439164004,1
46.91277481215688,39.04980880297765,37.232754267641695,7.386326104920879,8.04317899331556,136.5339753629233,5.96222371802212,500.25540632628093,29.173803588080652,0.18062402350144902,1
44.43152377100317,23.586500812465353,76.41056379806341,5.69876555790172,9.484958502159596,163.93739520009217,62.720890844358465,1045.0592587908234,10.34766340308515,4.1449796722820444,0
43.23681828294537,38.37145325323073,65.72429920638353,7.209668302474672,10.130527910792942,164.73282703448854,20.53036226788101,971.8784596213923,51.39062297169218,2.132105347736953,0
41.977365330859904,30.30460130890141,78.35086892958456,5.500619463830012,6.7737586684090365,249.28989728865912,52.733120473095966,503.58895645364976,23.034910431538833,3.4431376387345085,0
53.59058288495652,19.047606096206547,22.253364184411375,7.264562190090766,11.950101394023122,457.7966179499166,77.97407717875188,575.802495088629,14.355528198185691,5.845816153723729,1
51.61238815575459,15.649075747513193,37.10799051084252,5.539439464408625,6.874831466839784,182.41094876837707,24.672680316854635,997.8744067548242,21.400002506506013,0.1,1
54.300538213330256,19.11205138675298,31.72535519830094,7.015624063784232,9.239341706950444,266.4770030699218,39.33595464831485,619.6931182676913,23.598384135762693,1.4464532716930008,1
37.485944469710894,12.79052227788025,20.66927523870983,6.223381622600506,12.436979532323235,224.64376611965514,95.07680742803991,1185.2336601258817,46.36751105075374,7.423131522962265,1
49.617349504072884,14.316038990299893,34.539543814779286,6.97643360027264,9.740562892906375,414.95332502053526,76.14807377203095,832.4560532967271,35.733073290000604,5.293666987556879,1
53.76680913642076,13.139813210394435,60.72655901122573,6.303490410849957,12.736124157748064,120.05057292832646,57.27231845118356,553.6063763280706,7.794125291976409,3.1212492064517656,1
38.624661323313205,22.68830631224673,33.86533532807411,5.641815844663683,8.73505057644892,178.61735821435616,22.199738780671673,1087.0467636101866,49.2425724606275,1.4805424291706715,0
36.329925347335546,33.867351287727594,50.540206728957095,7.035013390790728,13.661090351987482,184.25661694191774,42.53054374775831,655.5804367177882,71.89727064298883,5.521469373397131,0
49.82241298580118,14.241506626490207,73.26908689789991,5.64250537064273,7.675747454441884,497.1851201252925,77.40613190499226,631.0458840515023,52.68116448045958,6.770487864132419,1
46.48946226359824,13.909612995170075,61.625475220944516,7.344240871922436,6.3061131599144105,328.31000718652143,82.05430781099761,661.9529867611988,88.70862270265937,4.58504805333048,1
51.83657553516544,29.302868485519923,43.67774419436192,5.6019480715833225,12.979412343923348,155.58330575340727,24.46061981423989,1014.5577985784302,9.923518733002426,2.2157852188579525,1
37.79544753252579,15.91548945904199,42.3481363347265,6.458650555543031,12.017621727603267,208.8796557106262,66.20602104170192,538.5703597727585,74.90371030822985,5.68742815247872,0
50.905346237197804,12.92830114326975,47.344148840509085,6.946068861701591,7.855870696538982,167.1288376491697,9.500299212339991,705.4286242087504,46.51234029075998,0.1,1
39.03254640095489,15.00545734616733,30.622486463594385,6.2864929295840755,13.877932857093391,149.8418278477792,2.321230745046443,424.66621822752836,47.94356597907053,1.8425528971293061,0
38.27311885731409,37.711941876303285,58.04004604495928,5.93446694918487,10.018241034148222,418.87281136315704,54.86739234330212,1061.3012938796862,47.71899411845936,6.837173862716904,0
38.28531595861986,34.644137583285726,41.84916914627633,7.0181819227920546,13.608523521153309,298.30105146414195,22.43798542804287,672.5750130456042,30.27869451168746,5.381648196913341,0
51.29149440462764,20.621936870652824,71.14192095572261,7.068589409577453,10.040230171095995,352.48405473951254,7.891203124213286,598.5383358466995,30.209951281622722,2.3958042986951256,1
48.303944413924,29.674623019821784,65.39315960346897,7.345389967908734,9.774996694170328,232.5004987967984,72.98283128952299,863.9145939003994,57.86600559782283,4.21314974898274,1
45.46130849538238,26.118270210041143,56.630789845529605,6.252330220862156,9.59310829715572,321.4780344269318,49.7974588364645,963.9935070011003,5.028857684480477,4.339821030351853,1
42.17660968247005,30.313727904476917,41.85213335897096,6.5125034689946535,8.6790022090636,203.02761300947884,79.62770109584505,1050.3168297463544,53.99074407716231,4.44121449505279,0
52.544010816262166,30.48013457388278,32.59590990040906,6.226256885692144,10.269611977412413,223.21450997129392,66.39442396805569,678.2279563992543,66.21316463898239,3.138584741163272,1
42.84890214845271,28.862020451799786,66.56911184633736,6.014163643702736,9.620437295588543,360.8951777466932,72.980493991549,1049.8406801192557,33.06936641278762,5.868367255261995,0
51.33198878943154,17.98304105611926,49.184545939465195,7.002065923075217,6.293975012988433,160.14005036769208,30.73605812958998,771.9048002971665,20.562124551367,0.26590301787677817,1
43.78269817140437,11.170192622884544,33.48500229064145,6.179303690033911,8.08348186738802,346.88874366698474,26.32758256832364,480.91381403617993,20.2048221450614,2.7079562298867765,0
42.53888858849815,23.667003459703263,31.710476902400373,6.356298883984704,7.704982400844467,440.8939265692509,60.087489209526126,1077.0459861726235,8.36556880101094,5.077410144133305,0
44.25359571339213,36.72921654072111,29.92405427008154,6.307347315248055,12.939484818568532,148.16929047230764,20.008214039808436,838.1078256836915,9.074738728576747,2.033744175765102,1
41.02755748328284,27.084917755557278,66.6296717723357,6.925322451293492,10.79095981781473,458.9845122279916,81.54121156320211,881.9756575579083,16.001908137513343,8.383646894552987,0
49.95218760352502,34.971731251057236,33.7392311180187,7.335591252221359,12.10946480359782,131.77827211955798,52.292016897423856,1149.9930157557883,2.7255614547778397,2.448832236341471,1
45.054407801849585,39.748730288836846,51.59853581151185,6.833512122614755,13.654608301994244,239.5636907823492,22.6989932347761,847.3211879514042,24.961186677176585,3.4251076480169065,1
39.64425390293635,14.908486124148288,47.09278165838339,6.443165192188465,11.152314180211281,344.2037260951978,62.516823232990845,404.4668245423912,28.57616463231641,6.085897927929721,0
52.991491465491364,30.75332917425947,54.776653953697036,7.058410229477767,13.860879931237955,323.7659040474148,94.50357350836177,1096.492672802482,90.56991280205177,7.7623925714303486,1
42.67782442746423,30.22880721100074,72.62929402227167,6.781942648244275,8.494112413217037,138.55642899777337,8.20947265907741,627.800864258768,90.25189638905128,0.8653835900651674,0
45.871057222279774,39.39866342074835,72.06484340490384,5.621220714235627,7.490137458503151,419.5652671143412,10.934520731350295,801.413536627203,17.83439621533763,2.8632389674918706,1
53.12944221929094,39.56802201858401,47.06456430949158,5.691327172837683,9.22647910394329,489.2613172581011,84.383914686334,563.9092820491362,20.172894228723198,5.751051807275346,1
47.48475991827984,30.600358351723884,20.9219750440834,5.575833888147267,9.766395319486463,172.49131567350804,10.959377456687358,637.5868547639787,45.27157335043893,0.24067086290832007,1
37.33796081416728,17.308443759465828,45.58662834285819,6.413632652412639,13.16289234282068,458.05238792618513,3.93753693529878,949.3190784536271,14.390590036393915,5.218033060561548,0
53.796642472269504,33.95667514391797,56.371612245448425,7.1517068686779295,10.479523512293412,322.7237768447002,34.79305810464729,743.6586808303311,46.363546734237254,3.429344380422412,1
47.55416106142836,13.210874026331144,53.46588554588371,6.1261663387027046,8.337447995344135,474.37350849813095,46.67058849215976,901.7045044651097,36.94507343245669,4.564602580676183,1
41.69811229314172,33.42097912514886,59.080166348012334,6.268320366184963,11.941074262940166,170.43438336670445,56.94444366906898,1058.8605530503607,30.216060194488517,4.131990527595099,0
37.785441453267744,37.30588372434089,29.244543948385008,7.318954216735781,10.046655497112567,416.8085572717698,50.730023256424985,672.657617749076,75.03446537287977,4.889843233771925,1
50.88050378540592,21.485001843053055,58.79210592684395,7.17380689063331,7.297055562201361,123.91263017813245,91.31845626581135,854.6720306608328,75.53059299937519,3.979499604624003,1
47.40145511857027,28.919058849492416,30.959097124626332,6.83009622476512,10.614558300730017,453.2785787210906,76.86681003916374,1022.070314698509,89.91005202853539,7.408800746442193,1
45.66922183952643,22.90428196290479,65.03143884180494,6.033607564184503,13.291156294458272,369.6637688798535,98.38102558617108,972.0985542154997,21.077930267342403,8.78144539966693,1
52.87785166101915,23.132951649643854,40.345256795760804,5.734082965376887,12.740980939806562,248.101913568972,47.64554232253223,831.8747487854807,80.94497474293715,2.694478444227923,1
50.77194422449061,19.3111266732436,62.593726002887216,5.532117645360227,10.694479781082649,176.18672939914006,8.432960983917893,706.7068085818842,49.40613367065379,1.1305511795590253,1
38.033497594655024,32.863888613509744,22.871935934366427,5.714021345208842,9.016665391079904,426.61323942688193,95.55306429428747,726.001584986414,54.23134881991168,6.684762833768875,1
41.23444135591097,38.085296924995156,44.4716015354548,6.085192887247885,6.695830008513689,341.2965285579246,0.41131615890973583,746.5081695970125,81.66638928992737,1.1437000691393127,0
39.969782796289316,38.22252577703384,62.302071335799965,6.603580127158992,9.757191386652991,244.16634117920054,77.60960138390483,679.0764231569215,85.8367716740488,6.051856836564961,0
49.87892585145354,15.243438546248015,33.612230979889645,5.6280001655047736,12.016635500236633,277.5343299210065,3.128203077167946,959.2605079117584,66.41301319305735,1.4077119882377467,1
35.67064869471559,36.24230948969698,67.71722268783336,5.772455556636898,8.882189757864085,430.6170624289506,76.12141906516385,500.3322018174638,32.30581887416115,7.3718927899881885,0
46.39779369742633,32.12294324281366,57.84678398629592,5.8621614046158825,7.883574604413315,235.57087734274708,93.79389398480542,1173.9632965738215,45.07011907016548,4.837015038072676,1
50.24917371481381,17.585122020708678,55.2537063289879,6.763964185966612,13.451037754167627,135.85307124397147,38.926029733104684,1023.1884015772321,56.35484776486989,3.5465911773095318,1
52.53531273523499,12.018538387645437,41.212931252260226,6.731579597960248,12.57244560366394,464.51286888138907,24.096485121971767,638.5304417334191,75.57760350874872,3.883815238341834,1
41.84163497431815,18.039918006531337,48.94708822286705,6.601531452744306,11.106204955361157,254.93749586321383,22.627915251183083,434.0380554165085,60.21529348397999,3.8740261294075795,0
51.42514609344026,37.36624710344577,55.840958058671184,6.001002849391879,7.094266751364155,239.3550044460854,49.171764415020334,969.0425379031409,33.890285501886076,1.5468243128594503,1
37.212634739104146,28.99536024687317,48.34772683489343,6.2422393824374645,7.159270723249384,181.75984755037575,17.088703575679155,987.4872359758665,38.6092406224265,1.6808711011401767,0
51.92904583469036,31.631639826936155,61.898799436433606,5.693379432675486,6.825756731646232,458.96902849133824,67.2923630659712,1170.8980884220614,5.53939318353473,4.112783040704748,1
37.549773246639646,17.714570533272877,46.02181598641757,5.95292120751611,10.930373335141946,187.00213347513355,36.83523574883749,602.964446060132,84.18410743934223,3.0917691386116513,0
42.945745811207345,31.581644667244607,32.13639090452182,7.295410452945161,6.924502371786688,354.6691472005535,32.310949240325904,466.180072163379,8.930711199654391,2.2241932571871414,0
50.94590731559107,10.843645188337712,32.83602696806284,7.459383492871657,12.741017590901064,452.3060046432412,46.128557625645705,1132.1078061747462,53.193771161699026,5.589921984430341,1
37.99834854697548,21.259640373190415,20.348226130576464,6.795319171280589,13.943720014554577,113.96544584128696,54.258750243975186,606.9192276902202,79.44866931149396,4.921259498620279,1
39.58502790465283,28.802600456269936,38.05746293352035,7.33364658404684,8.930785477669321,431.5166821200783,14.19302622587958,977.2251578591055,38.877872456350644,3.6639679690157037,0
49.445051367861325,14.382896966239606,64.93505842871117,6.78548380080285,9.62935877573678,264.2397686759098,70.77633637968434,448.52771026214236,73.01129387602343,4.769639607607628,1
49.40073073092149,34.69010723340804,67.64976253025657,5.56639297221094,11.69333741588543,363.18983010608474,88.29470999053261,1008.4678439809336,73.34344716726656,6.8684035034450615,1
47.82295265770595,17.05093896435756,32.148052525745,7.493525169972818,13.497224050606127,248.96182529022158,27.798691620118177,501.6207177097123,6.386143472762224,3.4279391791830935,1
48.878968889342005,29.568433384553387,77.54263981228446,5.69790460337307,13.15275018845108,378.2065025389976,18.03909018294848,956.4690784332828,38.09293531576495,4.485992438096151,1
45.854488866951925,22.15591427725989,50.14416760880761,6.865283602890122,6.460734629998789,201.71796582307965,76.05054237190636,825.8744382827239,63.19229380183392,3.5982881099008694,1
40.03598117813905,27.881307864329415,75.01872494111015,6.00567240614958,7.35257442045412,108.77221697415851,18.354172376564946,1164.3905043738082,39.011815816199466,1.9866070548489791,0
41.91391987007839,13.223516578867244,62.405916911697865,6.28396222581392,12.03677758846234,479.1150059151814,4.125516036295663,429.5341144618744,50.06505233614205,5.006201357889773,0
38.631954336028514,10.507383997648219,63.34600538134479,6.791868369601876,11.511144864259578,106.54710561603311,61.92432203827789,633.6389966400466,54.501211414597606,4.780936828262648,0
53.169011226672566,37.28693282140904,25.102617278364267,6.372974698615414,7.065748752320986,429.63971585340283,23.975141630535024,455.607133867395,14.610643905811823,1.6477496161337644,1
46.66783589532241,18.088900263015482,33.19946761381584,6.001092117862257,10.016516656012541,167.65503732898952,17.181040892855968,1103.358108191775,38.078308553367684,0.6783780351071744,1
43.0170283352728,34.59031008341377,20.528889997668358,6.168892373756649,12.246517048682364,256.88809144081114,98.16027417145062,875.1209229288862,3.561689951520927,6.412307030408002,1
44.24011607288266,39.980509014166,62.96765842860425,6.183096233846353,7.750245458101549,428.9969506024223,29.186498339972765,827.9756898863192,14.466347487580999,4.121759280336471,0
53.94566679223631,16.342937739967333,40.6662973057106,7.418647809016427,12.970301085877331,182.37286012493814,90.34432902155358,505.1663136930478,47.10286570388487,5.244616428189152,1
38.067028062321604,17.955122235500667,67.19915096458081,7.097226031846902,6.423774198562944,446.2830422100143,17.82187658886043,791.2258058504408,52.622739814492924,2.905011701052505,0
46.724596640335946,29.88579362903997,40.33617319622158,6.4170975429588,12.257560680544591,299.1035756407606,81.89771320624352,718.9629241406524,14.161096593249608,5.284495702146259,1
45.11777357768932,38.96345903801864,69.16002513793165,5.899641840682728,10.926551198318961,246.4613850869106,50.2018873048482,652.6014945112186,69.00573431911785,3.8552499674683816,1
47.22908470869296,37.47443044572232,27.84189522489878,7.122032220525312,8.521594773234792,364.97509869453444,7.859476911599527,1017.7511643988755,34.568909908389344,1.1883280837850396,1
35.36220367641681,25.086265601967547,30.402389405450492,5.814364943216747,11.76746038673529,236.555888792383,73.36052936435723,449.0208318667558,83.85849359449047,6.417695186981312,0
52.44247817888303,33.85330847580174,40.45259237503619,5.920924434284007,12.258926361209276,238.91534359854282,89.207337173478,917.3485818897614,35.889645097486586,5.184424678587856,1
53.64236564967224,14.072375592997032,44.5092433329364,6.232026783680302,13.471191770431755,393.4105563753213,16.301699033552154,1058.3944249617693,14.48298787893441,3.523075301827306,1
46.30266367178418,39.32314552612037,40.922168650578705,7.260696391703981,8.942197377234109,223.93288981564314,72.55902423361754,1125.8458262882596,69.21734128126819,4.118854609351256,1
48.93301647753785,38.93059702107959,65.81882195139319,5.7635733372682205,11.48813388783964,180.30905934177002,44.505251907312385,996.7332758043282,52.1020720395396,2.6572512662743506,1
53.449987623545915,14.91186873637513,25.81708355760288,5.744468385709052,10.820930215477528,423.05845119862886,75.38704532567183,625.9645430865725,35.80193514197402,5.923620458107008,1
49.14477268626797,18.982693744093197,41.07302117830928,6.4879499766105315,10.201648555656707,422.1484134908927,71.39279481853058,880.4059684189627,33.03614470890354,5.575876815805375,1
38.05078085828523,13.004649925203008,70.23439997092757,6.052821082187349,13.123331793240304,299.0342814827477,2.6600230463005414,513.1228887314842,14.569207620154394,4.618191124815942,0
46.525767203336265,18.15152796694539,24.00782463573032,6.63745588329632,6.025338513107203,310.662246465182,17.872103596715515,493.6484989958208,31.67511647194103,0.8822685354903547,1
47.13430092765712,34.478673682456204,76.54061046028144,6.403273369366447,8.25689284882878,378.43065030705543,47.10272429322744,910.8993137108116,3.640972688050154,4.459916424083037,1
43.48261342604772,21.349468214957785,79.17901053632077,6.369918212702434,10.30621791635864,303.7097167049734,93.35941719120802,1080.8861236673622,46.2161722668194,6.80439735075249,0
49.728884712494455,12.65190901440275,25.314090429504805,5.723945940973986,7.426346093092419,266.81598358769304,34.20734567548015,453.7985005596951,81.70513676323624,1.3168079338302108,1
53.687340295380295,20.266765743367138,37.47635133534422,5.78209938049968,13.262932269862066,497.9576773186983,62.88734702801819,484.802985706639,72.57977165937943,7.2559423353457815,1
53.51137025813553,39.441500027238405,42.34403996212137,7.142157154893701,11.180760940904122,159.05617114102358,1.2083745514428812,852.4858459434856,3.566907748379288,0.1,1
44.016787428082644,28.890507857776086,66.58348211916356,7.271765475143489,9.823063957055918,337.09119169594425,71.11269215469441,574.5694888154721,80.31342936414092,5.878609926396765,0
37.264760916815106,22.48482839218473,55.75560872700403,5.9693670657705,12.517614072533236,454.3452104302641,60.30682627528046,889.4544982221182,41.7092345994298,7.195405021815348,0
54.69682397924669,14.996155404918099,58.66194202955404,5.726921003049538,9.607089531720831,374.88601647244593,71.53947466157659,571.6350602042719,18.180231887394495,5.071197542871718,1
51.77796172891868,39.585303918510846,65.45058936911036,5.606833343869021,10.469224095440076,452.36931963529537,90.4660613024945,493.1855794448476,68.71707596938487,7.0464660408254325,1
37.49325362406534,34.62547027789387,27.078739966221544,6.7165952274837935,6.022007964431368,234.53388814186903,14.649893311781003,836.4599857318619,30.05861951593417,1.0679027458586774,1
53.416837652347446,18.44431907352758,69.99256741461573,6.930706425000411,8.925604241560588,208.79719050409568,26.158959600806707,1089.756110426095,23.798658082316756,1.746218539262897,1
52.39792724124257,12.102060871635683,62.337188250808644,6.2456199784064115,7.110323778807758,440.5089547608419,99.5780892168142,948.0975777204239,15.518656610339287,5.607911273254949,1
45.376761142521445,11.698766721326741,54.640503511782214,6.85935173498128,11.517509445298328,257.6458304741842,15.628395850962695,1054.9801100287718,44.79597162102005,2.623035112226377,1
46.82550871489859,13.611344485166015,73.3841200869834,6.925917631119052,9.83221567180587,383.8729292229245,72.06270065260263,613.0681395120387,9.405459959450074,5.59744196008622,1
42.980054077402606,27.42305750843265,62.01838123302843,7.3706845627938105,8.414060458001845,159.0994313656457,72.50759105109019,1108.7829210376206,71.7051816202408,3.943862325563603,0
36.095232776440625,37.862902636164776,32.101997757861525,5.629747275670215,9.742658714973938,402.3352501506699,68.29937462355694,701.6313396610166,43.36071189997699,5.791738974406984,0
41.70394483291802,24.902302840179534,45.78472286454,5.88458344646216,7.6770391036107695,319.5930596099478,22.744058931457765,1081.958134285595,41.227877513702815,2.1067309264851777,0
51.05706897196023,35.28836447368592,49.642572016144,5.637051975193977,13.400693059889125,207.44465596418434,21.513406321387073,776.9404721189809,1.1668560833368882,1.5443853710805615,1
35.092640460092056,23.376598595794235,23.31305760502434,7.235987866672221,6.431781060407304,297.80158558356203,66.6341068034788,614.286117888397,74.60774742777052,4.790488001343209,1
41.669983433822885,31.257506373034758,77.27825080160335,7.0851743200671375,12.923336282368963,378.7774503358814,18.625018445921604,608.2070648214343,45.355335313442836,4.5855776731760916,0
42.96337387181887,31.956182118595024,27.71463564781271,6.649284141243678,10.090870309866808,104.75456353895348,66.15633317405374,854.1343074917223,40.59050678212131,3.044308203310009,1
45.74791205875846,15.21891117710016,61.84767603360361,5.6673268201023665,10.951571969110539,354.98682352565174,49.25282820253181,463.20821616547664,69.52463967559515,5.599140849498585,1
53.39711232825521,20.836481769274354,50.373862165452806,6.04662471730744,8.42084496726963,316.63631130930975,38.662886764938406,1144.0449556708068,6.6608694190684785,2.7175454044228333,1
41.92691988731922,29.11906469614072,21.537934993065356,6.095439696117034,13.73358093435457,188.11446709869304,30.023234937794573,617.1707965588286,34.00124104856833,2.1446187041675544,1
41.93906403792455,12.120898245530984,75.4848485518617,6.6214863920308344,8.25480766815592,401.1924295904787,94.75769333231166,668.4998542766842,52.81605617983808,8.371593860876457,0
49.75002496219497,20.846205632888697,71.11020852913599,6.016087788073431,10.711023977122434,221.38439385328047,50.80936577427876,586.6412429929862,42.45198064652689,4.554041521926502,1
44.044358817796144,26.043983988435773,51.45547567423013,5.64591972782591,13.947333640857032,210.7443726186259,56.1251962510962,402.4063684485771,17.347500089017693,5.651236425507044,0
39.49209645879964,39.88673479133916,33.736540168366716,6.961524603706598,13.048755171067565,288.48733959972907,94.92560846867855,954.0401894470382,27.93488569122806,7.797659168691665,0
44.04879032265387,24.236006878673223,27.297373440805654,6.098160423310823,10.290638602288848,370.45987136894587,65.38773180971337,872.4423208273788,28.018050188286967,4.709550910364521,1
37.817140407596,34.48170271342971,41.803548765927594,6.4047483540466015,13.922996183737697,471.53839035050174,95.78529277568275,1047.7156321576927,90.27737224887042,9.720588974617618,0
38.527739730124466,22.962018551998533,35.325696862765426,5.755333269964611,11.610958893860918,156.54289725284158,10.636674052269846,432.8086187607844,30.357740692598394,1.024648496828147,0
44.9673554547896,33.89172167859127,50.40147206037793,7.105096606789159,7.669603329134475,258.58724830069343,84.66396317724039,1142.9245157866562,19.466385628806908,4.378514708590893,0
43.37850899009096,27.86244404860325,77.98455776740573,6.631063753848116,9.244769683486451,126.79583700505196,33.541462802309084,664.7095520482924,75.03734377937317,2.0657357586354026,0
53.296918021362,36.59786324507195,54.497209593778486,7.303171252419726,8.675946672092408,403.42029898869697,81.04875250703412,1130.455890004635,38.905412950324774,4.92773555482375,1
42.24787798233266,22.3282765705033,73.39586335340587,6.4909431261306665,8.752109666169513,279.0931558725443,85.56366241949786,485.70518565403165,40.947732503834565,6.457139244812017,0
46.61176700556087,28.129132594644368,59.05273024974663,7.3828513436357595,12.08365151487893,382.77165407527406,27.14878861425558,995.1364651757129,50.40001571461636,3.9007043758168587,1
47.64528575839061,28.900560418564822,48.514791595232026,7.2837364087626515,10.674103418182348,228.8777695905149,40.88306165154789,863.4865851458612,54.612027753626045,2.6473744387954836,1
35.26188913176667,22.5214882540142,71.27645376400227,6.652919712918468,6.304741692716228,437.72689656252936,72.6014354314904,686.5529722020672,54.150004036930554,6.700742535172034,0
48.27074744033421,14.329361310624446,48.28208661037985,7.367786876299727,13.019587869207808,313.9312312960459,9.905563089697067,463.31391674641543,4.104975016993954,3.3670142554158162,1
38.56071933739503,12.806782207370066,72.11769023062166,6.146177494589105,8.374369123841316,477.44312872946205,75.553353433934,883.7892078773924,74.69581896081576,8.600771808027677,0
54.2214063493891,10.500146517988993,37.49460617454592,6.2312843254084225,13.97659901530515,131.52585565761368,11.047292605474402,421.1519064591305,18.53675371673542,0.7655967414727989,1
37.97325455506226,36.20602792735644,27.72878442577929,5.590955902612074,13.633525842678285,305.7107298168297,91.4455732268058,801.025679316806,27.310791500547474,7.578787538242289,1
43.29248247454048,17.094247367160836,71.3188678617763,6.678401813527707,13.524245733455722,406.5820983990795,27.633929329635343,883.366860634924,16.608656801860793,5.278916195450423,0
36.70699336157288,16.34520247845304,55.24490982756001,6.943847939857867,12.48902083251179,340.06105922944585,57.55993468673558,986.0189978300176,70.03689917822899,6.941292000819114,0
54.93748503691894,32.08106201278197,73.3455438949376,7.0470383804842065,7.764906653468341,109.2776561707371,11.71535000762728,1193.0677073798768,53.52921933628775,0.1,1
45.043900206624855,19.600483392621754,76.269632419543,5.799632572092206,10.261061952230257,488.9354713375523,26.94931546624787,608.0749708062119,68.97665374768462,4.6525346119114666,1
46.90770034640087,25.1813407723551,23.217703422286952,6.388318144625001,7.794421014599797,219.30547723035937,40.395504348710546,657.91185709878,59.80585648863703,2.831082078684341,1
36.34152954776855,14.875331958923688,50.0581581115321,5.8537264241878315,8.077403644711595,199.7111465465528,48.70488766830143,672.9162774471936,10.37427709774617,2.821993447252872,0
49.99920940798356,38.79237164385908,42.49787294447175,6.824254697708498,10.887614155490219,294.26395024263184,0.006749764657443258,985.266169487068,28.134979826590477,0.1,1
39.19811186191171,35.54744200051712,57.55150382420703,5.815892744843536,6.326668362824507,316.86324300933956,88.86557623804684,1145.455414604891,46.65386436311092,6.132765650613647,0
52.96108578881427,35.9136886889501,67.6154718321394,7.30832736791215,13.755668534565661,406.5152550359302,0.7674809558877116,1179.4589996652471,28.44505282882273,2.8854196167802386,1
39.10279280964014,22.203212457160156,36.835412958462136,5.961269291322827,13.349385380623715,257.3094630635957,77.3684562994425,1156.6490932465033,19.65735139655048,6.165779467907687,0
38.81375441327333,32.87083641121518,53.4079030623903,6.08280453257649,9.04614057726176,275.9841505848849,47.05789123563709,1103.5064061721946,79.28307721599398,5.618624326068501,0
35.730993356961896,14.316284661693405,62.52371479429397,7.201812644302,10.123379584055304,313.9839663735324,52.388002490137644,1192.7818990565047,68.30053076938383,5.8598676550417705,0
44.44133890219999,10.258570077753408,28.06586497014404,6.416935220291448,9.728955354142073,257.7548398966562,20.826547933454087,700.7565814675975,32.0698054498759,2.068446692664444,1
46.29682266525233,10.599187977340844,68.84401435707602,5.547991891600146,13.057598228939758,465.8192316404624,60.73683503457041,1158.657055998965,69.85111263660086,6.597903220086659,1
36.31417278856705,27.598052122136814,56.36657599117839,6.4891725024052915,11.508815010528888,440.50078665370086,53.72319091694522,1008.8159699167293,57.478475660070515,7.376204758820886,0
50.51055233390021,23.661847157438224,76.97224622681911,5.669086670760246,8.224889979394852,281.9894780311513,16.423640662029538,534.7678876223827,1.3407160269157083,0.7510715630984527,1
44.065776694960554,25.540460467255592,40.3717351478416,7.470689437374621,9.574730035722375,100.07794493492685,23.811900134921913,436.37215030176185,35.22358234104715,0.521099172229788,0
45.4878053865516,10.223894212516582,26.48875654023192,6.676223140911205,9.43172780549411,460.37379821171226,6.690362901245717,571.5871662962578,27.143874927489744,2.7213604091991948,1
43.81525493876456,22.68059858972277,50.39007206221552,6.013065235221957,13.674681346271349,149.73462937578608,6.628357208945268,1023.000899430101,20.611775953530717,2.1212537801622573,0
43.01526121750652,31.542044836025823,25.14864630256633,6.6274353590952355,7.402487284117117,197.80496607761847,1.3775785952426567,905.3575049807073,23.64304546637604,0.1,1
46.192806626164355,23.280811059023076,78.17159139944042,5.6537342067635095,6.716610698355432,160.9445137461593,22.047432548308375,579.4850058773482,85.81283619179703,0.5793235937810026,1
38.10480491861425,31.966576189366666,22.32109749543149,7.099782608537634,13.044950657293523,171.9262279924095,67.96612273970557,993.5371635770874,44.768536119238355,5.4835823847217675,1
38.63856260990542,16.990568931905045,65.21023406643849,7.3506561077283274,13.173487916046966,421.1510151559339,31.621538814235628,513.0577915505623,77.29378464017076,5.091525021147845,0
52.235712420270346,34.39426013445176,51.50614388853464,7.248888776412319,12.973912703297318,331.8005766663697,34.27342698673767,1057.4731150869557,20.279543693768428,3.5533950851869878,1
53.922309242672654,27.65293721360357,42.11723914989732,6.183515204597126,10.08781532500445,482.4380652501394,13.19053932554447,1035.3287807765855,16.69634196813535,2.578282265648423,1
42.46618632559506,16.322892982897187,23.95052987051928,6.151536239286737,11.277955426155684,192.58140492948658,57.54706676564199,1178.0607765648388,80.99106294825188,4.365472840080279,1
40.41489346287108,17.10161427561499,57.33001545041647,5.5701752224326,10.506904380487871,294.2539632524936,34.214364154673724,520.2236517034545,45.6134217204221,3.6275782546728363,0
47.87999086478031,28.84091393708611,55.113219763457316,6.8028007174018335,6.555582608435207,490.971347632988,67.63168034302147,1125.2903955316801,81.56369127811716,5.657726309224395,1
43.17468342196193,34.8981877963733,36.852996384055984,6.56980956837959,10.76667917520578,430.5774057099079,74.14594688425534,672.8821309774708,6.672596758414742,6.933130541828602,0
35.5077271132069,22.468833460874656,74.61330208461872,6.418692742654683,6.108913178048807,391.44627164819644,58.46928752483821,732.8478918362493,83.4791969958677,4.87098903348759,0
38.12305194732381,17.749012873827766,38.24660044057021,7.315261906669414,8.59989927645669,175.5900805483168,27.606953681203628,774.7560503094155,38.39007847080007,1.8772102796732248,0
49.31944457694795,36.01034820731802,46.983524635526365,5.835757802165693,13.458340606985336,407.76216036388644,50.86077993372543,901.5232425620446,14.983343867966301,4.646875486904166,1
48.17847883820303,30.078048752525046,52.625747355119344,5.519332533380364,8.43236215708646,239.0260490383671,25.193080468230335,1195.8106960944342,62.504442049167466,1.6215470020437739,1
35.54191985006967,23.442564618492295,26.013912690577165,5.646632904241531,13.518613141153983,312.2147588187031,90.29128353539181,879.9670424441865,72.72124149648313,7.2421081436021675,1
39.43944323865899,24.637005858379055,75.92970315281795,5.946742875654738,8.001071657193954,343.66448521581606,76.63857500825573,1141.3726920323259,5.263725482326034,6.872922094740028,0
39.62149593176143,16.127694038091892,42.472169147062466,5.566571098526914,8.51649792369226,343.74548460970163,49.300590600556625,604.0225616677784,89.84763769768175,4.100138073102704,0
48.437854871974565,28.804078901945317,24.846752832460616,6.505687421286271,11.027259971508428,390.60938876540655,96.54571431781466,718.7293294521197,63.73241985845623,6.525616525173016,1
35.394210755087286,20.76227531628666,43.2374704205198,6.128180910467156,12.093015782314358,364.68083705688224,54.67554467301879,803.5996235508646,29.92617924920599,7.0184768860330085,0
37.082171639691474,39.86935530023048,56.01215282555484,5.860966016136265,10.011102144039072,127.34835172423593,32.853547695694814,658.3215918293365,14.616441612585152,2.321358660046255,0
50.99832170746379,24.405505457856634,50.81916030927977,7.000168149897324,13.056925497553244,282.9388103796429,9.546730079404709,1181.493682371464,36.32782732103932,2.7717391274377263,1
38.57089324108667,24.576568185688394,61.67251844223644,5.90890265246506,6.321923372884954,365.6086426879917,54.37456448134136,980.5468431177817,20.850909450276323,4.854751085414145,0
48.054922157037495,26.975553622320156,23.32903652407464,6.875210201987587,13.377558709074965,218.39719286629145,86.04166115813456,783.1050817460481,45.47379012382862,5.353295816043696,1
39.76365562093453,37.502680093562404,37.07243661632337,6.198529811695278,7.570462399163264,225.22267488655586,86.67187281564487,1001.043760967835,71.37034376412947,4.352872932947504,0
36.988827855186905,34.02454299579251,69.15383461040614,6.523655521325109,13.073909960677248,149.82701910184622,60.45670666827484,773.953999266121,60.4117350055498,6.436821891367234,0
39.86344381998908,23.533902093935243,24.79362126748165,7.36773407970264,9.206905435891045,267.44599438994214,39.34383632342128,413.7802618943408,40.2341414303556,3.1947244342369996,1
49.44533863711318,31.56097797918388,71.32915728175746,5.574703269631626,12.6620564469683,494.7321737224699,65.02963080906798,834.5547262482689,11.704953212204458,6.641382770683207,1
52.11392936212572,27.58706496342285,25.513765524626375,6.500529014954924,11.37332439842956,214.12774451521494,76.21403545590395,900.1481750089613,87.14412301312063,4.356641757545574,1
51.604397291339836,24.771011461037467,70.06725289350177,7.208845920655237,7.407533059826097,312.5747570744392,41.16247843941262,1184.9659349748495,25.333347290543802,3.1705452142886505,1
42.943670592369095,15.769473183530515,41.6473040647236,6.675948496740697,13.344380559051586,397.29490111163375,47.62541692149254,432.6342786084941,26.00510912875156,6.069558393468828,0
48.36170273141292,23.91808790364673,56.732543795432946,6.053741033930313,7.964139123907677,105.39890835370826,68.0616307377943,809.6775659641071,59.09519996546792,2.8300650769507563,1
39.09968590831642,17.37455761067724,29.173226938879893,6.2953622702900685,7.953120949559993,460.17582383931955,87.66526061027464,478.52380536668943,70.34586599323924,7.537784861089289,1
40.86295460522027,37.44526449554964,23.97012330351085,6.860531257457149,12.513431173099043,254.6200738899754,79.1010378142275,519.1967212567683,89.57374887856146,6.727514597732096,1
52.9267163704224,20.06220440489041,32.956292241208104,7.281623788627606,6.846986044580168,447.6463946843929,2.2391369320348686,888.3706711747809,88.22478345650256,0.6630665434381564,1
35.260038470214724,38.56792043600117,27.671229074521733,5.582132747493223,7.776287250963683,115.57906355979122,12.437234378458783,585.2541698131979,83.23844718088726,0.1,1
36.71017061708936,25.991658702841335,38.744353860777906,5.643077643780753,10.029420587368499,158.26542074547035,85.27781802855218,999.3392890360196,40.178221064501486,4.562961124210898,0
39.157725102920544,28.94633136028481,50.86299479066121,6.150103047219175,12.643816229492995,229.01178179102368,83.38228280450336,811.3589540762182,16.00026937808033,6.375395766112067,0
35.530644077476396,26.28821333467983,55.32556781390057,5.965559368874958,7.17987179789814,238.1847092253115,38.88067831487092,574.5703081325898,53.602408295796494,2.8222539986738386,0
38.628708701795944,13.881418509001026,67.39208644278457,6.0298617724448125,10.38134587609877,439.1176892112066,58.42779223576656,795.033342080852,2.553085499209125,5.95740218515577,0
46.66083121939384,21.27463657023823,59.37439359490152,5.942539997251762,11.689924734423517,104.48044615529409,90.58449824286463,400.7053815264966,18.662395509585412,6.03863315186294,1
43.42849101184996,12.974383368328718,56.525499507773176,5.891650097710316,12.88476179772761,356.44471058787184,91.15586810070964,1090.1920349262728,1.2276457115288144,8.022315198020532,0
52.8534342215395,28.68862132550145,44.70692164914648,5.761247933738583,13.484524481617758,152.5249744714201,78.30928457608908,410.14270164461027,17.248232131438492,4.158541548341917,1
51.34887123476882,23.406225856013165,48.42850609760832,7.367908263590476,12.27711931575146,429.28626028441977,20.958893835967896,405.607913993746,43.72814110566305,3.5488410142832474,1
41.83634703395752,33.3395491471281,44.871249763410866,5.788378927812306,11.222627185776016,411.42930638316494,73.02828073539449,889.2031545437176,36.399187998407434,5.774416855594745,0
40.18846866862585,16.614114429981093,70.529961803683,5.908807549531073,9.468960682502127,299.9684109644802,10.109843234705663,1178.8167406320663,34.236690843397525,3.420744747132745,0
42.59384816334534,14.936981752880047,33.80002715290399,5.9925314479615714,6.896881233507357,185.07489020495007,89.3938459454569,1084.746787483183,75.78575775404762,3.207432043897127,0
46.80589885029615,22.189966928913034,20.343255892517877,7.366029746260841,11.677897540204171,353.79815638622256,14.914880357871452,601.6151300715613,61.74966741811102,2.6277727815570584,1
40.36127281645753,37.79756149655144,59.07919383357436,7.011428267202169,13.941898435803896,162.50332706305826,66.23486401114509,557.3334489181485,85.27885865839954,4.764870731853389,0
47.48297815698268,31.312654450372353,32.147731018329885,7.079398860631029,11.894084757856799,176.00951703706139,61.02432742523487,900.8897445067644,41.08069816099052,3.4254712617084597,1
43.18823304382481,22.56770874378756,73.40690817858857,5.709516519076996,6.13368874990181,350.6759608901431,77.68996558795831,1058.110197617662,25.50067079283566,5.905430146352837,0
46.0409436170396,25.518165092629317,71.54277978239936,7.172619750031343,9.97007982433471,496.49137843544975,55.15775023584555,689.6629367200238,12.041608423002,5.394317799683759,1
43.722530582706334,12.52639033531295,24.603642315692355,6.316386163634836,10.91717305986323,456.4243349010185,5.956657537573218,745.8836722936608,61.482465611663145,3.178037893797089,1
40.88931519083835,39.5372768912834,26.38330432484464,6.0256460524247775,11.517393608822744,337.2429430734708,70.58462540441491,492.39161094220094,76.75669796244912,6.197835828944375,1
53.96906613924313,29.992219140847567,49.71029553479998,6.651500167040621,11.757806684805669,315.41470750696953,38.315455883526795,522.2611370042873,17.536542783558065,3.7200664230973652,1
50.27211588319521,18.562122053902677,56.55335976616128,7.144365811633468,10.464867529732192,499.3539520032434,32.02850012191099,854.6812760208167,80.08774700612825,4.552482582117307,1
37.80226351532905,27.57425182645733,36.49450024893444,7.057304302149818,7.786882661873922,318.9588590535575,99.16735495337348,482.12491659874956,48.36485815257998,6.764996677199285,0
52.36935951795826,13.28447098206982,63.007863001962235,7.279994965162264,13.537605291812373,268.0466087837776,59.039976595972774,561.6368998367208,13.967256892685672,4.4854651354727135,1
44.74862396499027,38.975100064227505,55.69496125513229,7.356264372030887,11.573331741309296,463.8222143101366,71.07190732694113,587.7416192095072,58.85769924115794,7.913475173475612,0
52.891044537881825,15.243549636500978,39.48944658491328,5.976244142855499,7.894720294955276,193.6737183477153,52.632613693564835,755.1396265709043,47.804746738349216,0.9829341428384628,1
50.99710511894631,29.440909541656424,21.522289282538935,6.347715788338544,8.578574658162182,139.01039611872358,76.99726459516528,436.48957129890897,3.5365192581459084,3.371147336246513,1
43.50427008938467,17.363633876167913,65.00901687791105,5.52925707841014,13.375421365042957,353.6360137447321,75.20727354999752,799.816777354351,36.93188842539618,7.161207333187202,0
35.44938616640235,31.526841479456074,32.885219949504965,7.25864331853012,13.099881493658685,138.33985350749958,65.71461156801604,1142.939525115265,71.630919364862,5.3644125933253815,0
40.37354718769892,33.30464101720843,70.0684246077577,5.8091443029495355,9.241171506864717,249.25941478118406,99.77430614437768,419.5709288952581,50.988137807989645,7.171001011179671,0
45.83268429321734,30.202591867342978,45.21741560325531,7.222949624685389,6.306457775931608,269.43095423268824,45.97935340831377,904.7878921659723,26.383701363627747,2.5837720091889764,1
47.669564396522944,28.434983807655776,54.624646557905926,6.158774643973192,6.3879789511515055,319.0152268196932,70.6192348298155,1068.6738921212338,84.57775870442947,3.748890174606707,1
40.157753708664046,36.77407281856035,72.37692382454011,6.236267179962276,8.271346327347112,496.6638182991849,79.77779628049181,649.9686740393417,22.400113423947392,7.600366109483348,0
37.78712148145648,12.358801329692742,71.8173800551972,5.5782645089677185,11.032977754711997,188.3926893332723,37.603470959454434,505.2148360153799,23.74624062393545,3.1681812629652386,0
51.69860473598598,19.927442973405856,42.2911745146144,6.153757579530639,10.673557082676496,250.3025514027648,45.71750275536186,434.67183008741046,32.917541165223675,2.843956617246457,1
54.68804361407104,17.448624388925378,32.53333356289059,7.276727365602528,11.07062229555154,152.8960497642632,96.91672663905854,915.122447548642,81.50840751305157,4.34494954318616,1
45.51380364605372,39.640418861962644,66.50876466371568,5.551094802243208,11.738263775456854,343.0454104132939,3.229101712660809,841.7875041832547,46.68628558829647,3.035203969045345,1
38.43358571696607,21.681693390006203,45.98481221612787,6.312654946093451,6.152258028741907,391.0692729231334,33.529565396091435,583.4359907135981,62.3961153303246,3.829092179982019,0
40.44614653038738,31.978380977211962,31.522519613540247,5.562799259625482,6.840684761379543,292.83072929435156,48.62129623386699,1065.2938461053984,88.86377552592525,2.065606572791766,0
35.367813530949334,30.541754916430136,74.26552053902901,6.2418468502181295,8.8758676146177,198.3325073159884,0.14649930691902346,988.4050817218747,71.4966667203128,1.7951108248435153,0
53.28597613120998,16.362437124321332,31.88625165446524,5.845281281560583,7.238879980172654,348.35530767269904,89.91271010066117,621.1430279894265,16.534010678598392,4.104785276531283,1
37.35502165780282,17.169930406346538,21.548430091473865,6.004436786536744,6.602560340356433,315.66308934753977,28.624440021215868,1002.690418291707,71.95185361359789,1.7298956806439292,1
46.53032951028507,18.438536906591025,21.216798426045198,7.255196746322838,11.127715167978655,168.47428936148708,25.770483210944427,595.995370800618,68.3503434303417,0.9503709696118119,1
40.48110441374412,22.333818347781374,57.33892138725586,6.372098441243782,12.522691819928792,262.2727602008521,82.03261953537418,940.2139694930887,21.935529502950306,6.991977401531515,0
46.08356005031587,17.029751969515804,59.70050364305182,6.047595982803824,12.021013259474259,274.078836654078,27.798322850247537,494.8360328591035,30.281484779885435,4.2551971332078535,1
48.02840776703729,10.589544482405435,38.66250230341903,6.678676755901096,12.536318228873434,493.0471015085732,65.76225939020223,953.7915706665658,64.91154158767691,6.3979239770503336,1
51.594836074144034,36.381791704215864,39.2006593548238,5.784213919665165,11.326852352463018,439.7143328622087,82.15031439019592,591.0195351858082,22.455378466107273,5.725490410158177,1
39.128425435212066,38.96829494142652,40.36963490359656,6.0187832148417115,11.882762574513617,393.74831530943754,79.24768477103724,857.9754833933713,19.736818210235736,7.031405073530751,0
35.21991657316961,20.247111610947037,60.80951280553272,6.592495935205777,8.17423019366641,455.51081020117897,78.1950737425929,537.971093481506,64.3125494917298,7.822793051572859,0
37.737712601376145,20.155206382764185,23.488027461609715,5.975046083696138,13.944064290273314,394.19376233148597,8.863756986523486,980.7735580543618,80.25359435377872,4.825323511181978,1
53.0003728369621,10.212754383231129,75.74698116147954,6.858255474801746,7.465325235951097,461.3607420502933,7.984696757236421,448.70365951444137,7.751501435990802,2.322238493337019,1
52.47780155125031,30.40752064991122,33.35126265064679,6.482982604519045,7.71595099511506,121.82124595180319,30.677003573738748,532.334229442175,41.131696173230154,0.1,1
46.94826204340617,34.76319687245886,79.98039231452553,7.043978140509382,8.311374654526775,282.4264837067666,3.5947881196017772,547.3091838966692,55.64576982961071,0.9488148295474308,1
47.010337208673064,14.398249010800095,30.29136162723122,7.396489071444937,13.802659440852631,398.7593340967334,50.04297365192644,433.0748686831988,61.864910724886116,5.383710857910799,1
48.30073349092511,14.789990481014522,66.29278743874265,5.731609778694816,13.906308714831248,333.31831864400544,39.47820662702183,996.0100129281965,90.6576321137346,5.421563981320287,1
38.50742557246899,33.702497499143135,33.4047526957775,6.16933001996909,12.35914999765198,170.06646566031466,55.70259125431492,1184.7620037919462,62.44227642850487,5.4132947563676925,0
53.2882389184992,28.48872245062434,24.850808098595238,6.139098125756814,11.03246078847707,236.1968346114137,29.878853866969045,1022.7182307293459,56.813870169743865,1.089796522331906,1
43.375410497841465,11.34581672883151,72.49599946103893,5.8023658386745085,10.160500601476908,227.10975001067652,48.575400299042705,1088.5055696979166,90.07607370781017,4.127247244896665,0
42.66277056498995,28.676409713868452,71.52507555145351,7.120606274666942,13.764966765494766,204.53876527373438,33.47447658590538,404.80612827062174,6.460132634036542,3.7785227797075773,0
45.378354105656754,19.26753168531298,44.214223546976086,7.01975740807758,11.564982422865981,237.25422140558643,19.52080922233086,494.2959710196746,7.699320653778841,1.980825977763772,1
35.939319335501104,21.061754664125377,62.14376855242561,6.468850941668798,13.55784102660824,305.9413153844484,64.9366681137815,847.2162714358899,51.46142737816758,6.9034292789425145,0
38.32566737512159,33.0919425489064,53.42395596103503,6.575541555589219,8.532406395820992,441.9476099133104,67.34359014991853,1182.295107835334,33.27981529146318,6.493493327075372,0
49.760672328527406,34.32805578017832,71.17736682042494,5.619088276004993,8.670198338156524,396.81306495750255,82.92316927497501,928.5703448385628,9.702776237235033,5.4876071834277464,1
36.65597335850253,22.01069880519492,38.903358159119264,6.6110147046540915,12.837796752947485,434.09988160649345,87.47517831537249,699.3093549904621,28.58040064835115,9.994282497976638,0
47.06304218932776,38.41458808019064,51.42034399993911,7.082683048039273,7.198839364682355,453.44149782523453,70.44619043679154,516.9194443851674,61.691903866687966,5.110416559249693,1
39.90698219362642,22.193881538562167,49.12234227227303,6.647655147167715,13.567422890368606,266.4601824390429,68.7498086697512,522.2685555061206,80.25534673179672,7.0512088680391924,0
42.78591228083953,33.1550810569033,41.23434957541153,6.030612740240838,10.05979483730726,238.41051361069887,5.66756653364725,690.202561853427,9.489202899089877,1.1902391829874284,0
40.773874735414,24.51631793692777,73.48730387338233,6.835096544668675,13.411311028669582,123.04935267366473,10.977924145817152,971.0481578752058,49.61305562356938,3.898114933807074,0
42.11345432929898,36.925969795662525,29.95267547975213,6.222976859930496,8.694342309806505,472.19664875057373,81.25627103908734,425.45543281992855,27.650400831677967,6.867418432240715,1
49.380918103684905,37.232837309505356,28.97051837124177,6.589746568571471,11.727671233115176,126.32920717525758,23.295126162363154,1081.742073169311,61.05935469644257,1.7086024729893918,1
40.942434312463504,12.622504236132515,54.61457211936508,6.4751307265578495,9.863000975781517,396.4542061481882,35.5565060217083,1153.2411485518446,50.450634501175614,4.598433862622283,0
46.32809280593794,38.09479993930677,59.449653799096524,6.26235000193036,11.014429041963783,251.24332178623487,14.529735367587682,1111.0531684246648,84.40399054199614,2.966341154162902,1
44.52100804398199,34.766045245612474,31.67715525947391,6.93775596078827,10.034979945113218,479.51230979967454,19.5151968574919,1130.4215275175143,4.39154982548993,3.9523611381120594,0
48.27342330725296,33.739321429380006,43.443046535277446,7.267752223971764,13.73692493897089,267.8408083736516,77.54172353702063,412.271423534611,43.30335474461272,5.609043840588281,1
53.73659478649516,16.027340190565674,76.79383057872462,5.510425036953849,11.536843182511337,426.6433405418866,26.18596195155383,1182.2338527599168,18.34835998156381,3.31098170985327,1
49.651441944205004,34.153576262639945,34.79704536144044,7.367233038460735,8.010551749010524,213.06193286547062,44.90349662641901,693.0856919122791,49.31035377978211,1.531244257041027,1
39.29880757181513,35.50398204055111,60.10164212704365,6.52303027216645,13.277415375240675,219.63548689753867,15.167137305923928,1095.4248946921398,77.82214096601588,3.597730583013609,0
35.62366270122569,18.67451003362453,64.40896362185545,6.90146376072653,8.352237905240834,338.2077639513737,67.79299063160987,549.4470965596913,83.01848750074527,6.560578275008221,0
40.2452808859965,38.56780235086971,46.88772196790957,7.211249132351754,8.97284079440685,499.1930534829895,72.82697341334762,757.2205941297896,36.840849689548165,6.7682226886371835,0
46.9015586140051,11.495804391974927,76.25155920557498,6.4342073846285395,6.816989584161707,307.0289671916785,36.16923178987138,435.3315108991813,74.06024709392432,2.1509973656585255,1
36.02851626968501,14.49727759741419,64.19940411312743,7.16994814672978,13.199732158369526,474.5234545573162,78.47466461227506,432.0607974742618,26.245726725295487,9.34909292076389,0
44.927324944024726,26.12743414154543,47.475474791653866,5.855239638910405,8.288896185822903,414.4999312994911,23.990665192212646,1154.6208806157106,1.5674451687262594,3.783181677608384,0
46.93685697833779,27.273774133669292,54.16011210656564,5.8183350689596285,8.071340943451059,418.34572567089396,69.1903862100156,1048.4852900232313,77.9715151770672,4.443337735166377,1
41.68487781633922,29.354502499027102,61.55680660550604,6.8149427377123075,13.362100783959631,274.38399565150564,72.9964581420454,823.8608355310346,11.747101816595316,7.661067395820277,0
50.41824407491644,10.509073879463994,55.53141082575309,7.240286011103475,12.444214899240267,254.61690006912025,96.86573777887763,820.3665388516303,2.5850011026653608,7.01047326431728,1
37.131965062675434,38.81100323866391,72.72185502956455,7.284852355072079,7.128631372154995,176.76872323632614,23.232166518671626,999.003694780949,32.841789703115374,1.7477216076919118,0
36.50275563471617,11.33764278202432,41.41331973682407,6.787480916754493,12.154596031229445,485.5765067934614,9.371048004275274,673.3350252563921,35.14419906624617,4.475213833409082,0
49.563775124072066,14.291858581702073,37.993144403348296,6.550978460418635,13.304264784430327,483.757444977528,26.30354222897866,1009.4954206895617,7.949815369504525,5.481000980511304,1
44.90982632412397,10.42043552578171,32.83033336971586,6.162786175393032,6.628089745685951,398.8270937240731,12.286219658211905,788.006703994618,74.2764381836024,1.1055471893183682,0
48.76804792855472,27.005752998822842,22.266978083875706,7.460000831198663,12.601719959236585,218.5009799410678,16.969430849430967,910.333922329172,37.503345718750005,1.1313594338850728,1
43.696546772074925,37.96800651762916,22.58083786280332,6.139391373332501,10.379360414984447,198.07181613691287,33.41145118559744,1171.8635600825182,45.09312523926349,1.6130481088321906,1
39.92804066478214,29.978414982413927,72.20331158655696,6.988372214463187,11.353579595030405,495.44409695478515,41.399074672200086,777.0524460162092,24.816274115754855,6.64961035051919,0
51.38204635348399,34.679724054412816,60.70358878435444,6.563963599810002,9.942834711239495,126.617126043271,90.37242257513796,734.7237277971601,47.035607711193805,5.290886462594667,1
50.98831757937958,10.398436103757403,59.63194492618916,6.717024685050694,11.58242467924223,437.4257168565236,19.56157715000211,1124.599339153087,70.00582515556003,4.124965211361104,1
48.893929417088536,26.260458954391783,56.87856913609316,6.286961101177252,6.272782893334026,242.18320019298986,97.17589759212161,1122.064395933075,82.55644439504653,5.328791590113255,1
40.44290274459925,23.786889325165657,70.9531486816463,7.429646250944495,12.101653785786269,267.5478878908882,81.01532098961717,1193.9349615065407,88.34766406616343,6.555693624277255,0
46.80461333738174,24.969038326623792,48.81601553993765,6.643364652198542,6.266749582871667,432.79105949953487,88.1471389893441,840.6903994466473,39.40515321412276,6.022538365967216,1
42.21947793880054,12.166395560055639,72.22464971349802,7.37557526091758,9.642398781978748,136.2412064021432,92.94439897402434,675.4092328212822,90.10304728916132,4.8014079221183374,0
36.83164146653268,30.533060832079222,41.56670157093435,5.515182832347828,7.207719945042359,241.66787140810285,75.32411971411207,592.3120505421629,27.54601405504132,4.469183277153308,0
53.34627150924486,25.096612445759035,75.60245026034544,6.6453411663822415,12.588594218810456,480.8097108678292,78.87798316170611,427.27708556132944,1.6278341756554118,7.298721326934105,1
37.73637261837923,32.95446549583792,61.919418804874404,6.934373779450543,8.509287273405349,379.62636510850257,43.781829660561954,981.3828993687084,70.08553395078712,4.9463176612638815,0
54.00474707641605,24.55871902185146,35.430628161465634,6.990160342324436,9.63274835683466,401.97566592235614,51.0450234676244,586.7809389883573,17.05920836870788,3.606432655926971,1
43.92011545915911,14.481449086792963,53.84509530131751,7.309953763563363,9.430005930386493,403.0021203821906,93.24854267666342,885.3127081805258,5.720935431147658,6.838139415328393,0
38.70265857677239,29.44770862233466,51.981833689295335,5.508803218007572,12.180015725477652,124.2280332655778,37.825591155264945,1133.2738922915164,84.16080303379289,4.266659466608705,0
45.838018947567164,15.171590863154986,28.27392930382004,5.500660318518953,9.849154878367804,181.28303730417247,4.194707306420719,1160.1708859156215,72.26297474472882,0.9805253041998804,1
52.45891671752817,36.17183690064445,55.47457434503685,6.44452692159043,12.31166668008277,296.5053024324847,76.2754385474773,403.52810718424826,10.239832138443067,6.4232488175725795,1
49.644497728191226,28.393487172077243,38.88713742301748,5.558587410010741,6.588066214421402,247.26009299015007,57.31575117175184,653.6600251010851,70.92191371458998,3.06040433123044,1
51.131222957229,14.716116506708627,23.140926008576145,7.449065107324749,7.532751743223961,264.36491725314136,81.48759623433116,1069.9024235721815,76.95997276842967,4.033939668134058,1
48.175667334214346,38.87014172443621,76.91936946239389,5.9441303490827835,10.412273997170885,412.578951450269,7.555126661096212,829.1561642812283,82.47714986643139,3.233767307120977,1
48.84553129035705,25.55096390005962,58.48942214385727,6.44532945872969,13.576706598021559,105.87169402709411,62.12319904757898,1046.0069867857223,49.9324660719724,4.221590724688861,1
51.983913031306386,12.18695355614965,72.61513591225082,5.622275260024447,6.5980627737742426,364.1967705284955,24.7705887990758,1082.6586262703504,64.30708634752864,2.0642716067009186,1
39.99336017718372,28.804987132452016,60.56336030079519,6.544096832342517,6.3446737292549145,100.04409272072898,90.3268594494484,754.1009759530582,69.60153510649099,4.304638145783293,0
44.78849927286281,17.59596721038431,41.41902152840677,6.259912250294817,7.2524053994228455,125.22341023049748,10.990993974174568,687.1863504198284,62.97750416404962,0.1,0
39.42418883639205,34.11080355631907,50.76128433972869,5.589320057754447,11.129225030881251,263.3144479350496,84.3069272725063,764.3466128404204,59.21502582750343,6.426398916176187,0
54.75336015993294,34.534662206985715,60.54480562083062,6.170248533392449,9.191943333361976,436.3794079219286,8.855425197191035,922.236162099413,50.28033275000953,1.4790133445864517,1
53.88118679373227,39.368420675639854,77.61513951208624,6.282872040445711,12.60441903534149,157.99830622578418,2.5097355496998097,693.7273223094546,44.12759087760125,1.2952398892132442,1
35.788536227370116,25.05608593073511,35.220167547301784,7.47984298254988,6.5754652118509265,321.84856365144464,23.505943004192233,1019.9906309582021,90.65125176083475,1.8609670173724584,0
49.11150345031377,23.648706391832114,72.49862351744706,5.915771743838751,7.571312694517609,371.4020907306977,33.30445409266838,1123.1942349480178,31.38047023799408,3.1140218008858733,1
53.50496634831332,32.60426816339442,75.44466831765617,6.5895592307402,8.400211243719166,191.81315366886423,62.652877181187115,625.8489617269812,8.944189340009375,3.3964312989472796,1
38.61150690254667,13.974119690257798,60.224930879537396,7.474631098397257,11.013840693510282,304.9321021078332,13.17245973610538,1171.9917153393917,69.85332685032648,3.0818376541570625,0
46.35890461105259,26.407465413793727,75.87599764408027,7.08403841588027,11.481381522412377,464.5629132552769,43.732993359107496,898.1801973802485,20.244194008254475,5.116922283122188,1
53.30976595176084,26.38742800392553,43.87271524864211,7.486735001764178,6.993626351710191,304.8914101462131,20.426360210287374,1102.5350169757928,48.94240236568351,0.1,1
35.67891957171598,12.684193684311616,77.18097056242657,7.436596629320339,13.550437671933917,162.9292247150592,85.53033215470633,483.1331482176844,9.622136494051361,7.381632657292755,0
48.9484053449368,22.539522565207406,62.166972629958494,6.479079084188308,8.728353081521673,351.1257186750179,4.496650795130497,601.199309644991,56.73554747351116,1.7116615768893704,1
40.946980147451015,35.59854395701606,22.520346045128715,6.892751699741131,11.705350104002264,336.88007200340564,35.59377266885211,656.8152635460738,85.96066635129,4.426092173349636,1
53.48792390753061,35.68460865983981,74.41236990914317,5.720886253882302,10.19366175158159,110.78190391925249,63.13740799691089,642.2577209396106,66.0434241346262,2.8559729368607787,1
54.42116490330736,12.97712994759043,49.06836854199155,6.382297650093603,7.782064908376853,136.23776229902666,91.3088178051939,537.4889252788255,20.308130040395213,3.371446221165621,1
53.88532978226868,12.721626482434925,47.61961908666997,7.118037084533395,12.769826584923289,162.71254205640432,86.79934226938953,1094.5607580198657,88.40242407599746,4.901278080698296,1
44.484284333149276,17.880864310058058,53.987996358778055,6.510670641954286,12.54590422553544,154.51563102474796,89.51919995171636,734.88971303164,28.63782379220934,5.764403950380518,0
52.24085301978627,36.24298187661981,28.963072806273676,6.905398065634464,9.16857483133352,203.78630822437324,6.285329368298209,1170.5041699734306,40.2953487842219,0.1,1
51.8909879707014,13.867077552204968,48.14996291404392,6.991502659968554,10.708860685550842,281.6421292942272,84.09232614634595,866.7778934321177,45.83053183355207,4.988807137322648,1
41.382009464865114,31.59990407882339,69.86763300306474,6.0069382824857875,8.062605567487518,248.68651915959376,77.99125785441191,510.71570851589047,90.16468690361255,6.588600350580995,0
51.57830948301355,13.034968588393097,20.92894754825092,7.2513987458851314,11.518813029970412,456.25995656183875,90.24316492756189,836.7237678671656,7.200226064726488,5.935962629016983,1
35.740152694309856,28.69413561243476,36.37502961946228,6.419644861818358,8.472214500963451,344.8437637625348,31.157626725800135,1194.836118179394,63.7055464992013,3.79297923551474,0
46.92539756964106,20.682018973574344,20.147275186630655,5.920370207243088,12.75262987505788,450.45773998473726,91.17651062733667,852.1373496794199,33.57377881234623,7.250413765675871,1
39.60017674575406,33.66741888897601,44.9426785489909,7.230831763576887,7.7390808342181945,310.81572996703954,40.26410850864478,401.4954761036501,8.04927871921954,2.718942749519547,0
37.41133771554558,17.010713464760908,63.69893062962408,6.3356376122125075,6.118427382547713,135.948188275736,63.40996855258,1146.4639228723354,85.15284918695708,3.9071820902926424,0
36.539064032584186,29.176054881698796,67.9263097468777,7.0006248767594395,8.148064335743348,285.3149796265739,42.41789912069983,587.9155249025515,54.08724872287588,4.08777940652971,0
48.9257755175628,17.07047603727655,76.71138566762039,6.596066144443186,7.5284198916758935,428.813018736946,42.764843051565116,950.8232424551653,68.81662068298982,3.2310002485135585,1
41.797499275361325,31.409808493364615,56.51027677824719,6.263743504469001,10.066291517799394,177.64150686684323,54.663701879490155,812.0641239643542,22.63468920141517,4.354096250285051,0
49.49533543057523,36.21034103682246,35.27761199917373,7.119752830077139,7.62962633325261,136.4857115010599,35.59267096208225,660.3470054727089,69.53868303664812,0.28846503129933015,1
36.30712681597885,13.804053973802802,75.44887694820193,6.668939863289226,12.105518965755959,231.77389533530405,79.27369942692357,626.1116189411109,75.5627896020895,7.1908760380170555,0
41.305806756612206,35.99787065786511,66.51894523282257,6.281124204854064,7.9309651040320315,255.55913225605585,63.36387354152389,1143.0078900056837,39.77464574930287,5.020727887684444,0
45.78982584750675,27.80725763242894,54.46570898018867,5.719195740670254,11.655745439301246,222.50307056236176,68.97557615389456,1129.5407167358699,52.47608254731688,4.663103176661164,1
50.81446329677927,13.81331472601072,61.73841294313616,7.2908906275334155,10.627767384109791,154.0963142498224,23.10348002217636,810.5078720430233,88.46852814365991,1.147703026055129,1
41.3750500586414,22.82625566079136,75.45898130044574,5.570939170683333,13.889998851775076,200.3359438886858,96.95752884813925,606.7961564281113,77.2056677536983,8.757058846696495,0
47.517827528740185,14.825808804552937,62.7436417083753,7.226374696736112,13.999207816073852,372.9129618408441,66.01760977729654,481.8736257375982,41.03650549613479,5.546976387271704,1
52.71955496472374,31.010436665997084,42.10247045508404,6.219923049766311,12.95620866653864,254.37140651726557,19.719586453039163,525.2611062872685,60.81164728802612,1.6948858689494144,1
47.31726376364609,32.76604403253849,62.7816921373458,6.778677527002811,12.07986695439001,353.01977784742235,75.04902434710338,817.8013805924836,71.58083291222617,6.0391077618697295,1
39.659189495072674,13.173895608183969,22.416689764123273,7.34439944767137,9.09165131200459,314.521511967493,17.37141032076227,646.2639684632073,3.1895938520423632,3.0669644977734527,1
35.48801563113076,25.18419558083933,43.18493370983487,5.803413231007797,12.02621381705043,319.6211759430676,6.338489629950839,433.6545138079654,53.95293879627434,3.1260551077237073,0
52.401977478018594,34.438751680777514,44.37938191073476,6.633900951277621,13.653404296635927,199.4198231791184,52.75533961458343,764.1339082488801,89.60757520714375,4.029690707349756,1
35.42538821700774,38.08489124652989,30.01029406525008,7.028865724740384,6.187020603163553,308.6172131072726,55.35239541623472,996.9514339714509,86.24625848436982,3.648858752391856,0
52.49403345368399,25.4055360022531,21.38512883310621,7.015167665438115,10.30331760158191,109.43788554528071,18.89655747315986,1113.35609276799,75.91963552861999,0.1336418082349221,1
45.57874268054424,38.50837670834221,28.00287419826457,6.551263829199008,7.743986435107477,272.6974969299705,34.8378944292159,868.2272365464714,10.559268381761678,2.2168651548884193,1
53.781353970257925,26.070669113680893,59.2772897478233,6.749478919812916,10.463010526950804,329.04912927596604,94.5769295678697,978.6336990739568,90.46373072645366,6.309363206810454,1
50.97566471547331,21.82571483799724,68.13732898182126,7.015053988265689,9.731576718071128,172.79824854164372,28.50032320874899,691.2563766919459,55.85843378241543,2.378151463799778,1
54.95868221066675,35.44609385658686,79.29220956361846,7.1820552755148235,10.606148652418275,202.62340249958055,15.556806076536866,796.9905433735516,21.061742448654144,1.549755275421734,1
42.0142363090342,24.78948131374267,40.78181018650966,7.023626193751728,10.407697771349794,187.81240792624777,99.25619586654541,983.7014852080234,61.684182065288496,5.572484175364969,0
50.34376577862254,24.15707531693569,55.96275333566611,6.208009886362485,13.680856313348496,128.22318210616967,30.230553638046676,982.1265818978355,78.08712058717131,2.736486989332838,1
43.03861827218484,24.70937468229485,76.22869800890732,7.493452802115466,10.41748887147789,239.14292845603603,68.02536731460786,739.6210116556033,11.109498476287227,6.3729705608979215,0
44.59751240607818,35.40355005609236,30.022506880289157,6.369005387438609,12.769856704998938,491.5863065807758,23.156018143926637,834.9338732466582,83.47943289604822,5.279135196561367,0
47.5501092643674,34.958246250641565,63.05873518056456,5.548929405517867,8.558562294406773,241.55216258544402,55.01211969863894,1139.0842716407756,83.81838532770956,3.3571752813605165,1
52.47354228372677,22.105599773206336,65.29872398894979,6.225233903170924,9.504805510328392,284.2146487347902,38.62819866096155,905.5980839545869,2.2117965608186054,2.2925295026363477,1
54.681669383985906,19.99899579611575,25.338532152160305,5.755565909147687,9.76330780835848,361.2349003825501,96.15792611591885,914.0597005492717,82.02872094970549,5.655363775914823,1
50.36546827729036,24.757840721173878,71.6749631109839,5.74288523145675,8.229824346683039,359.3991004676428,43.28058745504877,1027.696233908288,86.21361264161406,3.962677970808369,1
43.35533564334668,27.18317529211327,68.78630282665063,6.063070080213789,9.038322091823641,479.95799200744966,58.41741841817242,492.17831705277825,4.392261728231068,6.450120590214201,0
43.42714004554141,17.15011631883991,22.004180394646067,5.606750988354522,10.788104635734202,443.0256561596501,94.47662659001472,818.307433318982,27.474969115724566,7.212260126561137,1
49.75164603177783,33.81865254146771,25.46506489280309,6.877024376819126,10.64150210643626,417.58027484206093,98.92342999379551,1167.5453890167855,34.579675613451386,8.241158677212825,1
39.775542915366046,24.59448297197269,22.94761363351114,5.64797776840381,11.091482756587844,480.65089031132425,10.16583640049965,689.3283137408791,32.40014248597511,4.164044509389657,1
37.209482262627894,20.021366452598787,40.08461190796173,5.906579110871912,8.814543323361129,192.30615419326864,83.4320712042389,635.9409171376728,69.31029135431703,5.758463489020314,0
42.092443152815534,13.204629788919718,50.55733944079557,5.685799428988239,8.526651961224456,346.82167784871706,38.21164941872488,880.9663724838061,33.22940133014803,3.671394747332706,0
40.74477983308164,17.16535481210821,51.94086367727773,5.626335461806062,10.892943062033304,454.8787066888625,59.48287062056128,576.8955396522427,87.09209289052681,6.342765915270348,0
40.926162409119804,38.47843515267951,36.06000558616656,6.0355033310790835,7.0628939874202,349.65526331124073,37.50480789552455,844.7561252189191,90.54933627742642,3.503735772694176,0
39.6721550209982,19.152990604585796,74.69581319361646,6.64379793532074,8.02425234825712,490.9681898427478,40.111620565479235,524.5216086861125,29.51369836356219,5.729132614503755,0
35.84186379272724,15.065778681011059,42.09576739231479,7.4293711128936835,6.337021895623962,140.1410855625516,15.885753598511155,863.8347685583244,46.79206778858562,0.5843493529008402,0
35.35747869466827,23.820183749649797,22.73300935792115,7.251113308699212,6.580886820768641,275.7322011172801,57.276645842786586,881.903346916142,51.193525627000675,3.818914451587333,1
54.75444779472063,19.21263230080746,38.013626692483186,7.251867850890649,7.947066234084871,490.9451631634545,54.671594594472474,734.7203832098103,53.14625469703555,3.6977498113803318,1
43.55546267471725,11.054777508135825,51.86656535264933,5.852134072075315,6.156234242375352,251.8272114279703,18.935578853839985,706.1971403509508,34.67880947757697,1.2763235899770953,0
42.68653294319363,19.69435651838252,44.49330935529392,6.02981438699564,7.963284736699692,395.82255003972176,54.17304293339414,596.3666227203595,15.93941517629467,4.690380127544751,0
48.5929456538614,26.323258718184057,36.43055114595555,5.652786633590612,11.239810584496208,112.16116043145968,97.31018826310861,664.7378462668755,5.910448755801491,5.063964465011264,1
39.365077757301286,26.551371160599007,27.879394985859044,7.05693667983037,6.488856627751464,377.93484585212525,71.44085958537897,798.6767737530906,10.571379908484893,4.57913334940722,1
53.99922367900451,20.69676763530666,69.14987000577378,5.639632602971124,9.493893422357129,473.85069301103135,48.09825595833519,598.1271208232808,82.11621138344572,3.596811749774006,1
50.72690028831104,23.41908268757802,79.76871452745152,6.613391341641707,13.304870295356395,253.08251407600108,91.60839855813752,1026.26757069749,26.233750595845635,6.907212259947538,1
36.78822004624519,38.96553754704299,39.772528011432925,5.995751144647901,12.330278631403207,108.51993517077179,57.53143565053058,967.2281930606173,7.914068488994007,4.506961992604128,0
43.35161551569857,21.32045431690935,42.89726265059623,5.986891268057489,8.443500018358858,111.16392175819354,13.504799872780337,615.4446937167963,57.11767295899176,0.8458844372631542,0
52.58236615124329,17.74680439779949,57.08225148061742,7.48145011049521,13.398443833533175,456.8093222844356,54.750964781245635,477.9481304812384,7.777643613515676,5.457817825252224,1
53.8946404458282,17.304011322002804,63.10648848413248,7.013559613957074,8.637171973981799,389.0064428385047,18.09731153658678,400.14403118717024,7.304764570212184,2.4950045596746535,1
44.348030224997395,23.732938381124026,43.52177208821547,7.1738787165821005,6.5801239707005,142.67455369063194,76.75048387476743,877.3750819051911,56.94134552840994,3.6192280582561125,0
47.268227784214154,32.78560446150832,74.29577101890891,6.643965370688026,13.952447654144908,121.83611082047862,96.71742142947083,569.090997162919,54.22557197786776,7.059029542446339,1
38.3406789218415,16.179645525654195,53.600239353735105,7.242028574787499,12.960180217513374,421.9301454461918,36.08185845433303,410.06597608123127,4.73295582549641,5.539193207314127,0
54.82337252273953,31.278883814223043,47.02340458435586,6.790981078332706,9.72746226640874,423.9442531221436,43.49178801251945,687.2682164736182,42.44300509932539,3.455409218353869,1
39.63343402766887,10.634494700482488,58.80036518959431,7.39234740959269,11.33101219353923,148.2087359168196,42.149646683863004,1169.5987698539466,40.219147711543116,3.676447800655452,0
53.85463548270251,22.56798933951838,77.1682308949504,6.0626771720912735,11.369824622853361,220.6081615554547,28.529997579488185,951.9542461038538,50.20202167322995,3.3542223700109974,1
47.99293297984737,33.2759519560836,67.67313766530233,6.6906390915657905,7.555857845843683,412.0104258295558,79.4179964878631,1086.2109623379665,67.40602393931087,5.999673074012334,1
47.15473589757718,20.16198867323294,22.40078783210746,6.8802626958737845,7.600389065229058,310.16482838160255,61.77283327469959,515.7912786085841,26.45200428059747,3.30982396963927,1
45.25377022033017,26.912113043361984,39.93859464439758,6.285874610055613,9.756645626814606,482.63394429011976,6.405155685655961,458.63052369554913,39.95022552254292,2.5898464699744213,1
39.61339623435517,16.149376984777323,48.23268109707336,7.259415964808106,13.292585121101585,292.425058138402,83.88063350231356,409.22381080777797,72.34684159248684,6.962670252743167,0
38.53056064011017,32.25986173378517,38.871054332546315,7.459606326208309,6.079950198868566,370.783175026205,18.708823115320726,1164.5298320155898,84.03007514145118,1.8126343982131066,0
39.409724181403504,11.56837309806279,62.01125364982739,6.487538982745323,12.260045087594875,303.9133462966337,97.91511617091211,640.1621882828388,81.21906757448903,8.311697938517451,0
38.72876524288509,35.57627934626501,69.57614899175486,6.281281309608678,6.460214269717233,477.1861982740183,37.666313900256576,767.6039538726864,43.986785688463755,4.291744676003488,0
50.591689471335066,15.945891592650044,63.88070571111629,6.443875857112918,9.825776919064943,259.4636368270435,61.64496471503238,715.6188988814197,47.87792173018917,4.131778274535874,1
42.002505183334605,36.231940951249925,79.35999720969652,7.205473491463863,11.102982664587811,191.91858207144003,7.78236188960304,984.3655483142874,48.61948979369434,1.7851070576759593,0
36.15685353126793,20.57587723901552,36.352858873581745,6.790936851036335,11.49407413665972,230.65354411239727,34.466327468835665,647.9719055621945,79.18440127367363,4.452785019084977,0
54.38205260281623,31.680507234234597,72.4993697014653,5.58954474503619,6.467834108927291,441.1100816660917,80.23539573607815,828.3623060912412,76.59455562442007,4.607969000138362,1
52.67571769926852,19.576758933585655,65.99735991046917,6.584339820891429,9.348828939071746,299.17542540485334,47.72084919532584,1196.465811964374,29.037927569081056,3.3081254437385885,1
53.55504566390426,37.177350137039426,41.730725453488766,5.53460024548194,10.670698084018596,241.7009214008956,90.46034835440229,755.250841075389,15.656472047983174,4.795307542530481,1
54.8981564529287,13.79911376555123,64.04747261941813,7.057070742006811,6.528364298448055,317.70400872379315,57.513844105080715,841.0172325598045,35.10771053428915,2.6615742119189205,1
38.477904984389745,15.35559367817796,26.24455738509482,6.1566245470849275,7.080756452762478,153.29188291073694,92.85721953957477,802.0224498486702,26.956574492446105,5.678562210141925,1
42.924840378053176,24.790903754764066,67.36000894043315,6.4440149642346585,11.309191916032308,102.14372185023844,98.26099070125561,1042.5489265088258,86.57026523334186,6.6149380864347656,0
50.164769514081826,12.458153171144383,51.93983615522616,7.0973562118152635,10.173105572725213,212.2338734773963,45.38945595182759,613.47172322686,24.932411149478643,2.751520412173931,1
48.92041236107585,15.879405541052858,37.53741036255519,5.592897634571523,7.294629290146324,342.0022879134169,56.5156572577808,536.3504129142376,17.308601355424198,3.3393964343930556,1
38.0779181267971,38.31299146636043,59.34663810705081,5.817083071183221,10.281914695317868,384.6723078645549,83.49206432512698,1003.2745266118897,81.95311563032939,6.196526979003272,0
51.31666249981235,39.29468983443661,58.49719992286454,6.29592075289023,13.301538987555325,430.6443865407866,22.1533005535813,732.4945490949234,8.783074392046391,5.095382528048373,1
39.488811436733215,21.28777987991266,32.569173363175985,5.959850327091122,6.124700678202911,470.66542375778783,86.16295737811096,1130.9808071813497,24.423944628381417,6.5992572844480675,0
39.47635229645246,37.698580630418064,21.823844888691568,6.175802851550126,11.141070187886836,264.84493878590723,59.192014037726956,915.3274286347181,40.52000746005296,4.710845450979593,1
45.73948845786827,26.34474027020295,46.017355214100434,7.49634947578493,6.589203476842735,396.2067198229819,72.55001353845255,851.4744893693941,54.55966403437139,4.9050638405392295,1
46.858798696834064,18.09227397621301,54.170712160665275,7.150828875147622,6.051595543717607,129.86917207922502,7.985402266344521,456.3656438607017,30.490560673597567,0.1,1
46.60172415675622,31.07196163241796,72.5963167022359,7.267803629920217,7.20523590928507,123.01199950883203,76.61876834534036,984.3295241102384,45.66105972289045,3.1762710308640583,1
36.829736747955096,29.767054197245717,75.69300773885567,7.3741092671315505,9.383253054831354,149.91919679446264,31.078690457365845,948.8322924103666,18.894806778754585,3.152176880670103,0
52.549217252607605,39.673759573262004,51.72831308940599,6.1818717606283915,12.418751991855624,279.427639132305,80.5232276849842,912.0575395897238,52.68467082029369,6.132150782449241,1
40.31200085177412,17.9514186222785,65.2282090261127,6.094153915592946,8.254283972836468,184.51257539949995,50.91525383027069,614.3276188565524,37.703512745169355,3.796038411302897,0
37.59029842565609,30.161785079852063,46.358196339679814,5.96812498514415,11.005385699110068,214.76997677512634,27.46143348156331,1157.3914573395555,77.43337185416053,3.16874078119359,0
52.774961597379544,11.560712650883406,64.76492939437358,7.160233822616245,9.289253103642453,359.15206940492106,95.27596970216541,657.324101626256,38.416072004978716,6.259801869110703,1
54.11302996459507,13.409381160901582,32.28809149635001,6.85910372457037,7.874654335728064,243.4088715211384,76.50623977114992,521.7847654031474,40.94338760938452,3.881005764438648,1
52.24255234530901,10.117551248532799,42.26388408821188,5.972343964965755,10.113976914262869,322.94862308720883,98.5686073873647,1189.7609239480112,54.29574904081713,6.295394828568706,1
51.19032149449756,39.98382043179019,58.05367992881689,6.253987658420909,12.379715922980985,264.9615026946369,36.44698984122038,996.9970232990145,12.08530036692473,2.9934579917134245,1
48.10483961278044,34.068210914424334,21.08947793642473,6.513423527865596,12.659938960449153,167.5877022079278,64.92196335416386,731.8295058609451,15.111565903565296,4.2827172141302245,1
46.01714741218279,33.60169044200622,63.34767862033724,6.556280114547508,12.772156255017894,129.60799610235765,61.158867786372674,1148.7331447109655,72.12139725045164,4.790631961153503,1
36.7397351982282,25.29178225864539,70.13213007609001,7.27745545710343,8.708462500439836,194.49259812395513,68.75567410688029,472.8938994929578,25.607690122559234,5.528261355470656,0
43.16906426141397,19.0020124871632,43.94849966563709,6.261132265894433,12.347648517726025,123.08018779641773,3.8316566041330824,470.1289731412462,62.62272360356104,1.339558344479265,0
42.45377034024628,14.537928533880278,46.876545030629856,7.3170480610010245,7.697427640871263,347.44478395592273,29.17193238773741,945.9608149028684,9.768427297948191,2.6463428736837447,0
40.195075675206525,18.54024216539391,71.07693273299185,6.3827351206395795,11.907400809943066,418.2870405864401,90.93375737908073,542.3776387030748,74.96619942862118,8.124520676858983,0
49.4684022737717,21.279136657874176,66.539278119562,6.992745349584707,13.587075410180933,235.89630729496034,42.382005487222685,1133.7116121546273,89.94052998270614,3.8726688125011686,1
44.91751470157541,32.68930290940882,37.2889693420025,7.360508639970112,6.1099506775276575,254.8444221409433,96.06436790815472,1072.2873394390967,34.63218506870059,5.10270535736718,0
36.62092431815296,26.18985366709457,39.43856639369234,7.315151407926533,9.522911449430385,426.47642510372265,21.350317264497576,645.0937792809491,46.4977091723407,4.15428213432865,0
39.403664038996226,12.324508796664482,60.7326939434358,5.613905734591363,11.182167907312037,189.04516494942413,99.74239734810894,1111.071665815496,40.844078185582205,6.635477994745739,0
48.66517527319192,10.540870268767367,53.791885546889674,5.9114085899531394,11.614206163900423,147.66410607794967,69.75809089595323,434.3101496058627,81.47689737751212,4.716315612482835,1
36.522617189806006,13.069965386021895,29.733774265789815,6.45381085106455,7.408702066153618,300.4472469324346,77.63934240664878,838.9102821899951,1.8940633927191655,5.972276141178464,1
52.02413828097538,22.31496141092138,38.59579455374998,6.363108579906214,13.777466201908743,358.4760678132949,39.68611722025358,1148.4502189670666,59.81133890474525,4.118537840208226,1
44.902930540279485,37.99578751147055,73.99899661271925,6.781783329674414,10.922122943767784,339.8617700185917,90.70081212606208,1084.3063831485586,59.71314455231796,7.979865029784571,0
44.61173154653296,29.122074436276648,61.290466203335804,7.389418101650825,7.314724809826142,385.5492181096723,54.546290095862204,684.858659040796,35.414650746815774,3.4967622958667715,0
46.84815569319035,34.05477699626545,79.15845906113117,5.724809422555897,6.164180093700122,122.70047286920956,68.0938380224635,546.296348187708,20.74002779053131,2.9760805063186364,1
51.49361931850298,23.991237835136456,66.02075179884616,6.403717330268481,12.266113590318207,271.2806451033491,9.4808271336286,568.4324707229956,22.571441327353213,2.6176865625614836,1
41.95618415804386,20.849982495851286,76.51846592861541,5.884822075774279,6.637637915563673,195.42820957827723,63.168070089289344,811.6063024627242,73.0417709092502,4.315173452734076,0
48.56032305118127,13.252011181498682,32.971314432228525,7.288215196795895,7.128407368561892,403.64850381840967,87.90789882621566,877.4183550691793,6.9492786737463135,5.362897405677877,1
46.31463927991582,36.277990665586145,66.28909248901554,7.429160371603306,10.598640214845524,449.09219362413984,17.828322821598807,426.25145329890915,51.744173164692306,3.771203391112286,1
40.340565403388425,33.49480087083708,21.213051208867846,6.4574033637807,10.828044027596958,212.53429632256595,73.7725934634846,730.8412473879105,28.615654268043897,4.923442047237668,1
52.57259972710316,15.043542927931753,60.24560130269204,5.708020595456281,11.495096948739189,138.08723162776332,2.540075899465455,1064.3096925151235,24.872303122148836,1.578517577060444,1
50.948520432138565,25.367816916287815,48.15693668721448,7.070589333445346,9.148112101308966,201.37118479655874,92.6203016562519,755.4631601886376,46.51638989779323,4.610730439376312,1
48.16903669316851,24.62124423763735,40.80560431520412,6.894282700984798,12.191189351734582,141.60339562356788,98.29171160311863,535.3403127595284,81.80753556517904,5.805374463133459,1
52.011634581884834,28.752746580595858,71.74426113758534,6.209341653220621,13.794868796927108,228.9688664453815,35.418006679809444,1163.8882344152776,56.62827271335978,2.8189236158224293,1
52.34588401919605,38.38560681973784,71.25606155945184,7.2748149479379265,8.168759544639064,315.2794313287303,10.707384971533484,613.0204319411733,71.97495649797912,0.8976794688213632,1
49.1672595343007,27.39314325287439,21.338102293918617,7.451663779565415,11.624228932303566,489.4723817592826,65.8576368163145,1038.7426125072484,55.061540133659285,5.989517799562214,1
51.74026656727344,26.206518003358557,56.57030734696586,6.61570769826039,13.427749219161255,259.7481017405434,2.9834514147479063,555.0353330711479,63.79442018854666,1.347746529731202,1
48.94942923338567,11.509687988039918,42.069933459257385,6.631455822688585,11.490294100936342,188.01596954184845,48.248628129718675,738.5381833772719,39.916688391396605,3.519074644437538,1
48.60281543520601,11.887224280540718,44.93966009002695,6.095027010227556,11.448875989154075,166.720696148334,27.177917513788653,792.3380318198494,84.33834716873655,1.6007867278071752,1
47.372227564303685,15.620403739803667,69.92244435312656,6.669012071966629,7.790180552681653,169.21590645547042,47.33390539528769,800.5082367585956,46.174511839524484,2.1172711268837534,1
50.054332791152824,10.974123150752447,38.59038629166069,6.3792846410496935,10.281041602557544,177.03907330458367,1.827551473835698,813.1790944805639,50.65972023040868,0.1,1
38.17210210586148,32.30058686710037,76.58292863825721,6.104382053856104,10.500182748836641,404.9068090149788,5.161218307070648,579.9580325518091,48.246895292936465,4.927779030303585,0
52.617415183978565,31.699909119818894,30.778029582328443,5.634370393047803,11.601036499647623,124.41108457296797,1.5975828843382334,812.7324175686682,29.457011814842662,0.1,1
52.436870554904644,14.081687032949288,59.763345402090664,6.00541571941825,13.974571599169462,498.9610827772137,61.9131870047114,785.3702031022034,21.81145920392671,6.528789015589129,1
35.58494566069118,35.082367023858424,60.32630402082588,5.895709299355329,6.269150580350097,309.0745564665044,56.00929176752085,566.9755977010107,7.645146770399951,4.887362304392225,0
51.516335011295254,14.64358104538336,35.13170968567509,6.584083969107898,6.521861290139895,317.70875772033025,23.315799853660447,1190.5532476029687,65.63574838022937,1.5878463215635958,1
37.5773973494689,19.035267609920766,39.48503653803212,6.703340043527188,6.62360055544735,243.02555147984194,64.66431289040213,1092.45071422924,27.03477368533337,3.9041371466418853,0
41.70237708518284,17.46930697484095,70.08790955479643,6.717143448612033,11.943833075911655,376.10214376484817,88.4207256894975,1110.0610808179863,36.02781668760465,8.61553892818645,0
49.87016512583216,21.169212957191434,65.70831529729715,6.276362002091358,7.09083036088606,288.58253635231904,27.732210102611365,948.4568403063159,83.79353464535914,2.541225516422462,1
38.21519792096616,17.639912976698856,39.74575281888558,6.3424594673709915,10.979614995922763,231.6245139858199,83.19938078789875,527.9176245534052,51.980261447068635,6.627140631698282,0
51.35934048238124,24.66852779315356,52.03739281609603,7.16847685928128,8.597351023147667,206.05536148321715,66.25091360021815,854.4736511197991,9.737025751354443,2.773893240644572,1
51.64268355915484,22.222236440640565,23.700817775185726,6.452465627034325,9.658559649685689,470.2604827733038,3.382044317298316,1057.1517053019088,72.96507215414647,1.525208839674534,1
45.14935467521673,39.597084723379794,32.524752943917754,7.475546664274245,7.725305278539311,216.39580602096808,37.51498958294345,430.98919095093004,24.05175391985099,0.7258601079957879,1
35.127717434336674,11.67779050384677,49.14923353162395,6.37923446001773,12.928852490436338,274.5573037719368,50.775721585901714,796.6744826300958,50.74352583815642,5.695973094235386,0
40.74076266349826,14.265441291620549,25.158424116752695,6.799161889235678,10.689202593304211,240.1365608465873,73.16991899547214,716.8983039959345,46.898332737759155,4.8819550067201405,1
47.33853836751484,11.584776817258074,70.59994129351625,5.600725997986792,13.55650610865802,134.47153097121438,28.713055825341694,569.6997837274429,22.427095811669265,2.663666816687606,1
54.62372356054847,28.775235849471272,63.08037260645887,6.8066798488376214,10.596769997634636,174.37375779290684,98.27301048579324,702.6000030122541,11.419393131512296,5.109964997203059,1
47.63627054033337,11.635278322411587,76.61802023890968,7.202852788830012,6.991264244775573,175.8007901305528,68.45397405050858,1186.7980086955622,20.013544584547127,4.210285527937422,1
40.196071621283195,35.0931921212837,61.60801435784163,7.3849156770665925,7.3669634707078036,377.4598057558619,37.28136771643605,978.5946610894221,9.760401960756903,3.6941425729604687,0
47.68011406199223,25.358158920457832,76.42408233573113,7.494641223279541,13.912591810942779,262.63416398632364,9.702503907711202,639.6296640119531,25.806521705689107,2.9987386211397746,1
45.79970759431711,25.81022873744601,53.270753341457905,6.0643572912984665,11.804521578646941,412.7870252282635,18.13677602708099,884.2840411846637,90.7567759663718,3.1093185103461334,1
50.596907903022874,26.847835231365828,56.013116663718165,6.6507401296514335,6.394230000232717,383.5803697336628,48.76077600551566,597.3249922285438,37.18830387172443,4.524137968630279,1
37.13961277653917,15.124411189186322,78.61826327757565,6.401435971064295,11.63024804027732,176.81990655841506,49.469535495836666,888.6751272194191,78.74995522015092,4.5282787124245365,0
50.22055805004056,15.930709093434626,58.52774881185562,6.627634961150342,9.297384374476893,325.16676804804024,76.77187648213535,1116.9333515879453,50.42599229161553,4.960397619247367,1
45.825331573522206,19.56451968619014,21.847194131644795,5.814905914379693,8.457667094585524,397.1635384195211,72.61766255722524,845.5014399540419,60.992477140035966,5.205216269498692,1
54.25984007717989,27.804892474655542,63.4281665978314,7.212299145191883,7.232486349844274,353.2171693902892,20.12730385178173,986.6719803621462,15.071317277550058,1.6113744234164658,1
41.83744332077372,16.303533278206437,74.32812152824494,7.319137886689175,12.719231636452525,340.00660323519236,59.4956620558265,762.6711989730375,25.73252806797779,7.225447709901095,0
47.652437862678966,13.489951813997838,67.7348149876596,6.399323326225845,6.5107310319128056,395.8443549603072,2.062180074288833,819.2991341311972,46.939908072603295,2.122204157432712,1
53.64056211020035,39.10350659255296,55.029996357525356,6.0608597231471535,8.318683699037123,122.71229570252275,39.85473993843334,956.0600630039029,80.30290908041566,0.9463720243381052,1
37.05019455981358,10.659454444288688,60.27821078561098,5.781666855306025,8.451063150605634,392.5687789445731,76.41052405716057,1049.9240040411178,4.859923229644615,7.159815501402358,0
53.74456974472902,34.08092216008065,79.4115073551003,6.867529649555609,7.287242271708003,209.06210526137136,39.950859328716646,927.5611092203598,46.62279636091488,2.466874810824689,1
48.757714446016266,33.64105448725066,25.4397253105603,6.124463679241471,10.065479066294962,328.74890180374166,83.55962398014242,1181.9935951120744,5.591099125758692,4.94279165386479,1
36.35674118210344,18.91642341535288,60.03468971799437,7.319077139826778,6.093621014487141,196.92199787860298,97.61552901252816,1055.8580702386262,42.114040880435425,5.9212345373196476,0
41.01927133893633,14.068798480219403,37.00386167423563,6.8420249496897405,8.407804123283274,435.52702888273507,60.72126026993657,1021.7281636863001,57.59813433993732,5.398627524940695,0
49.16344177290563,14.368859401162702,58.4054237951702,6.791370650348481,13.469035552264511,292.2237417203024,14.50040763417566,1076.0812631848203,68.02508722854766,3.1578610007964047,1
36.347012029375435,30.922948517115774,56.45741455303633,6.6188042317964815,8.484236554736047,357.17648480999344,37.96772079054107,624.9687483394792,13.467880473456404,4.80758049816721,0
46.643409203525465,29.28419773258521,29.207409926489724,5.591552678857451,8.883675096854013,417.63281739069123,0.9483355068375166,745.6377231587046,15.991775511521329,1.3287750249592065,1
41.917661139059135,33.4823702275416,32.40479874441435,7.363844871371174,9.785320385872573,458.12610202854574,60.27259238407526,851.5703347156725,43.30584295226115,5.421346402577681,0
47.41831035534954,38.12443517197314,57.29777468259281,6.75587498659892,10.493546998811798,392.8248388277364,82.15685009737982,769.9090547541484,90.82328121811666,7.16705270407621,1
35.91484067625026,30.75782089799776,27.693796838226447,7.488123966766221,12.469669158565953,159.50743047616228,62.994007892304296,1077.966254579264,33.04421520910871,3.8705210190756496,1
52.430736123047524,14.675546096543304,35.91085250781937,6.574712809545774,7.522569785248141,441.81294783431457,78.60862291834498,421.65481414338564,39.477468462661925,4.628679224515362,1
54.46977938354794,17.30327850296232,70.11473286428014,6.920221783812426,12.973971017540457,347.4311663462024,79.99039272758867,567.3403337862567,39.92020685330964,6.753733090991031,1
54.377557105713834,35.265811926193436,39.62549036009832,5.612419115732444,12.060394857151115,343.77990335210944,85.10125762174637,1105.365232801484,8.26307392213859,5.497934489966755,1
49.9930366348585,16.27918227502626,49.283609376179776,6.763472353646822,11.781202677292441,468.53622392196866,26.666378299755422,447.28011014157374,70.67549307609958,4.966358182776978,1
37.60172480261264,12.175669508634442,76.46842010875042,7.029299223180715,6.694436589717082,199.53262226635326,87.1268522820422,581.5906428870385,23.77913719834967,5.6444470185331745,0
50.16526391858045,31.098401621267513,33.62894533021678,7.057028589705115,6.1731255197966775,195.83504739761332,65.40939984634909,681.000264301189,64.33003511946279,1.3997739178092705,1
35.49173832917603,22.07579066470426,43.377561041480625,7.040223304460571,10.752101607264672,305.27742187798475,28.972555659448695,1000.5924486493527,43.75808909520317,4.196160585496232,0
35.442471030579945,37.60120157637711,56.387466532612734,5.952565254587335,12.905071700185289,400.34522661394607,98.72947149962611,848.1445569334787,56.06017679974456,9.587815653380998,0
41.472204382990824,29.507652132809845,65.32033577023833,7.450796955210452,10.675531713125087,278.8962832914036,95.0182393731669,1163.6837622242647,5.857447284549663,6.98554937769422,0
44.77286380809332,12.712569333749823,74.09920320276231,7.490364241249877,7.705878923564247,353.5565559569609,57.44409832063994,582.3000120583788,81.09691159749096,4.28779951656421,0
50.40814835615586,38.435697017609826,74.92837925441091,5.6511917503232025,6.724159183593706,281.0098896890876,84.32083783995635,1097.6963239909835,22.9471092477742,4.377747229162762,1
48.665907532130106,17.756717909207378,66.59840446235738,7.3728928456235145,11.59677162254188,344.15487219478746,26.14944887198717,626.3307917993991,61.308584875075326,3.2886312432622256,1
43.918054127534965,20.116374712188573,33.69985019559863,6.078898388608739,11.774162218542475,428.90492104548446,41.603699661089,596.3986073012481,72.82172008595455,4.4527152616433225,0
40.47253332563332,22.067812410506264,21.488559802553947,6.87856816350193,7.380253605496869,172.19067843636932,18.39717607438337,798.7001584794806,49.60348455548774,0.1,1
54.94249000315422,11.536728892129398,43.02643582133743,6.176221841472264,6.22552252397229,378.15141360239363,52.0102642629248,456.96360420519494,31.360061987076175,2.8927823940517174,1
43.52362604471946,24.895462666918146,28.4929310592694,7.435508646746243,9.266268105785576,414.9702957352733,49.60014300716653,707.4456103946266,89.0113037032969,3.893662458552055,1
44.02774048659351,13.699554732258768,62.62325884629789,5.703007716607071,10.661749617064178,278.844562992713,21.281322596156638,684.5407744877949,26.059574194362604,3.232341719164961,0
38.27247642383338,22.029109800650552,59.66783520954301,6.495493633912752,11.648019276537529,229.29343082714172,67.28016937160976,528.0812445614188,86.37961034109433,5.759083833197014,0
50.89619097499859,20.52129363976253,22.63829849728729,6.35609558388415,12.479560073223222,105.41772956976084,11.779029552541253,1088.6358762199284,15.060172031625859,0.1,1
48.87364451562977,33.1852025027951,70.19562674785706,6.15204690455597,10.884299418453859,418.84200893363743,6.1691451069711185,708.7117149675066,36.02999183701092,3.0630828704136874,1
39.41539225577521,34.095115348981935,34.924595977470936,6.791067981760297,6.88704486878788,231.17546361439523,38.49049686623861,1185.536143610946,13.464602573257201,3.4986482021642322,0
36.64762091231685,14.602386471672641,45.933624529462534,5.7621114868433345,11.46065337713932,242.92378776322008,40.982477778470496,1119.7663592302195,1.2016425766326413,4.267870957358799,0
48.60998604149426,20.996535621376786,60.076024127344546,6.933324836267394,13.873413143159055,234.4024652395249,31.974060652648618,555.8485596559403,24.42326863568274,4.082739491926232,1
48.0902242856227,21.20059483095495,45.765127211135194,7.461184247609575,13.244676676779232,299.49573232493526,25.79466375782504,804.0977378703508,8.848936082705924,3.3691919463421875,1
40.46519053996418,14.542313318082552,46.477268167996606,7.10911742893726,12.973351274156101,380.99982928763086,33.877634500953036,881.4433106932423,89.77109707813125,4.509754318407181,0
54.0172712450082,33.95360515153571,23.937679720144423,7.2200335058190905,8.417361226866728,408.7452524002043,16.3375573952103,1055.168402354897,69.54879861566224,2.053539597026275,1
38.021157835618006,31.216849850062697,44.08661295560023,6.219273486358005,12.006305411632006,257.02828816126333,40.34524691328774,1108.5141997211158,1.3334316689807937,4.490722588261334,0
43.64669602085204,15.711453588911041,65.89087359319902,6.149773212962438,12.808827567721163,365.2408140180676,90.46033735174437,899.2144169243919,21.12819263412329,7.410369843948756,0
53.872318403351976,21.00165725781397,74.91058023119587,6.534096709380266,11.426609637050106,388.2737001085261,22.442688120883826,428.10736251377233,61.311181715534524,3.494121553404351,1
43.394546338522446,13.174150745695426,44.809828223802306,5.591453229524546,8.004494052543844,218.7669326709526,68.44511043503503,785.0211596145034,36.8696901848279,3.5730856967815017,0
47.77051895328171,28.846197912791318,45.41514961274473,7.390716268913065,13.630671774999666,138.6485878148373,14.178451039783935,1107.8428289490657,75.86583067398045,1.9679455112285984,1
42.951887959255885,13.64115773645859,62.15762637941913,5.787570346032385,9.606555291669407,457.866288257785,35.39066240102308,971.2716820354079,46.437470053815844,4.5657973279881015,0
40.4843040469734,39.578025058747535,76.56632006631659,7.306026078336185,7.038444469327035,370.8463887126372,32.11747805452563,1096.1135531275663,59.82862777591862,5.074234110678354,0
54.67955295919656,33.42046224063587,36.02365641436161,5.667164444000711,6.878223160459136,359.2441635505166,93.70293944083278,939.2638317781658,54.73336578350325,3.99008279169714,1
43.18668012630086,21.707156487519853,46.40865239227621,7.14524985535712,11.180151898392367,123.56100608479119,42.79820558018089,435.22800785197813,58.435201056127084,3.0753214858574767,0
52.881984073582686,27.356917968380632,67.75839461313807,5.80392505175643,9.501677171333913,427.1492230015706,69.0465943781384,1174.4053249652884,21.70889684444621,4.45197229439656,1
39.599092117821726,37.34025448649226,56.581614162442314,5.576263228182945,6.755871001431709,326.42166243442125,60.246280897132934,1134.414832455743,34.596049528557245,4.298453997190027,0
39.26209408050167,26.622978411874783,26.635180637837284,6.938978900518817,11.922916577248756,439.1537669270265,14.103007528476141,501.26363193009865,5.556632757804224,4.365877379122875,1
35.62268165769023,15.234954591938656,57.663964133735945,6.060530600348857,12.394601338068957,489.8244734947046,93.95404510306183,490.15293347499903,53.88728632193879,9.146163234700229,0
48.0333365075177,21.36110066743478,31.204777075839615,6.928992305568699,11.803325046291611,482.8401283520968,34.586929185576324,831.2628003816161,42.3332615868198,5.488853478484581,1
42.370526874475225,35.294345950892364,50.61295604470425,6.61017050094564,7.618087021472103,442.435738556083,4.475835578364973,1005.6406676455066,69.4644534117165,2.9860633023743715,0
52.28716499679274,29.326390479688538,51.74619605962631,5.717614780460131,11.518203647968555,104.37894953254757,30.044370684418766,705.738569550603,19.57442181594779,1.0489058041919888,1
44.46419813383115,29.52173153001401,72.5722017334991,7.364260146602327,6.085782423155081,454.2908832947826,33.56337258823261,509.10573083459366,40.31309044610216,3.9229633215161064,0
54.363868558294435,36.004644570654676,47.74965644074629,6.404628349526956,8.440897117427273,130.02492553105822,9.27453273787272,808.4448790250837,17.26708897516476,0.1,1
38.710510314062425,36.819191723875136,36.766545334153655,6.968894555597376,9.190572251260349,440.4775880707069,61.99774063799428,670.052908975178,56.258130272359786,6.636401960525403,0
52.37246335911222,37.59377715338309,33.85798089296189,6.50204114403125,12.681975591084012,212.06962744464946,34.67642055415454,681.4175644410598,77.32272308603068,3.181512735433605,1
50.53193705583483,12.845475797594684,72.45511260106016,6.708722949922409,9.123154984555235,344.02733541334703,62.91346063309709,915.9884294723057,69.88989236040865,5.113080315358461,1
50.41843689288104,26.32378005889303,30.260651265093703,6.105547184713385,6.090155569515186,115.22729245995187,0.6740563589067161,1108.4864793836032,85.97781753677985,0.1,1
51.89566456233776,32.21528563654956,45.55211365298862,5.900720608006901,8.818771294624074,408.47267844729123,98.20483989907525,846.8733846845155,88.45532036772319,5.506892826698152,1
50.22047981885998,32.707805353810414,31.230386895616817,6.585140406816135,9.991392786874297,144.6824488931886,17.05163585446816,950.0820086637085,70.48304808237916,1.300921325921709,1
47.52440643262831,28.201486059100116,66.39824240686252,6.380437945942004,13.592038293382188,264.2752686703087,65.93309867049364,927.9575932169931,26.81254768422328,5.95453283811458,1
37.62489755364775,15.003620055510225,48.462358398477136,6.280226426867866,13.528274430316358,426.9784009301206,71.57843032795155,840.916954045544,20.733523949378643,8.662624503685201,0
35.65052358982504,33.92261661824993,41.06862143340872,6.845134390189246,7.446992305771293,378.13959860333404,17.16083497474761,648.6065164665041,41.27941310940493,3.5759302156488366,0
53.41695695631374,31.60334000544837,41.66597843758801,6.881013264022272,7.481172333915612,102.41707874322677,11.171228210241857,702.235347928191,90.44953251194086,0.1,1
47.33300629041476,12.584073146471088,71.13285240337876,5.591840112182526,7.307051651716404,261.2129338170195,15.257719184480866,652.5630387923329,38.14012187354398,0.7560999252630058,1
50.93074581952352,23.914294740231288,53.226437257666284,6.177488988487344,12.311375459312826,116.77100678580321,24.681825584494455,1133.9984771856439,18.91615695150419,1.2116209575916854,1
44.630447030251005,15.219321985654108,63.07207106787582,6.323529100452754,6.048176322947251,369.39994432738763,16.82321179929088,1061.2949364083545,85.9908590004917,3.445111694436899,0
37.34616377924789,20.124311371389155,73.82231097504106,5.693784322328336,7.017417585535019,487.57939670132856,67.39994269560816,863.4778982809767,35.73261798364205,5.954908550045564,0
37.50371584405101,10.542432766170563,74.10450056243852,5.9718017333965765,10.303677053152793,362.10450492030367,42.08332037260673,1129.7947767793605,63.18089985048678,5.010919290726207,0
48.71130574457943,22.009896052322745,39.71054326027179,5.6032835944455135,7.980496535094124,189.7489724470223,53.77915945153631,1109.1269545183823,71.93376807531281,2.0974427989505604,1
43.60611789798925,26.496307634686314,77.14707578878313,7.492484197234042,6.738851665914097,242.09321282661605,4.733678880915826,1142.155519801468,76.88403118535807,0.9036626374569698,0
39.01049453400673,28.587477784812606,21.492552920876328,6.973114405939689,8.879024098670675,490.6602222633871,86.12489631007233,577.4190861244264,74.91523484105113,6.917469186692686,1
44.831890934828735,29.9047103538613,42.610133660969936,5.674900313005507,8.193660840481957,189.62096481294003,17.057155320619223,974.0024302111158,76.26221766999821,1.092426908877983,0
36.28417874150268,35.088739393073794,73.7479314505305,5.540498759580184,10.088834452114277,324.6116292217771,36.015233145508816,887.3795999388014,61.08880848200928,5.242136880134626,0
46.639428038287974,16.4638872182719,36.478212789018976,6.93857560030456,13.833868750641567,260.1815234726979,7.190163982776698,987.0645102676857,37.3447962345214,2.4283708474577903,1
40.379868088701954,13.61445467315404,36.384887019279105,6.378384331365334,6.9944370945193475,407.32611917128867,13.679313464832966,610.7034911346298,61.05581686574534,2.5355639223216166,0
50.951182012743764,35.54611515693777,38.157337104913324,7.0735934181291515,8.981813638672755,446.95570879195486,66.57994099756614,955.8472571506381,76.3060900653922,4.969287548767514,1
41.207239178471475,14.698384446779496,56.73880309081533,7.346952075636768,13.455880142979797,236.3349097401187,69.25870022556889,727.8628122035096,32.557821816197894,5.7322740422569005,0
44.10440298163603,39.24280244008586,46.29996653686123,6.698600778032745,13.01498434795058,364.15854547975306,67.6965484625352,1067.2734370450403,27.68571912628361,5.769731263812784,0
35.232410798162014,35.27614688195911,63.604090181200554,5.874216845834506,9.154168278274245,319.61907900709093,55.2136787846022,1036.2925801294184,31.933649539464714,5.650298419997947,0
36.44893775589118,25.026298176687973,73.69463855387994,7.064388072092905,11.591626116157892,211.37779602217336,95.25216640119066,569.0860886871337,50.61550564264316,7.860841339400338,0
42.8498711281337,39.442642747660756,60.45196249657164,7.4116234863487485,6.7028561086507645,208.7763211252007,50.71771607685764,547.0842211226425,5.719948733255007,2.608229960221452,0
44.59877669434247,12.921301873240125,32.268003211854534,6.6604625741199115,11.700328444348921,315.4526590129216,44.94120292964465,974.1853770278929,71.10737371151559,3.2534919686803843,0
47.00041096238607,19.09197283525305,75.96091414163013,6.863994894561467,13.782861835877931,161.60114941291994,24.754556571714346,840.3799157825283,13.496676260518173,3.016717791304843,1
40.833251574186065,29.146732451218345,35.86957240084871,6.174949390073346,10.299905222673534,424.3239585929886,9.884952926661262,845.7647285456392,12.955479110568891,3.9032129034480376,0
48.899637722530855,20.500206054195363,28.993657719689487,6.2630553893206224,9.987921816275314,127.6019356801608,54.81549299661788,1002.0122587674837,18.78932254204945,1.6102795006873847,1
52.202447943784094,37.851176559423756,25.398036731657655,6.969308995706128,7.498548957615283,137.82979448332654,31.48901866928281,1083.976634417432,52.92346914752485,0.32765743006887765,1
50.597019777867,11.968782645334526,53.80302443996994,7.355542196813638,11.070305591258336,236.89052357090702,52.402538319051516,591.1711204869735,26.70115382235604,3.2022221303183267,1
35.792376506967145,26.482354961828936,26.825747748839106,6.7579767744487045,10.723498246231319,147.23670327885333,20.611907826047972,844.4316374324401,34.128129608789706,2.2444398331208664,1
44.61013894515658,27.725988021853436,28.326553046757844,7.079695816970695,11.215464475806005,290.280008502197,83.81726722079114,1063.1637675936618,84.84841998803151,5.350462274341151,1
37.0986035683635,29.581843713316722,38.001828835729796,5.843270034830746,6.2086662934777745,259.87035617674815,99.9697209659069,1098.235336956002,77.24819619792866,5.094068768237307,0
39.84090031725055,17.669986699954432,36.89918058106783,5.9239181805159475,10.389787906792588,388.7239183542868,32.24035101206495,629.9275106708133,77.69714797943043,5.021721173764779,0
54.73325186534293,20.936992825595933,56.25437061992854,6.56406937366678,10.759478747978985,481.20166208388815,84.23276072603298,483.32308527801,52.98776499933891,7.316742012683085,1
37.84991085803026,35.310415889949326,69.0047167683609,5.853108384485681,7.6602410833024175,401.42343389565036,87.29861363924074,586.2586031022239,78.98195325614326,7.468408434676019,0
44.97776306902712,15.848283069104795,65.68097937217354,6.769990140441847,7.666662859908288,171.77946515224176,99.60737887570797,1156.399611211622,71.07092428064982,5.78972947439661,0
47.36311468636238,34.80603541520086,35.749067282988605,6.083306370789398,8.209745348087598,474.2085141857612,34.27201297779794,769.9837699481714,86.7913122619956,3.991872865371748,1
49.04929941088208,26.879662687082273,34.7186298791588,7.083065237333784,11.693772733817902,256.85337302122684,75.60413937141057,734.8590324448198,6.793156451972399,5.313141438603906,1
46.19297366973828,32.865625335822465,77.94749180641806,7.116220693228687,10.850128508258972,289.6757443707652,22.880900364198542,410.4674789873681,3.585442028853958,3.0160812752037227,1
35.195416948383674,31.408220987904148,20.49417449551761,6.427574911510706,12.766101168942438,268.6304949482542,62.47960012921433,440.81174633708093,16.7526946651502,6.645827011196341,1
41.52922616487984,16.22534486154637,72.78323198361295,5.86162127007527,8.365268574744785,212.21880931508758,70.48425694728377,934.956743579779,84.6176338457178,5.3593120822989,0
45.35423286769423,27.064382093016185,31.983711147344298,6.793549922163865,13.296544479106547,458.0177151189936,74.11206925350965,871.8616549799972,55.500859535882135,7.506425486213895,1
36.757329982896664,36.031694584152774,76.83705938538607,7.485574036527173,11.949649295866866,232.89554635864644,20.717216858446164,860.422638796323,39.35012659257528,3.7081438997634844,0
42.01253862418361,22.96348710405788,40.53843708965118,6.745181795885046,9.160093360109576,331.4385878718185,84.87255704961947,488.25830081957724,47.14399553285366,5.518323935595662,0
35.66406217582733,38.9977231066995,46.42110643359514,5.5715493814280155,6.762096525003647,196.0134337497321,42.09718603925418,681.6489356522827,75.66441294049031,2.7137152183669344,0
36.571569943100414,23.566453003051542,62.42723683666286,5.534587951534165,8.055869299899861,418.95014990807215,21.636951773455504,1049.8865109121184,84.61989962235316,4.801348885931642,0
42.93846552403192,14.28356910003654,55.26014308839562,6.140723940984612,13.654145737718803,409.6794638116746,54.253108837190155,539.9289791333098,66.67289508798189,6.137634566850072,0
37.65431508086121,21.6830404023302,39.07635978240937,5.8915676137208095,8.482907007072635,218.5248553788176,86.33571296069421,1106.149800785949,69.38630496435667,5.830773661872316,0
46.35081696523116,38.551072191716116,53.22985495206941,7.126102414286616,8.639207681192516,372.62162925738147,96.70879097781138,497.18264027912255,29.834023974745417,6.2889196457290595,1
48.78929938274531,19.591625480195628,63.84241306177317,7.189611334072001,7.516711448781736,381.5494132379799,74.82078217278743,535.3194640991906,43.03316757470853,4.9085116126950235,1
51.01173398218165,36.04294479601188,22.540096754149527,6.017237542620952,12.454804809110122,325.0045664419065,0.5622886271362426,782.1999689229829,80.66891741240494,0.8851102181689681,1
39.0030048848962,36.437520450456695,20.67195831534225,6.151289553899785,8.20515384193822,340.2393529086681,13.470076046595613,1156.23992355883,71.73406990653197,1.8195017696642235,1
38.349651645181396,20.505595729958834,47.48401634437348,5.972493935430229,8.642065986950845,329.78185531631834,7.627398643886574,663.6381425163389,62.58438266152129,2.7865977436751463,0
37.091356806688005,12.497729741518963,27.910197068210852,7.316765094742528,9.314784867453014,132.74576159793824,10.121374299388474,926.5743948464391,6.872215229930838,1.1887197656913704,1
47.72860499087273,31.736737274764547,59.86065748788286,6.5052986692445645,9.469826238196877,368.106137885514,38.30349560197751,870.937004791261,4.555649750855937,4.240604111228454,1
49.129514529738024,19.34536897041958,32.84314737364605,6.81227408816404,9.290726323320174,287.91000393547654,33.84933148286278,519.698109200446,12.736984880259554,2.120332520660176,1
35.63172289651284,33.48770842772717,45.97106640774025,6.330964173399207,10.029949562997828,275.3829122165654,11.368498126831007,598.5335211153306,53.325198927805005,2.5004255970604268,0
53.7242449248738,23.279645447812992,31.860256212456136,6.762028387009062,12.516103036931227,443.9996875127203,88.2235351614249,1144.1222181150576,49.274816260703496,6.8826508409147,1
36.03942567302945,24.55800227027865,52.90901514494747,6.271710753443472,12.554280325936176,109.29068538444709,61.54275763323602,547.8636989224797,85.84217438923484,4.875363422727662,0
45.825926706021406,33.33728220245611,26.963207563074135,6.179356875458451,12.386505070106775,200.52596718350208,79.6463308956449,956.0079118040906,63.52836760390568,5.204416432889576,1
49.18121038901833,21.470899931848837,21.386411167248816,6.76896014634696,6.8089987129319,148.56139993709854,37.15493888554309,1171.7555860802436,27.457535561088342,0.3034460190130095,1
52.41938247492171,23.293820359687437,23.06789828640183,6.682124156097979,12.397430426198513,114.1364178438903,41.023601628756786,495.60479376182246,15.534666443412757,1.6640257988926597,1
49.281738642648556,21.285714063088662,77.25550649091859,6.087055908335899,6.962014187892614,210.27079907037904,31.7621210536728,719.3455921498517,77.45799153955438,1.848821264392153,1
51.03456166139584,21.020215458318397,28.53717311665615,5.798696900638947,6.997790160418064,495.39050911787103,43.84266120984911,579.1457155541898,42.36616933201218,3.5473261603957154,1
41.78900385085612,25.778397307043782,62.50869518821011,6.237153387676275,13.582902173079686,208.09166928302952,61.03772623550536,577.2492139236343,59.812254766796386,6.343301175529005,0
51.29650227493025,34.263983335034524,24.075572253369575,6.330395278283818,12.555182757644332,365.48232791830856,49.298400784024146,495.18867519974464,51.86292459317226,4.253898179519905,1
36.6022969276935,20.853049357676976,26.48962113411093,6.75736866684921,10.41928373494407,147.31955601628857,83.79170061884503,919.6409471931727,10.671071152297152,5.507552254570182,1
52.89633312121055,25.7276416161321,50.53257508456008,7.3290575272737275,12.999761635822896,340.739052018892,90.01391686098242,997.0748079285694,6.135254531364433,7.334837205396446,1
45.951847523074726,30.121819763278026,47.89225580926062,5.57236959506585,13.914917140414904,493.7925932553253,46.96838533675992,941.435128018445,34.931637074477216,6.658118478529516,1
51.345955399249874,18.08318338910965,77.09481856639218,5.98732202508369,10.88513653305422,216.73500938418613,23.974798034864943,1139.7251660953223,33.53952677911459,2.9312482774601927,1
44.046365690366,18.325684147071776,76.69012718124424,5.8874318845591205,10.903187495852144,439.2302465502331,94.51924194593089,516.5430469744433,61.64183016720157,8.023328565687535,0
47.8715539039305,38.002393810703644,66.77651855254791,6.5045888173875674,12.035416233279424,499.0285521466142,73.50386430509226,655.8762987080049,57.898036819104554,7.463949254201306,1
45.52805321872226,31.70603719993266,56.12610980764099,6.35940161408632,7.857111618922662,335.4216354882976,64.01270860538799,675.6582477619647,88.2046835617595,4.660872616983864,1
49.63179043510664,27.315600286699265,47.29761904358066,6.958075247640377,7.336998892150395,223.76044017121416,74.5413733623976,585.6656830775237,78.22895524944146,3.445517628068604,1
36.632599640611794,29.43160163261836,41.37071205970526,5.984831825089728,12.07664600012058,369.4125039596625,7.598178239692288,513.7639553255733,45.6924273197759,4.400185191933851,0
36.207041679811276,10.87898329310255,76.82525281853333,6.688996731499517,8.759238359952818,437.9392825074475,6.762632763767251,789.362780741011,46.0022817306426,3.9258779542828903,0
39.94206468020293,28.543088966850906,56.174528685481135,7.267714527199919,7.080562850447472,168.5400971847913,15.31206525809874,1067.5517024379428,61.671630620142494,0.9392057825080852,0
38.19089360226377,25.285266196726056,54.74435166115967,7.321355479836609,8.519021807341998,281.0063055365813,14.745096744053242,1163.6317804826544,11.2681524495948,2.9435443802830292,0
52.435671331844034,26.37249039338307,33.914067306134896,7.417569209450062,8.869094942996604,227.6750840495364,42.067047484940446,503.47250577479815,90.99015081682532,1.6691829294548948,1
39.38427974716089,20.782714804924513,22.801869073106783,7.046522304159977,13.721821276045524,213.34359878495195,15.740408228536417,1058.5257824581888,47.692729111926155,2.8492553540338608,1
54.51730511638263,12.444216931388256,76.71131478557265,7.31197581251783,11.583677688703386,444.32850429606907,85.45256442665965,1059.6648983722198,82.89143865180729,7.09811625086029,1
41.737915835422136,15.800177008361565,38.82411553067924,5.969061743970548,10.246850539197872,268.6616027287354,57.80969309280258,711.1824972420536,88.06207011869871,3.887277986530586,0
38.64235831377398,38.522341396380156,46.55534139946752,5.8951618887009545,13.750985109460839,235.6305367215651,36.826189635025145,488.0236993163633,53.34784659120389,4.044224692203478,0
50.79397014284958,22.26098686812802,26.87839661514241,5.512976167561053,13.225117923793444,341.4042165704055,6.962253822526709,1192.0064054055183,10.301378277229782,1.2174339268092256,1
48.17415551001752,24.000494674925925,70.21545979455752,6.913688714858196,10.096006852913277,187.76063185495252,59.102779595912516,924.474424423055,52.601122757797405,3.9694162716543304,1
44.96391432906278,11.58129369560317,21.65790997135584,7.374934375627489,13.245437083015846,191.95739622723158,11.653282059212632,1185.7565560332644,54.78781934493881,2.05068135131184,1
46.10727101875263,11.126986886319418,70.0394457259458,5.873870690083352,9.234437264501253,308.11549234860183,74.32202504026063,786.9244125477268,72.02738230959979,5.811146770139487,1
49.384035565445274,31.51544341140273,28.417100767278008,6.773887150853758,7.843365322852997,263.70909145847367,80.27580967438215,716.154399949383,5.340634029541554,4.541281691899358,1
39.56909482662597,26.14283992363334,73.19384675786912,6.992919518443555,7.861425414576681,217.99295356892978,54.39762579598412,597.7483807763631,42.968383047558454,4.809871345523592,0
54.92667832113484,25.261179526488,63.78635824016944,7.3552284702961135,11.298524195537013,121.58045290964088,14.960285914085746,1186.8576014176156,84.04932325031318,0.5379839674284472,1
54.49586324293566,17.29373591268006,29.880215750438307,6.793720448034444,10.008562565658217,308.3096954554086,78.68627237404655,602.6058155698189,90.2169170810788,4.372213859854265,1
48.006513726938735,32.34252194889767,53.949079571568085,7.440587465497504,11.271606776043573,426.64368224043005,30.782778925933396,419.0102049744403,18.22444108833139,4.879789270443148,1
38.9908490185829,15.047097373254756,38.75937886131317,6.189346282025095,11.488607714097359,440.55088211442313,22.265314275345983,809.9747308707822,79.35390934615316,4.45452330295387,0
48.60456484862583,15.698042309830601,30.693985934695007,6.1998570675428155,6.178582983181741,194.1759918904321,47.05566410184253,701.6403944407323,14.162550546757968,0.7738514925812063,1
36.443968179583514,23.821365140448265,71.5509319646665,6.586025020028691,6.432316738783219,339.85648157899533,92.26462413829178,609.1060027434116,76.70569911111073,6.8359476662176,0
35.61305004411612,18.588395863358226,44.21136599043376,6.267003762231814,10.26142181273,442.3525237851762,29.73732920745237,907.6864931849387,25.95499547208972,5.08266573631889,0
40.15365777022427,17.42388943699439,43.91262286192295,5.5028514565750655,7.528283822080615,263.4903713105059,90.55785009726203,691.4148919182578,87.36627394442282,5.282776403385409,0
44.25245913478633,29.35712933659995,30.193200488397203,6.963544050173975,11.060270150435517,472.8547269230114,5.365330873982788,721.8007106534983,63.59470758105734,2.891021629844651,0
52.36545010816761,29.529152356556335,42.983940565146725,7.003434082956967,10.417485913365184,461.19141165182117,8.352370501794681,418.43648311523543,36.919954125078355,2.788678923703215,1
49.543381395326165,34.735512093997876,72.29701077973101,6.993949209373541,10.68608286696713,183.25355896752376,69.8561025135247,871.2567428424461,26.287599691734965,4.1247299086865565,1
49.85413042399962,22.531257009189275,41.78772262937815,6.190041333220933,8.419643038648086,203.5859331600815,19.059266144817556,497.6568238776342,22.171377472700083,1.417007674091961,1
43.50986668896151,12.192552730784508,77.09621374998729,6.544578946622344,11.118748050223173,172.17679945838756,31.662068319662538,571.0438871163374,62.27130942996266,2.8675076077897494,0
41.91869985093926,18.20999154764373,76.77853395250324,6.219947036353339,12.635941091880184,178.4217405818809,13.637298098057904,973.6942564901105,81.62119023191934,3.0339589612287554,0
42.42077525969205,39.40016389590451,28.69391955844076,5.532072800061291,13.984570028737897,463.14483486939923,33.22482691325484,650.5941809471288,68.94477726529094,5.242151152680805,1
54.752991274721154,27.88775725698106,30.63867521135869,6.624897882542838,12.707555089377713,472.4551636770492,28.045999389246333,530.5681579507047,76.1312384214888,4.184678202510898,1
35.80218382824965,31.29211254403061,71.76044421991335,5.747521332168022,10.45999007743958,120.75889647405238,73.63376389889837,861.9393176499846,71.32453908710835,5.727859799039877,0
52.34062992244897,10.220734888762436,43.565655135483155,5.660082648182881,7.547436733439652,337.44134226888195,70.20233881890438,571.9235959503525,89.12328998482174,3.824275586878849,1
46.57350817144787,25.546171965475626,20.26243893698056,7.010998137393575,11.451567008958566,325.69262514302864,95.49271764283654,616.7825711669641,69.20244341436924,6.243750279696056,1
43.77230838379181,11.125859725954093,36.43230918232226,5.519012404836211,13.501230284463826,256.21905868978394,72.44216851730408,897.0714479822991,19.920566662324642,5.92877904729064,0
49.50515320830273,27.07690636274344,55.8577395917336,7.418016887217452,7.694932317858419,352.67903712924283,69.48177530213849,991.8894250911319,72.24386189270633,4.733144169602142,1
44.733378828494054,37.62312548908226,67.95595795759809,6.5305107282251535,8.047964964212618,478.94713020434006,69.42038890626517,991.7277481564616,29.98624248863208,6.722111786753915,0
52.468464761633214,39.05257391501223,28.00331702559557,7.466032861412296,7.192068347293209,168.10195308885847,88.29674556481761,785.7947294966643,90.62198763965723,2.941272754435399,1
53.01403728022517,26.216580261667726,26.63248186500412,5.615995144945417,11.893773149011214,148.16436388658224,29.623673287555008,763.4375288075485,34.90053580901319,1.347191775071853,1
43.43441853746911,23.746144157566476,75.3255592143399,6.667059097731826,9.252492027389273,113.35622833159027,30.009210919380426,1030.116147385006,27.35143802625069,1.4406343995878736,0
40.536555944701036,38.35051282745482,65.06890206935496,6.198654071951823,6.501565111091073,245.5333231360574,74.12138097049368,554.4277800900136,22.52943869580204,4.5424520441051435,0
46.84700657186724,30.208294959900854,55.38677604668471,7.186964985628571,12.99959993192224,235.05139083114642,22.87051371501274,521.7619580227674,60.26631868525328,3.191486128513498,1
53.24726691233382,11.946978386152283,66.15120739975569,6.222445470468573,10.461375237620533,272.3278752634576,91.20200041479698,931.7560528236078,10.829897954877808,5.590852044242499,1
39.21324378011333,23.971767330024925,45.73126167839831,6.020975158114698,8.648754336002845,301.32401235237955,53.4781725086886,727.6055475114042,86.82038935596748,4.288842014849208,0
47.45933167126965,17.207350553929118,65.5073448385476,7.215106254199826,8.751863808488775,403.12959761218184,30.012492809283174,967.9987684561447,27.488141077882343,3.7453319378522867,1
47.63120440185041,24.094129643460448,42.30817947647215,6.249306183306522,8.322009761527255,256.8453561830073,77.60999296899824,605.2801787705888,27.586054993462504,4.588384154377526,1
49.66226044830562,23.66396716019085,34.645674349556145,5.5336666397211225,9.643841379141135,232.24524374449342,31.23206298752961,659.8975048534135,5.145948613635319,1.7897679523813328,1
37.6313537025452,27.46434408444226,63.74080527757812,6.280578201678668,8.696333507905159,430.7515281038508,96.32783170718717,1117.3421193483125,23.141576608621676,7.877161967837934,0
49.31649929364177,20.703114710477536,45.1803375294361,6.809044538021884,10.383570432564875,439.9186682614625,98.29892097249846,737.3252214572706,38.708142010861394,6.6578993964226,1
53.18065041331282,14.92811348367784,78.8826262595717,6.0087190776127635,12.188138018170353,193.10638571734125,66.67962419661961,872.7627757763075,34.26457512017987,4.951414114863605,1
38.59366217740484,25.111583037698686,40.96911093848606,6.3639751848503145,11.395690267554988,225.86872908452335,11.363388975022925,485.3457552946476,25.57179292925982,2.314622201403975,0
39.75086649847755,34.90608653037286,75.30364523186395,5.613430276564451,8.355655142032937,430.0465483640353,26.32088499332925,543.0633377542069,4.666945405527839,3.945051894124236,0
54.42790188083279,29.92036684202807,75.97775291402476,6.676185583027914,10.229928092318234,131.76329771910594,51.541696221605534,428.7101830581154,28.052323624507817,2.2379659365058417,1
38.619539054189794,20.151035977756475,34.51117682388477,7.012589847720788,12.721009279298006,230.33871215629514,85.14474500979816,739.4966494093333,71.0497844436808,7.063739509395763,0
52.08770186739159,38.06569068276572,67.8932708952808,6.326625122802221,6.545649877941804,279.3400428163445,18.488649694202863,1191.1360035960192,40.49130567785241,1.2912689892342402,1
44.84555712896069,37.36622713747546,45.984470308673906,6.34046526560292,6.626378135895238,174.8286460802284,10.440345901393233,1099.0985221211727,27.169781283884223,0.4351879297511958,0
39.94462148806354,16.280451981522965,75.05148363382088,5.676564997169833,10.449360544398028,171.96567864427928,7.447748318903558,906.3271319524056,28.431292073316204,2.322546622487535,0
52.41499802545023,11.182527553610889,47.007456358114325,5.903881729023965,11.112921027118425,269.94482320541147,50.69675623600469,1088.877193565973,50.899381884451074,3.407677629500526,1
43.90610510005331,32.239261250522866,64.65822304024196,5.809350606255825,7.691304126207233,401.8086898939423,88.47009695947058,875.3354850819385,28.20634099651673,7.008939090247512,0
45.296347078593804,34.828307840474594,48.01804454982787,6.463375537323076,11.961761013532143,436.09319181905096,4.235924264389235,695.0151042673101,57.77175878795751,3.1030824256404483,1
42.18466738799531,39.03593697854066,33.66804534277137,6.5585110819015,11.170107016325819,491.69403701446936,21.23215339935346,538.8371208808923,90.05090623526036,4.229027195209316,0
46.859017028698545,36.69509182264932,31.961007736681175,7.3978802625685205,13.386314145890292,129.5936200366876,69.32570158395018,922.4389934081794,4.705875797842509,3.452921871004587,1
38.27047745170046,28.016043046192443,45.52587165538073,5.646463008554468,7.351633614868294,186.67288045839706,82.58634351437153,554.4410211125963,16.18630801276318,4.695725744846211,0
42.821630733035214,25.901570176371425,65.3296794208529,6.699735946310094,12.010994122864085,402.65193695367907,80.73995292991695,733.9427337600482,17.119679076012165,8.039282769042341,0
54.38824644670575,10.835231537877588,56.30428911084601,6.552997054656482,6.669144724666136,316.2394824222647,78.5068057320331,1060.6414737242105,41.236328613881355,3.8804711552409654,1
40.16266865402255,17.399693405343335,61.3177573940326,6.532466195871658,10.52233927614318,231.07190958496727,12.979980081333997,503.3834420493828,4.7276840848037,2.7319120737375724,0
48.13473329082584,23.788442551987792,36.93958104391655,7.246318574765652,10.415161115993167,182.2358644988974,39.72375821829185,503.2171352454361,43.976941996826504,2.7548174665142575,1
41.503801284493896,28.855117002507036,48.88612075745633,5.911076941390973,9.107080357173924,212.19102065697922,98.47446628317465,579.5219324732778,84.60322822689909,5.539038245985421,0
50.46946251373201,26.71755499955232,22.66371589815962,5.581546548682743,12.756569181348539,271.71558012038076,98.88875715880882,841.5338456978393,2.040767982343178,6.039950989866053,1
37.617473214366996,32.279079690450715,69.05194495748724,6.8445430152683855,6.034965158288098,170.8604878024131,60.24273919541879,601.3787826079304,33.84449804666629,3.293672544245592,0
54.39642090157089,18.393007926611226,79.39352973439247,6.1903149282719605,10.161435215188167,485.69038235070025,70.92672047211343,802.5583498040005,69.48043948998682,7.021662778104547,1
44.07579082767278,26.948578229574196,44.41274375748026,5.535179832425049,7.737228398681499,143.03537783994975,95.12837962853091,641.5860888477497,14.904505030043357,4.534349324481778,0
39.72100926692928,12.644267301723763,20.6578191878926,6.002748014580828,11.947988952931464,494.23097379568765,44.99278612412104,804.9937639267245,7.980310227388792,5.280852533804037,1
36.469934946600254,22.40996570749621,30.18755837305684,6.118653548433624,6.344539410448777,436.757314400269,13.686685788379327,622.1051592013841,57.77006835363747,2.717438559949702,0
38.395158101750816,32.504824988638035,59.151612665025134,6.733676753568484,12.652437505452621,269.2606470054956,66.89488755160782,1184.009900486852,1.8955818144556915,5.481735476069861,0
45.395478971120355,30.80202560287132,56.72475909223155,5.845171588098545,12.704737813655612,395.9265337552841,96.01023049005235,794.1743209135742,73.15934420527442,8.497106007928856,1
41.740063528625726,39.71928211516537,67.27188317513264,6.326108695906796,12.662928099228022,368.60609747855443,69.72060938662943,994.914747286592,7.016747820948889,8.34189781298251,0
51.577667317652185,18.33673377963268,35.23304065766409,6.464950888835665,7.220548213861359,185.31476717957239,80.33211270237376,960.4372471185641,48.19188334783247,2.1044372025192954,1
43.617750473236114,24.945678975219373,65.81791493282805,6.418474782728182,11.04325214848836,235.62803444757856,42.27488039706151,792.4474998514889,67.61149392049545,3.5120152372087308,0
39.9742854517526,19.885912413219902,61.279041291420185,7.447881533333564,6.114938873467117,305.2490251221832,9.646315414485107,591.0896493343402,22.78098898718297,1.5966611895131437,0
47.3428997320806,23.218093421775244,39.36886986283059,5.591008475580592,12.783700730313598,355.13767195509075,16.88820865517333,808.5746223302918,10.318614573046377,3.109984284187592,1
49.135544337708914,35.708503896081645,52.72928888341772,7.401936372904799,11.783801548068965,317.15799254264857,98.26548294354771,944.7772989763477,16.806048977670052,6.470319123481767,1
38.340838158019,30.526272255654597,28.836428509899605,6.663874427988066,10.249229847194021,289.1949844025895,49.31843169942876,767.9354164505694,77.92152147415077,3.6461479461268533,1
38.35238432576635,36.473235740427455,47.153870206134954,7.091455429939677,11.844731464772938,277.26090938196006,1.202059017724988,465.54008589019327,64.52022624868215,2.805444336937602,0
35.73342853867086,16.105333249956594,72.87184037333846,6.360785236032151,6.754592773214178,299.30579971800717,95.53672807311739,414.38658364646716,18.8288244293588,7.455904130953427,0
49.72804030131281,36.20083353524314,45.271482789523446,6.407675762513961,10.229246657414851,273.74060793838817,49.7779911971053,662.3014467742707,65.45087174178951,5.057554651880109,1
48.2760905524361,11.792868225351533,70.37400238852533,7.258652998031647,8.330211934531564,316.5320310182864,83.62683982918377,520.1791408746495,64.77563531878181,6.066850274544431,1
44.492617514996276,36.65797841311458,55.41520191558166,7.2918689925838045,13.780955705783784,455.1941196186667,54.84581420368934,1124.9521967407964,90.79525882953644,6.131880173418421,0
51.883408979383944,19.872213383821837,31.512602786141407,5.977377762862595,12.856943604991214,353.13172522184465,10.170228367476108,540.6661360679399,36.24004211733212,2.3653026352807736,1
51.113403059001065,19.437629002421993,54.866374681873786,5.898483757169236,11.866205566671816,389.04834999541606,61.55695821319467,715.426171209253,78.83681447284938,5.731364307670951,1
46.70708728793504,25.362657300959917,50.35899974942381,6.492470347739902,13.469981081997854,338.9932534923106,99.74002763196093,969.6620096571851,41.17984173755335,7.728517450439163,1
52.36542561026518,38.22070563169695,43.91848011178304,7.300554054255383,8.77474643652379,357.2070729656009,3.473778264594307,1052.3373280128487,81.79842012552702,1.2953254427645553,1
39.116824200735365,11.43344094044216,27.17782637096422,6.144710186812352,13.20703919190545,331.33993137927206,84.1794197515044,782.1705225425047,9.244044918905436,7.627720291901423,1
37.238392387954555,20.566929252122357,45.00251983083379,6.804029230678262,8.601905856853683,110.74660887832928,23.548079565076495,544.9080076867137,16.77813671127197,2.2868250066865694,0
40.394992230339795,35.69715966050008,24.365742574377627,6.916303375481203,11.862373757529223,499.83935288000794,39.38662227121856,616.7161788606825,77.49589267600209,6.16754338120649,1
36.1417371217863,21.881634323064002,25.926143083925076,7.057349329788312,11.891335294211594,113.44369608515868,37.27095117728953,735.1747581129177,74.73702916948555,3.1067440254688194,1
45.62339056002064,15.97470692791201,44.95499197596296,6.627848915841927,6.146799011632748,258.05920329346145,89.87971942691196,691.6756714604664,28.489041267128876,4.356369753274902,1
53.73211384589923,22.743825439942356,38.32288891810782,6.304910356557939,8.888477586225562,142.04627131957338,50.44861888318381,678.9382057357252,54.7118486320109,0.9745066653880698,1
35.78687081337019,21.56657504475008,75.53265955173342,7.434031977597946,6.155461379267983,138.771380176373,44.71742868344275,505.4830414053314,35.44297498918325,2.767139079339168,0
37.442198280200536,37.4624860440011,42.54234832281623,6.722661506605705,13.97673614088199,417.41078066979344,81.80251088367764,1130.6482017367598,1.9285614373169215,8.41581197108507,0
44.043980565668704,32.85803127229291,65.471487324326,6.957130423266541,6.977574094633904,270.3703117432308,4.890713430494776,423.80528513417204,3.349371391041432,1.0236382533105641,0
53.6775003505581,25.153466672320192,51.814851581974565,6.189965691391757,10.342487165184874,420.45548331950596,8.645631509522378,752.001702300601,5.883072893341877,2.973096679226873,1
41.32312209953501,39.65111700164714,62.24514011854013,6.83989836200616,12.324449910101098,209.11458827233258,2.1688856876289297,1184.2571940024693,54.466493889302086,3.105799381907587,0
45.14469617376785,23.9583259382777,35.60695898092395,6.015595324328252,7.61010881808714,202.58511672249392,68.79829040075506,927.7791510592816,26.130496177497513,2.681412015523013,1
35.83145718100784,11.747134924608257,76.51429837029974,5.990193835057273,9.880421344763782,200.49255272578486,52.56161370791812,684.3285309864666,13.955346848340149,4.783169374507571,0
37.966864019241775,17.868229654449546,51.80530981486544,6.929444403618852,10.859430087369207,346.45825056316767,87.60221258682826,516.8780675625359,85.70179975994988,7.217700667472939,0
54.73260245917694,23.08211440657938,69.87944427711497,6.54278947252587,7.281638035164363,425.99975593824,49.853290297260564,1171.0980845166087,11.918680037309427,4.145542197281263,1
54.30237392872091,14.707078724383603,41.902741608566814,6.8665532208447795,12.228443679292308,280.9044040300962,22.181957276199416,411.18908949851976,61.65835447823899,1.1162681842272073,1
35.09879961868819,38.42695378972129,26.012680943031473,6.038876981496183,8.394691657514922,251.69955625643294,80.5147373104416,945.1100564905148,81.47441645403927,4.607133968046531,1
54.03623570846478,33.00546693453319,60.42269886325093,6.697446682113461,7.688184610710723,489.4318216806597,29.432385423262286,1104.1099771562617,15.744670051460474,3.340888826664215,1
47.78239875631001,18.04861601283318,20.465578900245468,6.387867299406225,10.466309971499335,146.70161440465552,93.5689782152209,420.12839190899376,20.325671400584362,4.9600177716777685,1
52.35836589040044,27.724136005537474,48.517578593930494,6.693920573691056,9.282509021143504,294.65307281795697,25.042388785224045,980.1398912724009,52.64321802183614,2.069296792867734,1
44.094797112677185,31.643474713287162,31.568114159987555,6.081759464488439,13.362287557091342,263.39510127257375,16.77206528702868,1199.070209003788,46.76038177409179,3.30296618236453,0
45.311920571585006,38.23836786720394,57.64253026612173,6.9309019272982475,13.040501585585233,139.25063863475614,49.332399151068785,911.7139748586795,47.892467519764075,3.997637315665361,1
44.7769316051384,36.449060475262314,78.76519238827113,7.111858732318931,9.866805307111065,207.28014483528767,5.051511797024332,731.743158274719,50.92102846162798,2.3006844486310114,0
48.337285150922085,25.455766784146412,47.86417437923876,6.0198329477154475,8.87411019780478,111.37648503164482,3.6411728482617645,1099.5205754850256,86.49126243649398,0.361718802774061,1
37.79302509512626,33.239578593790526,69.04989539153999,6.101241119711284,8.604143853050122,450.7817155931828,49.6014545255458,843.3433971381025,5.845423777025497,5.689654121528858,0
35.59947179745356,26.86434261482755,50.467051217067265,6.822308539438186,8.140508984652058,343.1398115961605,21.510688079478758,999.552677431952,69.44036686253372,3.992867836909512,0
41.15859883182382,26.581116701366202,49.75040186624145,6.891170348607089,10.356382829699818,426.00739914810026,0.9352638395181301,870.223193454804,21.925578016606003,3.4993599881430835,0
49.09361525473294,13.442258750145758,75.82540959072668,6.9081993687949,12.439828837876348,308.6217809611959,29.605691143152168,430.6328739903594,34.63099031551439,5.336588510695606,1
39.03706904245897,13.784129740484563,73.3979521248009,6.865397009551674,8.486052865628462,339.8039317687577,47.73673538465919,570.515990564278,9.036201066855762,4.633720207038784,0
48.468648666498346,25.88600845067372,67.14802791127846,6.285615433905077,7.520752717504652,380.3417911236659,39.428870146042314,463.0108591893997,41.10640922381892,3.6009392945552023,1
54.398240922145405,18.065846349370197,37.77534519900705,6.289707348807356,9.803870449466295,463.204650985686,13.54694661604231,485.35020990657836,73.37973270476093,2.018545343038836,1
36.87801431578837,10.631107073814059,52.700504943436435,6.009635247288763,6.552275334381332,136.7007551303383,57.96748278319775,412.3243948704576,9.886630467965945,2.592220955400266,0
48.452042364502525,31.685176117006367,33.4338339983411,5.813667399792726,11.610232049037656,232.37935789429076,71.03329911476371,736.9319832113224,25.80432383982691,4.56685758783929,1
43.87500438609142,10.974597900704948,46.63500188279239,6.885154758793812,10.146866130415468,383.6104762800002,67.55391621632954,542.9213054033321,34.57555378093225,5.9460333901004745,0
52.362845087550106,27.858305233121637,49.052783945587436,5.686377571944625,9.970998463782834,483.3402252005571,39.37619212832725,1084.5572163951774,10.35092827788781,4.4355164502388105,1
38.54299578894772,26.175813823819432,69.89840241015986,7.375584573573564,8.403563036400179,492.3229713960022,13.759615117111402,1000.0300300325283,69.60851289792402,4.513386484189817,0
48.85251904452329,39.064440717334136,73.76170191949959,7.153372607342902,13.237387500253893,355.24120365490495,49.94867734907227,858.5415958523968,71.82523253956829,5.456056200623029,1
51.76230579296221,24.52639418042925,44.87720374378867,7.215011479914512,6.723890334796422,177.4393911019469,89.04317549370828,791.2170762803164,76.23054980019712,3.1313792252131307,1
53.892284389480466,11.908043091333921,21.062266704394233,7.31333762923038,12.958592071096252,147.68356456558269,46.87228489412328,604.6949124607806,53.55065843256864,1.5526090968483908,1
48.66496056579292,26.55063903419385,71.70643038736128,6.31720994144648,9.01364161932738,478.4174577121702,19.56810497415876,779.9611726999883,46.65149387689383,3.6354977659523904,1
44.94349528016855,35.23288511848304,30.45672071008164,7.193401446700802,13.044988127800178,273.571075785003,9.305330309373039,912.9834206915286,24.62972009241178,2.3070148346441353,0
47.35694480402428,39.9054785284432,57.31291783342361,5.816122600583299,11.830091666659069,177.92641330507394,94.39266380988795,1025.7830881542204,59.9642170561493,5.859211994411444,1
52.37809968957436,22.910295210672174,21.49825402604787,5.543283589216472,6.833365813296306,473.5570063110404,74.3009408876915,465.34565300767474,41.010713708998914,4.6227036908278425,1
46.41219493277659,19.608962274902275,43.97038851563386,7.0697827893277,12.652290292074829,141.80970862572474,31.296697270048234,966.77175099644,88.36987654696495,2.752726832397913,1
35.60774119393674,37.19959890855996,79.157618126921,5.649593295993879,11.45741466959604,391.82843874283003,29.535240620517445,994.1839014090283,88.1361547277011,6.424327215771877,0
53.61897391013956,15.737263872283641,26.041616066228187,7.477049334651843,6.258415303322788,350.10521101733366,89.52184867225975,847.1777607398851,82.46846186358064,3.3385249294843944,1
48.790535020631225,28.462867450987797,45.421589119978535,6.849592859203112,7.06962145687736,135.09386575235675,17.75682348096511,571.455356562561,33.40802242128988,0.1,1
48.53026771554493,22.17143272542843,38.42899701139713,7.006899420484211,11.085024446685562,235.49951825577688,53.50372896565445,831.3476700009401,34.11752098186532,3.104141108667066,1
39.31350304795434,11.23247094866666,74.30528740329586,5.991607712555732,11.300804023042279,159.97227581600427,71.35042751793014,802.1639054522483,77.74058476393442,6.17674362356661,0
48.17770940465314,20.418654229170933,72.16040647444132,6.847730787839376,11.97321146270076,341.79943701326454,39.63903519656896,780.5680771094369,66.62214385673195,4.508645545750406,1
42.87728811308317,17.956855675080238,34.26192561837373,5.586439874509915,11.761963206199855,290.84521267097153,3.9902342543088554,768.5119323737472,64.39248728362394,2.5731057404796047,0
48.024659540829845,30.582734618304606,24.87126722302587,7.1756514398472016,11.27615963735964,101.71004986419638,22.775881371952156,488.6604530332158,26.16499099757042,1.4188490960360327,1
37.13186060615981,38.46371493075755,57.62830364366705,5.839248186063145,12.12991121397138,490.2842265135632,90.18081374423737,546.3139878858918,76.00137503990283,9.38601045053111,0
48.15690609206072,18.041415621359132,40.182122713022586,6.894716133667541,10.600685647138983,239.83385995581617,52.31189668395544,477.8656707610739,53.14785150366489,3.6515946000691204,1
54.98827451541333,34.34397817455046,60.325063436363784,5.948961002465457,8.086331084195638,203.28175713482,81.54412464879698,593.9822621343876,41.21790168147158,3.5808365059380622,1
35.96424077721112,11.660794508152286,21.92718536406887,5.636906338852086,13.299012909845747,188.97718231764105,55.56855427906173,610.7814261845384,78.88799116972683,4.5319688263510365,1
54.54348368442635,26.143630301194396,28.003954110649367,6.462987357098789,6.1457122474558235,163.52635846942712,94.36020957123034,596.0606891944363,36.478878740390265,2.7384670309593946,1
43.13815921445741,12.116501911296837,61.1823339663586,5.838572420545579,8.932493758971923,499.65483048660394,90.91340755568451,568.7432545484827,59.8533230680989,7.7280657556657015,0
52.415069006745185,38.02098973391918,32.74223931814987,6.9588879766530995,11.830962344777307,218.04378715264193,48.28880420104019,988.3376363878311,42.93146638037251,3.804162303307815,1
50.647709681165466,32.990538416721705,71.4552605457441,5.97513168676697,9.417248329197395,262.2053988897127,31.827402543634943,1054.8523196784945,54.34640255539506,2.095160295757397,1
46.34032521973336,29.73849733613777,23.515453262608126,6.184945112471658,6.1986752598401145,448.5423664712356,60.166878734561024,661.6873732580559,4.649182448363072,4.237339157852621,1
49.76898418502653,34.71689144873993,32.92891896713448,6.634878502528946,6.5278472249297055,356.7550014171513,67.48876816694735,644.1031133475591,42.50036468587457,4.156726278832753,1
52.57031122602696,29.425593867104894,79.91361490910413,6.069936555154623,11.18909895310631,247.477764698109,49.83550923006316,1075.2258798020064,51.08421767470968,3.812348797505442,1
43.08280643302066,39.06833191522874,45.98456615520756,6.255976232419924,13.718916795242396,459.3313743695412,82.22832210950945,899.1391213326328,45.34474012746453,8.599182120637359,0
41.54066323126477,31.418738435943144,62.17793981267861,7.131243542080774,10.41490908667599,399.88968088544004,18.33285217848828,634.750659831246,77.2669335256137,3.2618025777557182,0
48.351867711271694,37.7397582874674,30.95978293142082,5.858419699122051,10.054062544190153,191.16020301667987,33.44118306240323,970.8898340692658,29.001157731263486,2.3432998507305096,1
51.15691883882517,25.51395676031914,56.59212409913226,5.664403178963868,8.546601704450138,357.4955978399682,68.6376357366453,675.6742481865339,80.56688779040864,5.019753624189658,1
50.245702695532316,13.511932389455879,63.56636410216511,6.156715570266039,8.053525390928506,468.9593993169606,24.668386538755726,869.2444914737384,37.31157729162014,3.427053986688288,1
50.95627297717269,25.845331642690514,38.86859815199063,6.3487535340277566,6.167879854050278,298.584351380165,43.98447446836339,1194.1072239902412,63.507405903459066,1.6044659903584608,1
43.711666296258656,13.806184841892799,69.73382671855268,6.585318564273136,8.18363894112377,393.4449611326669,96.37335466282927,641.2755001728266,8.805045520656797,7.798618800942004,0
51.35668432350043,27.774804375292153,56.205054708336995,6.244847392350014,9.59288352692202,488.4414975956637,62.58759726865741,1144.4208005666665,19.013867521194044,5.201573527115456,1
37.40418110741217,24.47479181582989,43.34738057690181,7.07982340044561,7.583598264391601,376.1656563580852,94.90572346411257,656.5219314277585,69.50494100271446,6.363996671007003,0
45.88978195921699,28.677261934983452,53.458543600589515,5.578638975336947,6.698783907851434,140.97547590643225,72.24414032485758,832.2293634998587,2.1095816984776374,2.742353414073991,1
35.11517320996243,10.301409431644949,54.605650846155456,6.363535076397116,11.74182293803682,197.82382037251574,72.46667696671729,767.9870316792319,88.16749652323894,6.99985531034647,0
41.491716598005404,15.845214749660922,29.932117561631962,6.264511829312809,13.156962152544537,338.0385749370596,59.185717369020566,1026.5276498751489,18.156601095689364,6.262700647767029,1
42.32923069742796,24.739912957363927,44.16394219201797,6.795156981613718,13.494176557496685,210.22232614876242,14.220859481472681,448.87415958559586,82.11735876206109,2.6203542488088005,0
42.92345383218511,38.51510684767405,40.60583528116959,7.432552503794792,10.943989827975916,483.01668215565593,51.971429088628774,901.6978432549311,47.43505254036572,4.958347959819195,0
48.90934413379725,21.508271210654755,44.054163354747566,6.520750813257724,6.422196660794254,262.1408136088695,25.2666200503471,1008.5335554790584,51.81178302074171,1.2876501635288584,1
42.771162025406916,22.73116078160904,65.66663530911548,7.473753693883441,11.926901039694187,282.892162292946,99.86725543512802,777.7158811056954,8.571860917392254,7.5096209316589215,0
43.973872452450614,31.440882670198665,48.95230444800036,6.104498789826395,6.880762442095091,380.6408373880469,26.696194010122053,484.2340852302443,33.869687874163105,2.7916833300727473,0
39.75088261748655,28.11378271858354,76.41896919435587,5.561736265084922,11.357984941502592,309.69989253674964,23.06858434614485,595.8440107878505,15.059697470245126,5.025778934848777,0
42.4650358325868,18.967784502949996,37.62058480150617,5.831326334952825,12.234926685983005,252.85838675550733,62.38831551240446,943.7378960806909,48.33383449248485,4.918368710902816,0
39.54539254526303,22.324491867022832,44.942214697095736,6.290249769549135,11.806917686611783,130.6551500618315,51.094881321963015,1116.3499084002522,50.56589311047546,2.840430309678632,0
36.46391847536887,16.530993965716974,67.21740862874248,6.132667818377104,13.615070446089046,338.5782358031455,2.135291325451416,737.2868856003909,64.87002546258793,4.210632041662768,0
47.06897186762756,38.98064377390625,52.76147559924502,5.694108261966756,11.905170275739117,447.03201231761386,12.953317899246986,848.3296280626073,80.0450342130865,3.9681818217042313,1
48.36425597110033,13.919031446720792,52.82168878546686,6.365320215381434,11.545678223854468,374.30497670402247,81.10429418275126,582.7080293814896,43.13618346428746,6.859474930592091,1
47.38980692019229,21.155103536992584,23.200409780311013,6.176231543319125,8.09394537746482,252.59800401878087,48.36919551475606,729.7706512294972,22.002433307254595,2.3422315532565348,1
44.26988087601145,10.775169166600335,43.915979763107345,5.745238440914877,13.398149491487214,151.09042584925177,14.601521482301438,669.4318462163932,31.021449529748455,1.8610859634372794,0
42.595715603584594,16.653384758006393,36.24402394530395,6.092234261223818,7.436350966353335,426.53527476169756,46.524256283573365,924.4204383772189,77.23808316450436,3.2310149089386617,0
52.26667299143651,33.414134151404646,79.96010736986692,7.2728721107107805,13.23917289178501,476.6993448924819,25.31490830824037,1187.7591613400887,14.127713657088531,5.08007621309644,1
45.38163570272436,16.035256968666385,38.50130423793861,6.104097730978681,8.501300346767284,255.3091963185059,22.359146111234374,1050.642761588549,57.45304705048142,1.5754209720761463,1
44.583637552594624,12.401902075868968,73.06979208763181,6.927910846484103,7.04130875102135,391.4568756736246,95.77252764451045,553.7316679409481,2.177729545852916,6.946375617193778,0
35.512841316128714,24.233595395335698,60.574024102428645,6.724094159315511,12.613464218169366,264.30537595630227,36.2024526857741,862.1428746454135,23.110239560881844,5.502398815178025,0
41.824956552523126,10.299077042035554,40.45498455152543,6.354362324816743,6.019963628806633,300.9067755408798,4.643110467233913,453.12937195872126,54.22676477513136,1.619718200539611,0
42.603912375717144,12.542984632789995,52.61206270244742,5.978051273607338,12.656706541446646,434.5905522465639,97.03266726373027,597.5323894741084,42.07708360024037,8.178462846216988,0
42.97645561793801,34.228776086889255,70.43215279695163,6.238029398691891,8.098494736367808,133.36973688446142,79.48395747721578,537.7741408483123,45.41945412189082,3.8037253060801417,0
46.60344738454665,33.14420034578819,73.00209788185471,6.684214426942086,13.07777018204497,312.13413951468203,25.44133065641585,668.4364301115704,60.45058454136454,4.113077343700925,1
45.672050934537566,37.45416461214688,29.623632500368714,6.20150642949871,11.531833457932633,185.848109868489,40.88918347053914,943.0511752353708,22.11274219767107,2.499018238629476,1
47.15810185586889,35.635463077322484,40.37438847249018,5.929792867148464,11.32946666280472,235.92237819830495,86.22895745951284,799.5146535334613,26.272444629385216,4.991536127482505,1
50.29766523084257,30.495266897194544,40.1133908128143,5.732925497783264,8.922556505318747,357.7715298569097,35.741351932327426,1146.327407863374,62.60123866850617,3.4374240495650605,1
51.25971477432187,11.569985719019884,22.522687764556682,7.25953387581913,6.475223791126168,110.89136493473934,56.74040420065989,570.199071878807,49.44622667894821,0.6856415425672877,1
49.36246152452989,33.485458539599726,55.89426559111379,6.380625951503811,12.640584785644618,337.5300395892651,53.485686966461266,691.3673170031522,2.312814183294486,6.274848967165802,1
54.110473919098695,35.36532432521682,71.28920317953128,6.75041664348586,7.367230361412224,213.37689578149988,40.12945486287997,663.8820614339757,61.329501575689704,1.8116501562451095,1
35.36465165352723,33.97246437315863,42.894463269531066,6.48082072227361,8.978069135158018,367.79374432322885,63.95019018137161,588.7709007679439,56.80828366770503,5.559176440843539,0
38.91555971367092,25.254371059240782,64.40215669905062,7.245133036715927,10.802837484072654,156.63254076522168,47.32907373018863,1194.5366153009957,8.074681641844638,3.4801986100100737,0
35.151257499562846,16.98705515948445,57.662024816044394,6.593869704896422,9.858029908484973,394.32464152647145,2.123049167397284,709.7804363544435,68.27675453568875,4.321566130565499,0
47.94949428309206,35.3598992706618,42.53892412958005,6.461562835898227,7.589285081370544,358.2558879051913,81.43831076479375,1152.4071843996787,47.98913130523636,4.68443276964363,1
52.96061097899974,31.814884292204155,28.463587969537826,7.349201980843425,7.124930855058271,488.49673315214045,11.31557827537193,712.3787790823916,19.427255556126365,1.738780028704211,1
39.86964593152599,39.422835231665545,62.55943116655804,6.939379192090709,6.985970178002325,464.4941453032592,46.40899308913634,563.2733429925288,51.342073130478454,4.998352039840466,0
53.54069089592613,14.670777932677987,71.27391013647443,5.723099814693715,12.904063051993607,213.32114527988094,57.99007909274971,495.3650645461689,54.591266275390296,3.695338266625967,1
36.20534780579122,16.769937491561652,61.151269544089516,5.855408922393628,6.252476392490669,110.92662909017479,70.55060541932909,1084.450554540404,83.81068562712134,4.264141159008647,0
53.68872053611028,16.35394449644508,21.072709042089084,7.074245725878884,13.816114076799154,362.1474244447031,41.07965352879495,425.6781123880626,67.79299829960534,3.567172541168419,1
42.03245374479269,33.7761930286401,32.973973663459475,7.171702642359909,7.588229523083313,341.154955601869,73.55484870305314,1171.5156706714251,28.173191904207933,4.390048202202387,0
37.02841656898433,15.607218893503545,24.168799093011913,6.590381658180593,6.882578375032625,110.97150750657843,13.135008471857024,734.5529694284387,11.631967080777331,0.3051929522503623,1
44.717435183726515,11.999794894699182,54.223165974573604,6.6089104557332785,10.615773238214361,149.07101168103708,65.3445548270779,597.8994808674856,77.78656648727028,3.9486735330977485,0
40.13553135441016,39.956824197568864,65.38866073042475,6.7638659257028895,6.639887663525573,333.8806818143942,82.6338927585703,893.9569057722899,77.14609190879014,7.06448645811731,0
40.697458039238455,10.744516343354475,26.634751224119565,6.378231548565279,10.81962610530876,464.7309056173968,88.94439728375012,506.33039346894907,16.77790132515615,8.34319858224828,1
41.14579929852573,35.05732180476597,70.30026923560311,6.860398246967808,12.805013158508906,462.6001106053628,57.95664959538892,457.7164588530846,6.591806667809797,7.2560174323130235,0
51.06051795665327,20.961005246519584,53.33053870372899,5.716962515132831,6.383184171739399,160.59402184482994,31.28951980750373,1062.2266815276535,65.0678184834435,0.1,1
45.78322553350509,35.248463792734455,61.39814072850349,7.422558484734773,12.398948836228353,253.8295785620998,16.33565117136264,739.7366197002614,66.03236477528357,1.7457407192517407,1
41.22615398312007,26.63861473633435,78.28411091651877,7.000309647589844,9.155819527856949,117.2811457408696,34.555875287744485,814.6039296836257,16.942937833484116,2.6744026104404344,0
47.206675666218366,37.0489368845908,25.02085929486184,6.762348408018013,7.27592507064968,287.7087385451716,53.997437315443975,541.3568071000519,61.13906736017099,2.459365039125465,1
49.32301348446387,37.7857895924388,74.07344137866735,6.132644114018961,7.408771842139672,401.23338386928225,19.633022399156054,449.13939562155383,26.103137022723594,2.82364497077037,1
40.45248001467068,10.27294543842328,27.566161759244558,5.821910974913458,13.35011634955381,415.98908454624456,95.2514905693093,694.2209061214774,24.455532517192363,7.279415783423999,1
43.27098203050703,12.262365279783648,43.57752839820094,6.3186859276578895,6.884846015525316,299.5957866386292,89.71354288729094,804.9170019040714,30.206614068130822,5.388314402878963,0
37.437721866738954,17.510761887125664,71.08632177986686,6.8231534811481165,12.934262296925256,138.34786988328736,3.295719486543125,1012.3444975024223,47.83567298651688,3.5175607839371628,0
38.622986990693605,30.07946249090505,74.3752542042721,6.767419486846222,10.353956967868918,252.54559007262657,56.19617982303888,800.8416001883706,73.40085309957605,5.454928024302766,0
48.622357079299654,36.64816589534518,50.382300412708716,6.265282310131143,6.312449430531513,472.8407839897458,78.93087902466132,1026.0056141487223,45.87793758006636,5.263715414174995,1
38.62876695391254,23.798258538818885,55.64627829652551,6.726572787666259,9.715809165738706,191.84502260788588,24.539195993400696,492.3462237394511,27.823842606166693,2.802991844505948,0
45.5032676733412,28.209193488227964,62.48884007591343,7.127496591135095,12.539596115810404,227.9017799650906,52.389623239274385,451.1702176351613,80.55768688406644,4.558151606951124,1
49.18092523444865,15.654995583866835,69.96552010716286,5.552569544675214,11.809622301112803,398.73087018522835,40.5991882409379,527.0887713147613,5.95809616981282,5.866112285276708,1
37.13753846189488,34.14900501645056,27.290670172259972,6.401242095860551,9.910259341477744,393.43231555437524,19.65462642180764,1017.6097015109829,72.73823355082723,3.7195272885443513,1
46.34624439257807,39.01984334060409,68.60415849375366,7.017110456933582,12.880399037569736,464.88091520997295,61.473738387582266,1007.4641846709611,71.59435821296701,6.534110802868865,1
40.13125567402727,18.057967987437923,48.876569030697006,6.592288940926754,6.962918094241838,255.24747628815015,99.3692175406831,513.0942436085131,23.81921291389088,6.028306545473462,0
54.2585375047516,24.84477854801639,47.03740550649014,6.80295217585814,13.27952842713895,305.83948954971646,36.52872602799449,424.7909266005438,18.84656642682517,3.718195636584363,1
44.670912934398494,12.583483315191213,45.433985119819894,6.533352785210684,12.77152966786679,286.95698448819104,55.2379008264467,948.2255489697321,79.72305053460376,5.595069817116187,0
51.119850995503164,26.774099693889053,50.55269511476256,7.483749089364622,11.666214605257888,471.1008684089812,32.78546816215005,1084.225426594382,51.298416420429184,4.6930199201350336,1
46.00453084312524,25.083503255400416,76.70303320367621,5.609243072978076,12.543101937029995,407.73223552985394,87.69486168024969,1003.2861564081458,5.141022186827316,8.875523708365252,1
35.86825065709638,14.333094524652328,52.8922263675291,6.482089643544755,10.350524054741328,432.5767119335393,86.46027004236932,562.2391844920626,81.17492648204284,8.053016846586232,0
47.66302751188044,23.26198639354225,77.19065229578835,5.682833098229035,11.401299432781336,153.23930753176435,17.877338794797026,867.0143177802685,32.41053859201064,1.5658232015815148,1
54.028066844133136,20.023139562596896,30.817407836938436,5.81957112422714,10.484784565662231,416.73867714726396,89.99488742380606,1005.8925765004329,31.794089842902377,4.925347953928785,1
47.03223640292663,25.65492625915568,63.44815872995799,6.266076700836524,8.843428244063595,273.1915064229988,15.150871105606711,604.6629636376316,58.8959143443886,2.3757088479660253,1
51.3837771885358,27.569630062863975,68.73437231652483,5.811080183000975,10.55088637888942,109.33547313225884,9.543995962533424,822.1766410955624,60.51798485187182,0.1,1
52.68412926696816,10.254867358216286,60.74772988009171,7.4273743319133025,8.059722660255407,124.03534109731385,65.29346157015318,651.5683231790163,32.79845087455733,2.6036092502684687,1
39.56159543897865,32.830179488486664,56.415336813592425,7.393579553450318,9.522233366726283,371.1631758939378,38.5904105869895,580.4603338616168,13.895103510719261,4.235035905374765,0
39.240896798164535,31.390428755852223,53.888766865170936,6.172219292441207,8.246203258081945,248.80497645838796,53.07405934618708,1175.6714614166822,50.70427870327051,4.9707780459887925,0
47.21961977701984,20.988591586195668,71.65582895472176,6.779495424075359,6.983102315691112,447.24622928939215,65.25707819374634,1130.065568309541,57.266124820771616,4.790407883574526,1
43.220569396134096,11.588078067064547,69.29879582987,6.567506641187572,8.57489485111925,393.7092535503466,5.283723779298488,756.5341847611896,78.42001285530763,3.527957080770023,0
51.797226057334406,32.647976193551514,27.337323270835974,7.1311739610315374,12.815897745478164,108.6720046667847,29.29531710909934,509.4224488511811,44.59959886285593,1.6822693770065968,1
53.00046246796022,38.65525481434398,70.91525942185268,6.754891219633884,9.048646165138447,374.7553247344008,46.09063117688671,982.325842656519,59.11264716113997,4.271269557317276,1
42.06842758605436,17.204547880660428,44.84411716642655,5.500504908981124,11.984029191750952,176.9409890929425,26.658740980593187,604.5609041025762,5.896794503428767,1.9753339090183715,0
39.73741117948964,19.70573841211114,35.22180979974865,7.026348771219478,7.40158283390529,269.03302748156483,4.897138428552095,534.8142446704755,81.50706101855457,1.3506920940422558,0
50.61051030487724,15.514386684454449,72.18611408083555,6.993696242592236,9.395353273341133,349.8940808491851,8.667657323105338,705.2232141905477,30.44942318860319,2.250401995182309,1
40.49612071096272,27.30808370034519,45.9214879780245,6.519445411132962,6.9188485546814125,449.08713651827713,80.17478687537334,823.8798473333912,57.89990119080807,5.621057880010713,0
51.45228637027357,14.645241839423647,68.501881410609,7.305837946466108,7.1089685069399176,282.4391553567757,91.1386759212926,477.9522638563317,83.44464681819174,5.5501641038199105,1
43.47476507297526,20.685818303841383,35.80421671735067,7.316892411380803,10.939491039120554,423.39618167645375,15.223330243044886,857.3971784388212,73.94732059282184,3.2175391907006294,0
48.35099798582941,30.910390418027887,20.235759285333067,6.547823353408795,10.859854539592089,413.18626512025315,24.92619572914857,412.27869981009724,58.3933471730079,4.096068827728597,1
36.91070627669336,26.803479490280452,49.72755157417666,6.715976462393075,7.706975258838898,265.81540514050334,65.22494047310697,1113.4952484744695,64.32470452630767,4.8615242899977105,0
47.47718649353146,21.593876929838057,26.013695398573056,7.493044143849344,9.79538555431039,300.39206537316113,95.42717760924472,1136.5933514230933,83.88146043684786,5.880307288083656,1
44.03535357474458,22.60748805422626,65.26255733149458,6.097640469622835,12.906449335823584,380.1940040199253,29.95897091332711,986.4566188094811,74.08838621321155,4.682208846669543,0
46.73216926350948,26.863326478696884,36.56450816416462,6.149234484622955,7.393612069411863,112.45937385877589,85.52136262360011,773.239526859342,55.88731544834412,3.3837346992818347,1
38.36028415489727,10.17594183661484,46.618738796208724,5.865547805326993,6.153684264588119,456.3245655196984,50.60246444503764,603.9170164506489,60.283243558866374,4.877916285447687,0
49.73747489888364,12.355296053608296,25.222013905493256,7.2917338783157355,11.215961125308578,407.92646377507737,95.65586390807805,995.2896725691172,14.254158174869072,6.384018578564413,1
52.25594155086457,36.43774203289035,37.19955490683516,6.9889767798985325,6.42798566470948,199.76635256093215,13.625866242819129,1145.4377615616509,43.31509117935397,0.1,1
39.33479600181551,12.336369672738723,66.88941459551432,5.711285697740484,13.839521908579567,492.4719812755902,97.36723982079864,526.8269639179516,28.089788291529977,8.436545588997785,0
36.914291110403234,31.204107886315153,29.095274714139165,7.463534702395931,10.876962270391047,171.75614103584752,44.097862782950806,772.6575914381584,39.87735710499247,2.8278602763493366,1
35.47277172092673,37.601144923271576,58.829573667617446,6.961923416322232,9.763170822751778,465.63466948176074,95.29383904262617,652.2093088287426,60.60221861776807,9.167327704697355,0
47.83943000886532,18.120508129051935,75.04555116827007,7.201044219209949,9.439940320194454,229.78938332924446,45.86902170515192,685.3934312367279,14.423598424158005,2.632579386378699,1
47.141880721775614,21.11474311178543,60.79020558546322,5.596301578346402,10.584565268135451,405.25868406565434,53.00821341205781,724.606225058346,2.563836729513124,4.523549732359355,1
45.933948254281404,27.06764217534149,68.6613013575336,6.5099218378843355,6.724995493761719,282.55063729917805,80.47750097773209,1161.4370754970707,36.723196290945666,4.359217674006555,1
39.63894192231951,36.45126908915754,26.538297758234947,6.897196573454078,13.440152470555965,394.5869549800009,72.2628500739394,606.9097342944749,29.996588303925147,7.274601419064752,1
42.81811991811029,38.257167617812605,35.04390956012327,6.585893169143683,11.005136548415022,162.3132191757465,61.96033204172855,794.1406712748053,38.83888537315365,3.627479642289872,0
46.88952670372346,32.18689744333804,73.67233113443547,6.833294931398555,7.47182798088727,207.8025833545931,41.6980023589556,1161.1899773294322,84.80988283320826,3.2168871542678596,1
44.935337177183385,12.598592825640822,62.906336817085354,7.135748127180945,10.500648430117302,139.94312978881027,79.24383673996059,780.8455121746538,64.63756910933593,5.045960212936234,0
54.755710404297744,30.074624666045523,58.37322958263867,6.248674125920393,7.066052046664093,446.05759257512125,94.82283332893205,1090.8796175371626,30.471289713924417,6.095710667205477,1
37.72879505113466,22.309111656179862,59.826004167302,7.19733735123742,6.140421740466497,218.51719510779972,0.9810896943026837,447.01181946022473,17.13509400130328,0.8662653036192717,0
48.902891080951875,24.121029984731848,44.85203325827861,5.8258322095305815,11.044135881711984,377.79049176666535,58.78450964526611,1162.4243347705888,56.66304648312428,4.562983806421048,1
43.086375362085846,11.47445171035531,22.673397897059193,6.041772110052749,11.187866734961023,428.08847909661125,86.59809289783485,550.0249176208407,60.18186263585528,6.645342661914541,1
43.5639922985123,15.731864180390746,67.06649252424374,5.586691239854652,10.669572662427324,460.56729455173837,65.31125373455573,1183.9480277850273,44.52604154900515,7.034762355721869,0
49.35195531316353,33.71540822600943,60.72279417292123,6.228853622670503,7.467865634880185,142.51884612468712,80.08292578333368,540.4614922068388,20.148469715994413,3.9850399239240812,1
48.84872302648739,23.618764991435793,48.36826784676348,6.259819089648241,10.827438867958136,457.20597340504503,89.50611038489853,755.4927582359794,3.5699734752877337,7.694718751940153,1
54.825119874043764,19.049867248934465,73.98557692209545,7.110541194414502,6.452087527396158,178.9011110922878,75.09510158530578,646.8915932580356,24.909462772054525,2.578227851841022,1
37.5678857890825,21.520572218948743,40.16957989910593,6.8062613405793115,10.873906844575378,394.76080463638465,71.70174013647662,746.5851368760352,42.145344936116565,6.703156807311592,0
37.08219298768333,35.63198539977041,37.65930465387416,6.373445116311333,10.43213615286095,391.5396077458445,96.47458913639183,600.4197919404204,71.91408577982428,7.601498126206935,0
49.48677634257482,32.46997052214871,72.36777950476656,6.804227957247496,11.242038646712796,103.4012566963817,86.36846578915727,1172.2539299421135,77.8378445960655,5.248935832885799,1
46.56773834012818,18.169461915432485,67.81925928553912,5.605566701031382,13.16380484601915,188.2495633241017,81.53778695827738,644.5799872584734,38.16411037002678,4.803694229505933,1
40.48321333119612,13.5250552063712,50.89878863890068,5.860543072036752,12.802864841916293,296.7634058659469,8.640336047187613,922.6199296513784,72.6511649215175,2.1947913251101028,0
36.58838737977973,17.55994664932215,27.844084367470998,6.75389571048351,13.845233532500309,268.01388266531285,23.902988313941787,509.9579916790308,90.40175411960377,3.261495944673954,1
36.71316499192861,37.622693531642014,32.90428828790315,6.782733638450605,13.809928263492601,467.42939195384383,55.67560243250895,1059.509987879907,65.49493373670064,6.440251542296715,0
52.883817493282365,27.44766513549266,59.3736794245284,7.048269317414855,12.178557546990021,243.89634780100926,70.95601049748137,834.0063548076107,66.57391284412661,5.456066202583127,1
38.837346494374856,26.004406262343487,43.1024742704247,6.305999518107204,13.651356977421823,474.79348593438493,30.32148933004769,1183.5568996250527,82.85828513948478,6.684546724013758,0
41.46743124231041,27.891807990773845,70.18839149995827,6.945108193232312,12.938271087112895,283.7717273570124,9.332811312082335,738.7217734667481,31.43297155752189,3.053468018904525,0
39.53312804453976,20.98084797239546,76.99730055993226,6.867960665120378,11.820659599159782,485.7411586560663,31.109918681524775,556.3582999813283,2.0084853751724134,6.3373095039134615,0
42.09992611663875,34.21321060958538,68.3382155164951,7.426786756739698,6.603074037150042,394.94192400994444,77.10291805805191,676.8151995527869,89.82795445081292,6.421877013347524,0
36.38847685492187,25.698587479007493,42.652725379733425,5.9302604528493585,6.392399106159102,431.73383665286235,87.74010293413731,989.5724848747955,45.14212699039215,6.938031930760866,0
45.38119581816541,13.502437083063867,67.32118575388544,6.6033591275052785,12.700796540046163,141.9507553396004,91.29036483443429,927.2852167967008,71.71098338460942,7.324175949946298,1
36.352251271844295,13.871953744871888,41.08650040824101,6.703528884220939,9.917246862973586,334.4565732969471,37.88666791441477,1022.6779260941801,74.12420238483661,4.572767412811903,0
51.00713015644723,26.10577439507855,30.026005265938032,7.497295769868441,12.516853474999367,157.08014393174034,37.25385748601965,458.77623376336726,36.77650093720261,1.5479697998082491,1
39.67424163820866,38.097106542125175,22.003592291951442,5.902368284333304,8.503346165241755,219.04840082038965,40.6707470971791,864.2950202758292,49.71457420500864,1.9702056518358557,1
45.800238292090214,19.25056365028596,43.1430027656612,6.5464360399345844,9.181198866584102,349.4261624669073,37.58094694214478,1145.7349416290438,49.592397345641004,3.700256840854361,1
52.60158175122916,36.08623506577655,74.2135582218369,6.1923706154272775,11.601493768095455,390.4902818775563,66.61966075072097,486.32153558526187,20.81944084098254,6.473683915806079,1
48.01754738094388,32.92286759736638,34.33919526534059,6.551785937158,13.322613895456746,115.67351280450033,35.83232621319927,475.4682071303831,11.587504050486412,2.622487297001059,1
45.65915573102671,17.434373287207205,32.39078989578704,5.964257204206212,6.7020917958310875,312.37749242894586,2.0343936614245828,973.2834916156112,49.92150744483629,0.24629848834679166,1
41.48667506230751,11.090222449487273,78.18924711446242,5.595224756854976,12.89182515707685,326.12559451595456,43.90246006878718,652.1459646753615,11.812890416631616,6.2626653388346405,0
41.66003826116396,13.055417954271482,21.500246771035528,6.6451309077953775,12.344101799034922,131.53119884408045,22.415206617858775,926.8633682887255,32.14798514735618,2.3321221648291863,1
48.389739103963805,31.854818015423206,67.14692902362526,6.171708631721664,8.524314165838838,300.27521368030546,2.8807137784619963,836.307610440288,17.747499847684463,1.386632385744199,1
54.88278722442335,15.990092141219401,39.28219734445222,5.8638828034968675,8.841732913052477,385.5369120199306,47.084295153404824,1188.8533266719246,64.62244974545003,2.6870409172180274,1
48.236783796987574,21.138127615161814,22.24927741217956,6.147871132156068,6.371691817775277,121.29091395021238,20.59545591982931,1111.2451335638993,79.4807968149989,0.1,1
46.1556683474005,25.050974980192745,75.06815241257502,5.59856040289549,6.125924888933744,404.1071105295848,45.27418148397341,942.4582252493693,53.01231488669621,4.005793451453121,1
49.61301020478492,31.764045053504883,28.378539812575017,7.400884468180207,9.816049010861832,330.57060196165475,27.77499866102865,609.3397008825204,37.91402264544377,1.7437825556285784,1
44.30411224567436,13.39693669777376,53.106757023541725,6.662295829946521,6.764317163978484,433.29088330871633,60.37088702804332,609.5265297203756,90.69783767391799,4.4479160986118345,0
36.2028468520157,22.190992158323844,36.44325244577287,7.12953736269405,7.552014515321704,187.22502914162797,99.08773868739594,1105.7950404551566,2.90882217218853,5.2715275761653535,0
46.2459363175582,24.55218727428086,23.911568131081463,6.346236395095461,12.774137596213308,433.3094736852474,54.723192071166494,868.2728522203145,28.39069757835304,5.7870277542789665,1
54.1525056901076,26.22481191914619,22.995349139802745,7.306629335132372,10.56822713000362,137.8243901069872,64.68959168927701,1031.4254256416818,26.08058373823004,2.830529673122831,1
38.50605884715319,34.5508192418565,26.933401930180327,6.466636443104507,11.069059498128908,261.53187857786855,91.92757577512013,759.8913652294641,33.058323825212774,6.100713357326908,1
48.80009781641331,15.150345851296507,24.282020833362804,6.647890644401339,7.49983464665536,179.7939166098594,37.40004177250916,482.45890932122126,21.75361670426524,1.2033631767926218,1
39.01867377318113,34.23494355479867,65.63348693119538,6.4835879601253135,12.629294435635355,450.40833291634965,16.6548449785583,666.1491665917008,24.78365518883103,5.488607847664155,0
45.71655368946163,30.786352830899567,49.13397213700575,6.966556591735303,12.94383817951798,381.9679265207095,28.279728293055328,528.9193554306905,24.190939892559456,4.416656665638775,1
36.93352899293439,26.67612442596878,40.573525480938784,6.633312155204125,10.186620749704346,110.14471086429127,40.27949407145493,1025.466253140402,46.51696456771875,3.7722632995637824,0
44.0074187251637,30.98583611207716,45.10213460792043,6.043197847160796,13.300462175029278,103.80934224558244,64.50176812558382,960.4095917256722,36.1949749330988,4.359207608637755,0
50.12326657790492,22.360532168549692,75.7368041343574,5.791079062645292,12.758628999636652,216.4997017926679,0.458802942972103,470.7303379104325,58.53520917864175,1.2736979617423563,1
41.95143048477964,14.151927579043736,74.64510876428884,6.712248777765955,11.850593413395504,157.31324571222615,85.33832147669843,897.1083190095017,47.296104388091685,6.716608162249018,0
48.29823448974436,29.97295720796102,62.940588807354615,6.4783599230940725,11.87260732554903,352.12179102407833,7.6093973049830455,1099.3084055958363,17.507966713275746,3.5850150214796117,1
50.90899921579458,25.740169200568666,73.08094264530126,5.691951393392226,6.843147791606906,365.5187735530239,90.06551489185505,957.8914363199733,73.9040481041057,4.946479342560888,1
53.54355638958906,29.181244016283266,39.178881655257484,6.291234931586537,8.166688301565326,476.780361464547,94.94345212048988,808.8895303875371,43.49756785065014,5.739793083306458,1
39.69284163710907,20.1399634308547,42.86655956049697,6.529552844000907,6.534777758541408,480.8159698183363,99.0102794112134,649.4906279511098,14.790836611538449,7.836005524521896,0
42.986318316186164,37.20599732019508,56.822730911253686,7.15378646765118,6.069449673810469,363.55868216453825,80.95101844068776,1109.6773996687166,16.019185863579597,5.271300374903891,0
38.04832026660835,27.62109605726731,57.41755683783585,5.652202111666725,7.266476251071281,102.27004514108349,14.18555259401526,738.2439057128158,72.72715694310602,0.39170967972559606,0
54.84967004316751,12.562074528726214,48.901990280740456,6.196990696492006,13.04389746117552,243.59916662784573,70.61670432251863,1084.3148641870284,64.26938658007904,5.262515191039599,1
53.54001935848591,23.49411972113286,44.039470906277195,7.1453122454207705,7.918992472288412,305.2566052989065,20.33212906081765,1026.3998705745576,46.587515728578495,0.7423480486673472,1
45.799142605611195,32.69068164230903,79.1708186965217,6.7968478635431575,13.761231700733774,299.67190260338634,89.7127835580404,1052.9815722246876,28.547335877709916,8.077243541798675,1
51.840665887528424,33.824036851968174,69.26741756706346,6.079916643607573,10.778327996489649,341.33625180089064,31.660592565534472,1191.838016129317,42.446983311736844,4.125780309998351,1
45.41915954544084,24.837911582912763,46.09881187328271,7.190670244045284,7.898067901077523,484.2205931219042,32.679597707504115,999.0068126983716,58.2835183424239,3.7423247314985315,1
47.471713760055195,36.842427124939036,63.637548634374106,6.486587161125385,9.977046427873702,454.0770767820615,91.76532959148666,427.23274857491873,80.1354085686563,6.818320832072978,1
36.78248864232033,18.030053115828927,36.17370159514757,6.496703782620921,7.752758581600923,143.5632133801953,1.3231070783704557,564.347147984596,51.02810809108558,0.3825318027243158,0
50.10540840993616,22.317960917148,26.010159574239793,7.453174678400769,13.871788465458991,206.39215655735728,19.39661514835698,428.1561202601316,25.906176529637513,1.9102214315929182,1
37.5542696727047,36.9579073170691,41.145861533164435,7.394233006472756,12.77811987123971,433.2437669678545,42.19322665634551,551.9308559533525,4.846592322413073,6.530924161469869,0
51.521352605050566,36.887701494147365,44.17836800740365,6.217065366739687,6.209910310258633,429.7227635276828,70.07215673101929,449.15160854889064,16.790955032506652,4.133747475744927,1
50.64056175340772,30.571383064740427,20.99222747364025,5.781158257326164,13.582208251739768,210.14828964866837,64.75661660447354,801.2936329490024,59.51598585962165,4.851593848961677,1
49.17489395485953,35.769416413666605,68.88752009815377,6.151333464556188,11.768520858423098,392.2352122744478,66.9411875167149,422.56497050646226,15.439327014174188,5.652013880946603,1
35.723207610495244,12.66319800868698,41.551604143350886,5.560966520622776,6.659050016170227,368.81495148714293,88.0022028410664,778.0632796922075,44.33855978291058,6.219611173204073,0
41.06256711890657,35.94984928623329,54.82508994680882,5.541535773420782,11.365101970611565,289.4095859879846,12.103041229325662,1119.0727256960095,63.905951392874684,2.721390797454937,0
40.26225139821686,19.618597196506805,24.437791236257357,6.291044272502838,11.175413583725483,180.58198107161172,52.21616962187704,998.8608100598475,28.74024112627997,4.43968667250926,1
42.202728149430385,15.34994537284649,30.49980972503504,7.382039645394468,7.750309966460668,455.4572723576345,72.54776891024886,1155.164738921405,61.21953008265575,4.808019580781176,0
36.75285493527677,17.18109509026139,73.3816235196536,7.242714682464415,12.067573600060605,371.14047372273393,63.61184429241645,581.3174190052164,53.29648554830368,7.403795099122025,0
53.73915646062126,22.539055240416612,56.52125167296805,6.522885667835246,6.696517626503737,167.59716995134988,44.83141199392675,824.8686531242349,40.50451962355559,1.2142539847905143,1
46.076044814247524,17.535760138134016,77.01704301022913,6.630452762341662,9.915561449849982,381.92093793634433,1.7114585872163968,654.863562532671,81.75209309958349,3.747689340258564,1
41.11048621316047,19.61702758049497,79.92500206347901,5.511866993492113,6.079385657304703,396.573487830792,6.045226564788464,795.0558365536272,63.285300138469935,1.8777705041654693,0
42.93963034148567,14.049354582149263,42.311606919985664,5.931002311667531,13.749899911157971,454.7521140484163,11.894132685383664,845.6606636674308,33.45373298373177,4.833122911336035,0
43.94405081009671,18.885302966769956,37.928183844996475,5.5495482538687675,12.012509054215275,189.13570209677397,34.32277528353636,428.9489043806921,73.38380801729875,2.302814049821309,0
47.011886667212345,27.168514436260036,71.50136330954581,7.009079065390775,7.270816609277248,495.5016421653626,11.76534526671469,586.6049081719865,67.42919927527045,3.3018555389275277,1
45.313588553929954,23.255611242731916,79.91668562224726,5.791291592052995,8.733392319610264,161.35736901076848,42.60823130626083,963.818223395198,72.2515568957348,2.569226429995329,1
53.38783946428835,20.401562837077336,57.77847405394744,7.238094204953634,7.28449902246541,340.27555674383325,17.86419905855794,1018.3424196322397,58.6860384736895,1.0558876681627705,1
44.9392696581166,32.39356386571342,67.70844335069134,6.7866486273515765,12.132939713034517,362.87060210939137,77.9166197526206,855.5610939900025,35.14335542555487,6.161877653557571,0
54.84316029646625,36.80529914179954,66.90475152891648,5.958837353031427,6.471170603421721,267.5811581063442,87.14876167122156,616.6632223589413,32.37206640438422,4.229928239064815,1
52.028499154901915,32.70367668707191,41.320382493172815,5.8154406341664995,12.723253244509714,290.0150835081546,38.96475079681758,724.0672933781921,59.87362246833379,2.8254926642396203,1
39.170210287146716,19.960021063530377,54.456222815425235,6.755249401846106,13.537570710685838,456.364038688855,51.133176531563876,476.8294495051077,12.781000717021104,6.75498126843962,0
53.61190429287832,32.333265035126615,69.9834164758528,7.3016739605646475,11.4130235424504,358.10969186618473,95.34962415609417,1162.5436934340732,74.79229154487182,5.916265022636819,1
37.32732795770952,14.559405474221537,61.286832575663325,6.936720437828763,7.7037236000114735,298.8003832938745,53.55077553486204,1094.9419769682304,34.33018455982658,4.12567788072598,0
51.34899416982383,13.909539642738729,21.269828838922294,6.197093303206755,8.880720766508407,151.33982497340986,99.50732158434249,452.4818775259707,57.733479042899404,4.23958460352096,1
42.612465869531604,20.368811111084767,40.20234013385201,6.6747671905372945,9.81791899847145,102.93505008925385,14.213099369205462,533.1925325266644,45.91575234400763,1.1605143334141759,0
52.55948640890139,34.23107107132171,28.66854179567632,6.1215233907448425,10.83699817761803,149.9874472607334,86.22264205966984,864.8755529510029,47.73938428221885,4.2221705050211895,1
52.361133802149006,17.390447417269055,33.978332724682346,7.4982991335573175,11.3493047184935,482.47382699060216,49.72030026729654,585.9440593033727,67.42055315812124,4.181410305915374,1
51.11850800235243,11.897602266960387,74.32936864947953,6.9976783769237025,10.433717722551062,405.6347131965323,2.2714111249668156,1147.5205584113028,57.40030483042765,2.7220517756647755,1
50.80060872614123,13.951286056190654,22.21359733464609,6.728763279513507,8.810511366574847,486.8465310040991,97.22229414393485,1004.4724646968597,23.527808951114213,6.341178033021974,1
41.09358278196082,35.762349055887405,33.188042717715426,6.346518285531658,13.127338244519224,114.28348388326874,96.5047899743358,618.6332103288662,7.680333828136401,6.6327354062319195,0
36.618385661025044,29.013498542418628,38.57416113429389,6.736304580519114,6.651136464143666,372.0881615434557,38.327084018288716,404.8811289523809,76.6210660628762,4.092899776251149,0
43.05960357530323,17.5960349010993,57.01304431798369,6.183232124934669,9.73004843394796,117.71741056136719,95.41420710859049,1039.5579129623798,80.64046672766719,4.9791215980447285,0
38.47049029973017,26.65887475984544,52.04610140515193,5.557729678916061,12.204518707739846,412.8225875475293,14.100964223854573,739.2717676808525,15.804687962558683,4.912010129142086,0
48.89902177804923,25.827388672760513,33.09616897120317,6.290177044713266,6.486981322331207,252.3800690940777,68.01101411206822,913.9021694862216,28.852936022757923,3.286467549351829,1
41.92199453075571,29.66307935321984,29.854464033389267,7.360961639159734,11.64268173449041,138.30614404259794,19.192898688783455,629.579860337038,26.41081437385591,0.8398062016825134,1
54.5122040171983,16.995626632648488,34.20788207576713,6.752602189547732,12.5576929820266,327.2186567150061,24.664723633482765,514.2986074865368,85.37037046661393,1.8891683843580265,1
47.81944154690664,35.93208961583193,50.15177760209933,5.667911406141803,11.286650388216419,212.04807864055522,77.93374372026054,940.2492734285966,19.429964373761955,4.1102711217613095,1
51.44961127268722,19.281056862400384,36.27066714267221,7.269987226790052,6.103495138202848,363.8295767487274,37.7358084565295,760.2596705173273,15.988530888984881,2.6485250387301638,1
37.65049345483697,30.823949619287106,76.85615009646332,6.0377496986830295,7.44109621705765,363.26990380551615,0.712750282862118,588.1357608559847,17.36546947733791,2.2073428024734,0
52.24028964545245,10.483739391166447,47.83191328573085,5.987538986165455,8.736904631135605,382.00298964830114,41.423842419559456,510.10239965296256,66.68822584843902,4.162736325598073,1
53.455143810267884,21.179713896824417,23.527760992678225,6.094181937560641,7.869520285104367,496.9860315111036,22.80693206329595,864.3836755533068,80.92178598218277,1.8655634568648374,1
44.74123837637872,20.55129453876425,63.755984350198005,6.654404472251915,13.701217121819418,254.67908397896215,68.33299135582912,980.4399521660595,36.403066956994124,5.701308461770436,0
47.12505875501955,26.304532857490436,39.73071729253938,6.589376186867954,11.212751312910349,286.12618979404033,19.44486967235003,627.1095696984922,13.247191392972107,3.1024750132894146,1
50.29619601805991,12.182087853315895,59.209335923494855,6.482827509245763,8.375767658812563,421.84468041013633,84.22535284364757,988.1140282776992,53.714979766750595,6.707497909845245,1
38.49677254520825,33.703941211783246,36.77566223139392,6.935073727025254,13.437579989323565,331.34800920875415,26.709301210816427,546.4977589862175,19.89414624960785,4.963734844419158,0
45.05132152926885,16.533424053027055,54.24462450399919,6.133075462669918,11.924753595809495,114.90288427511986,39.302825828301366,670.7325528760874,6.773630262871134,3.1961436597427557,1
42.97326055544626,30.311134446460308,66.32915028844788,7.064129043144862,8.276857694616336,437.2314081039426,29.803686079709802,995.9058294399644,80.76082405442286,3.8174744181746663,0
37.92747984324498,34.0963636973228,75.68052450647323,5.850643356757198,9.031052555215643,120.59947277521638,64.39233478093658,928.1148157176634,79.37571487003085,4.706414069737144,0
42.35068844583063,26.856308687245395,35.66762866598462,7.065241578154018,7.595430866431654,168.3280545967137,10.11635412263967,616.41890152313,88.83191442333464,0.4467326783541108,0
36.36344618770987,32.226496201659565,40.09141705993887,6.827620210500566,13.768591986126575,140.8319867896749,47.80993726982441,497.7080012375465,43.660427941551966,4.466766276032153,0
35.51623813898974,29.855809366450167,47.85598521715638,6.8664166190951725,10.138371967120586,131.17085315244807,33.44548152150581,433.97873995779355,27.460107838937994,3.0327500212200023,0
37.70332578309645,20.66589391456023,75.63049026415933,6.46310679425452,13.168453499983876,110.27395012188408,88.41379632883147,1070.3321439354286,70.28053710133622,7.507571000587251,0
54.26230223178348,34.265756171006956,74.08321140863943,6.834003065361729,8.771998168134783,122.01108558894695,7.341209357439238,460.113559654288,17.244543887552148,0.1,1
45.99059071790034,18.84104109656584,25.39269680603828,5.659594093118915,12.886732824779806,276.97567567152396,82.96950649328548,491.87612176511027,22.896286913465257,4.639991442010423,1
54.3164432230644,27.136387532545516,27.91578954522865,7.2031022340987345,6.431094787417312,201.14090799304557,16.768047652990916,590.168504220267,24.011436358664263,0.1,1
43.64995756660264,32.361932174246185,49.7305506398383,5.611094466975292,13.856722540194305,150.6147533675275,8.857765992995514,756.5357633918783,86.64574689209621,2.3973049350037106,0
41.23632266170519,21.368677294375228,26.397156368325412,5.7974830197429945,13.296274936266421,363.4822170906104,20.2322858123008,1031.8296641891968,66.68406269479665,3.7718745394670594,1
45.122837256804885,19.08302822852275,40.73485240092185,6.653579416994472,8.90562355821324,190.4447642537034,10.26529820118104,597.9842607528849,13.032531332393809,0.9925078520029236,1
43.790233772658205,23.780380305184682,28.903122693048658,6.978822910913383,12.197777322516618,107.57966213792378,52.098394820212555,834.8065986878015,9.356129031151609,3.14088773158713,1
37.11329368523488,34.53890483047461,58.16242130791315,5.652503128692507,12.018063411790608,267.3679135069311,98.82149529157813,472.29801764003446,76.85333682260605,6.723877930164183,0
47.816526293804124,37.89765289436994,76.9697259043497,7.34152962824464,13.210038376823453,224.17319679132203,3.432735192425884,771.6088041092198,73.20468907402854,2.0641757670361125,1
39.32076365019199,26.352502385796704,79.80402621766288,7.447215297601398,8.458039849030488,227.4417725385971,46.11283493194613,542.1111947018467,61.389512020751965,3.6714958531751356,0
47.391759097956594,29.843986159709555,42.514467949814886,6.7119003460154225,9.724160042513196,278.1080112726246,38.607032910786174,568.9532471124521,18.64905871569545,2.998263590240543,1
48.00402184796307,37.09820866716743,55.94075822687674,6.4624869107536735,12.919996900848425,367.5655708937111,33.96064142464004,693.4627472871435,44.22551850003441,4.55128826182046,1
38.04049706257296,12.956405542388271,71.37605921144487,6.982789944559499,12.228635633081728,346.5916480151976,33.186361043336085,1009.0781589606859,55.24533509115465,5.814139316516448,0
36.22699254221337,16.96235733598495,27.04772436778304,6.15671470465441,9.147733749922233,474.9046439155502,89.50127566264622,995.1891439201877,84.89237741563164,7.360669195612584,1
50.6152317213688,31.267000187547474,61.3738646631179,6.486528868210213,12.765801863296977,307.08666652100857,1.8976150208404041,731.978381188256,16.248136617766953,2.995571780441543,1
44.19600847538641,34.71233385736899,44.530619703504094,7.332302053628803,6.375632313859212,289.0279638900289,77.49163873801383,494.9369233539269,47.39021264315023,4.462226903594276,0
36.16327591010952,35.71087084991734,32.36876961680984,7.411310850483067,12.25637042370392,185.3657740867588,25.293317880594167,624.5532960191571,15.197647499048081,3.6801047838194614,0
54.89732634339534,22.45321530564798,44.16521712484652,7.35413823210237,7.654126875469605,402.1525155392627,38.32955108175749,804.2846212241105,40.946440651673704,3.263337850217596,1
36.15561121992733,12.680197068756005,24.55761721789501,6.0248961339276805,8.288967262590297,156.3103104857139,42.01499128485777,1095.5294229560986,19.012147716783062,3.346187426942476,1
48.90070457717106,23.133444318988598,61.724428915358345,5.964938080433527,9.94571874876475,296.4531559281936,30.47317540737434,1174.6036918506643,76.25675874836901,2.3630778210465,1
54.67357850526827,16.92203770621161,35.16456012490718,6.095329011858628,9.59787600855979,268.5288793549778,9.355886183539786,909.9767480191308,23.926264987376165,0.7010789222829426,1
39.78360208431851,18.735893649898724,38.684338702692685,6.38262222477692,10.164560854959047,363.3203513617613,11.43308488294348,680.549192397921,38.539424461962184,2.9053298613827367,0
37.844987373743926,33.16802670512517,27.264877894487764,6.128334825583927,10.35820476537619,467.04858798266355,29.81311240826443,954.7627629555029,37.70088872429217,6.549621782039272,1
37.42769878844858,12.265812580776606,71.8795468333935,6.2484255914781155,8.652221528251975,478.638236599289,82.18090528872506,668.9841086564788,78.96654640195827,8.409887148760626,0
41.06550295135191,34.82743652442106,49.60665675696431,6.741273904241519,7.40182010413624,167.11970686526337,13.462765278741184,900.3787627332852,69.20177182590342,1.7037438328302708,0
37.02091622021293,22.830072574725072,54.32881266718402,7.025051354187951,12.147849834298448,204.72688730687128,74.26398331459308,595.0132573565413,6.181794011357562,6.335012920451814,0
48.84322683388264,27.881917933017853,54.16596098569128,6.971116396535834,9.199809192697137,424.65412798588267,28.886972942928768,613.5909609851024,7.03787114513479,2.2472412240487163,1
36.245835962601255,12.68956693707037,44.6295868724805,7.128847134158304,10.046726899672471,307.31190497967714,88.34649351120927,460.18047123289847,50.60775206176337,6.451640043601844,0
45.188442562995796,20.12077235071839,31.551794926288366,5.564368806430805,11.157573746808945,281.21382734229275,42.83284754006409,736.11292177054,39.494712462201406,3.040209694882667,1
54.93393707705954,12.691027570445375,64.707964909904,5.595467579357512,13.277103378453248,384.25018095228234,17.172331329737556,894.5396160765342,25.802579848315787,3.0691807690301793,1
51.279405390120374,38.84631168643328,27.62337592146046,7.078765921377259,11.66042264912176,340.7699810427887,98.58444501105103,1031.0359550484968,72.33588443866648,6.468437062486648,1
47.304388764620214,34.21784947978752,26.23242741672863,6.566157644649264,6.363673804723076,488.2856217685339,17.663451922991158,1048.278835870155,12.577165470909948,2.7103569234698526,1
41.125072415732234,23.78898263069381,62.608702255790206,6.65628134752424,12.708482907184141,333.58986091530676,56.76198212322694,1193.9555596057312,88.66512215831366,5.067220775561209,0
47.47791672583277,16.708076449710134,32.53022122711903,5.605173720428754,13.914840121020152,286.38953053890134,56.92864780961342,470.2045806695695,3.169225607694487,4.648940501183376,1
45.54082927823303,38.00365315749556,38.40636508116994,6.010627602342542,9.779880202971057,317.1269448312703,37.28134511777799,794.5094147566631,11.640765214975925,3.0614669897089146,1
43.52166767780743,20.337897871809155,48.51364802010441,6.776708609770956,13.756722691636806,423.41592667878933,95.1488592549131,817.0996603219307,29.018498884826677,9.442058233254123,0
37.61420753480399,14.829532950621243,46.961079003772774,7.2183637802213525,10.378629938745195,345.07002271408834,84.38745624117317,1043.6267411023139,46.82341857299528,7.208263213919521,0
52.732084304809334,26.894931653618645,62.514747503899954,7.333966794362805,9.676927966975597,358.8192365546871,82.9819560838242,613.0868124710776,20.45225426313915,5.391294447935146,1
43.995692976426454,38.31322361034448,57.40590760660166,6.500838991670164,8.651238117819641,488.5755520146368,97.41519354294779,455.4978559515736,67.25936339686237,8.234705299196024,0
38.8924502364153,10.114908715009678,58.663769736911945,6.590948465476395,11.260439006666711,347.35819377018294,45.710933819631684,651.0070482147357,33.17877130833908,4.837588562642209,0
42.355187017545795,17.14374529761996,62.84325983932744,7.1660992621379815,7.838563364200357,252.11409933381591,9.718577562002928,1187.1422632514086,4.468450005724382,1.8733835684096622,0
43.28259505057854,38.15342921231223,37.55676364540792,6.575249201494709,6.839473748115235,376.5304108051186,76.54559254497939,1119.5529582596691,79.99497706965798,5.0788467449310515,0
51.550757911337485,15.132579005714861,39.33999870802842,6.5337170510746345,6.217896820673713,363.78375879092454,38.08125794519338,716.1975687573213,85.94791057774566,1.8908782848978025,1
49.67228761122804,13.397303549194596,46.279864873733246,7.310168075521908,8.339040901722111,105.53905420255276,19.03451518035183,1101.0175989960485,56.670726019333976,0.5081508816636822,1
50.386097872826795,27.105616473994132,38.447730382011564,7.07986544211176,9.166166657336305,286.9317187143332,48.32473432202534,426.20358729332696,73.58827497133646,3.038742973657291,1
35.22062528857295,35.85531469884489,79.0962721382518,7.318145052722589,10.416613570249982,397.16144115295975,92.57189401671633,651.3632619713604,11.900038482397164,8.248945223590589,0
43.323079963595234,24.313294530817785,68.84311558528577,5.936494109562307,8.341998601496051,299.6165830884516,17.13570190146284,981.4494783900356,25.193825360799817,2.2169221372321752,0
44.62688303270647,39.83692770053574,29.879281295361775,6.548750973310714,13.87247657908329,411.8484543741558,84.86988152297418,577.1618008134711,30.27085189103654,7.993499690668421,1
35.38384553646113,30.375150986139786,20.33564935291217,7.184944257186716,8.33396134592934,280.35347857104574,41.82049416151173,558.7127611898453,87.46778502536466,3.503982893478508,1
40.19626417490068,12.222247216313432,22.56699609483607,5.722295654934218,9.52780310757127,493.32863905489427,13.680198070314198,1089.4460367714987,47.100037591663074,3.546553805812229,1
50.2057964624427,39.78496395045926,34.64380706257552,7.089324308587924,6.826209324255203,217.15663568155549,84.83823039886565,892.7631688613951,1.6672202932563998,2.802983549087588,1
37.74219411457998,22.236827103405712,26.857477150211395,5.8659467668297385,8.085012106696606,136.84904325842942,96.96203411914286,1191.2181746496285,35.21672405830859,4.286569188940027,1
45.70620262905183,18.622076015364478,52.000286893554325,7.1162375099706425,6.386657118311929,272.00472046163895,29.127071583501163,507.7357410233188,1.6975540779018796,1.3354982092592023,1
39.30403744034475,26.736375507336568,71.47971336364151,6.7240018751137365,10.476069067498624,316.68360994956765,30.353620984206884,684.9027257865173,22.402516642520126,4.483087019361592,0
35.24241549287787,19.12922775462593,64.20501325479364,5.886471982969734,12.008517465059453,239.6374926729846,39.054598303993316,648.9706974429475,41.923006042705964,4.904824271840412,0
39.82402915199083,12.59372521360457,32.93654378493142,6.446708358665602,7.5656785146885435,196.9124640471836,81.41303644608071,1104.1057901751278,30.105374987875297,4.485351716052974,0
54.517475098201075,10.042850292375302,43.95795536154715,6.863810332921544,8.943287502528566,368.8234765541956,1.0417196739499812,604.2372160344084,3.9460791056653637,0.8740439973044553,1
51.030742237659794,23.48750058760787,50.473652571876656,6.767705801767085,6.1329298138172845,250.85003994250084,22.395655173753436,682.768798139336,11.47021501679015,1.6796307481214106,1
54.19153288642067,35.10590266679777,68.61235097020014,6.354494392463408,12.716176445777696,352.5474116402547,70.58998111063262,514.267100540342,50.57979051004597,6.469697252677204,1
44.75708087852725,27.169455568902297,70.34729618636989,7.298733057841854,12.239708199453357,411.62857943951036,40.56394504855261,1020.3207861193497,63.604441394603676,6.119118033007583,0
37.19472397355007,39.97621896830323,74.58309871446656,6.538526828975689,6.506032246994339,404.40105110400947,33.029562296812756,590.1626271670823,37.409411100961236,4.823554355999484,0
45.95918977947386,18.605399369416,50.55471503017251,6.511734597057377,8.91894087456329,250.1237242542765,87.22828889020174,454.6562177857756,66.83335717824163,5.483595861198786,1
44.08754669119922,18.41365194280166,61.65648478615178,5.624501179882909,13.642292910795963,327.15929158006986,91.73339201462394,748.0869861527174,15.699959966362934,7.88823654296222,0
51.887141654792316,14.792483807018327,26.70802227403623,7.344240779595275,9.136216448631817,279.86328977709695,94.79862191661954,713.1664991692278,11.985215302691747,4.755938325148874,1
36.96165161568489,14.921907647960055,53.91733759723893,5.854233137356746,10.209669413792128,448.3221010838641,27.255053265429662,542.0873634443004,76.55083443489482,5.4755175594404735,0
44.76482274043556,18.555597880301434,34.92150856826811,6.556689386873108,8.84194288808284,451.5033919199997,91.2512609539107,506.8780479168124,31.52920136429797,6.53320602004142,0
38.00097329387968,33.78520135820581,45.90301310159667,7.10713520280062,10.769051105026094,237.4966331552147,73.69655547272889,1117.2457707066087,39.90231297499819,5.992285048937858,0
41.4935185378012,37.172703719093434,58.04303049840316,5.930906553911287,13.825255005094577,136.6949791514923,15.421474848858063,454.27558924098446,86.28234420855668,2.822701444715452,0
49.747141547755994,39.25261509123044,35.41915627122687,6.554746579941682,13.980020027849577,167.0329933296078,61.02700283082103,479.44876535705595,39.170109514339835,3.3843722583863154,1
44.52036258737533,16.968689622893578,23.131103467805666,5.981369818446682,12.197719824089528,246.8006968523535,2.633481930699122,596.0378249107248,1.3141095266713811,1.55952718173811,1
42.51776570291538,36.43892636842275,20.61403138452545,7.019389995599823,9.234488784163513,325.6999819051963,70.83781557708652,1162.2713517252018,85.41747455948521,4.165537428499416,1
42.8895255714007,19.84765267832011,21.32957213267129,6.628682335746301,9.955457606631906,362.7148043857717,73.35675226509383,468.3073996158841,2.2706770137245185,5.361992211277617,1
44.18893536811973,13.385216335506533,20.50098425082618,7.211951720790287,8.853850624898444,232.54841851440008,78.93385085949973,1052.8118613943057,60.605765535627825,4.018790036491656,1
50.700330876741134,36.100747765604964,26.62130339347253,7.2891160057547655,13.88459703923477,366.99964784959434,17.25250541224349,1113.6417226550616,30.06018185792532,2.278285608076478,1
52.84169377880469,29.083169039308558,34.369322874207796,6.797466964890797,11.662082446603229,475.0959934695024,62.824994094753094,702.2941931607083,43.33516809041845,5.6682553921798196,1
54.10669373007856,14.94192688243185,33.273290850937954,6.950782492317889,9.591451563468091,360.8056508675802,17.88566848276544,635.115519865474,50.255665092656564,1.7218033365065528,1
50.7380677251059,22.894937725390076,79.2077956507938,6.598440199773727,6.096922160876819,163.4260917777405,94.66500833891757,941.9021826059264,37.76140515659988,4.708401705947714,1
41.308137914960255,18.61773084631203,38.3603663125366,6.268857466134766,10.163867315124387,331.867565191051,67.50106926808344,962.1076804881783,70.69319084639514,5.373093772149884,0
48.762694121730846,32.10383706130591,27.645247001563945,6.796235846041669,13.871425613612942,316.7582067067931,9.532584800405575,1023.9817302593244,84.76357686980013,2.8378776847556106,1
43.75206248110784,23.60248691872804,52.733752650065476,7.316577246974658,10.184487271784416,448.2800443593683,18.70322300058228,1064.4534250631405,8.777084690698144,3.800221493285675,0
40.09341244092102,39.67839835319155,71.4774473238505,6.333360760862876,7.459413483912909,240.12122208518974,66.34600981297478,614.7163648098721,73.02275931114758,4.603847027219654,0
51.81743158851845,11.642349467787854,60.68362260726051,6.1288200527475905,6.176749976838199,269.17824402267195,47.66704961596086,949.5692815093192,12.580402681058061,1.4008540981278528,1
35.7685269792465,20.6504579840874,37.76492534812702,6.276873877105148,8.837630064993672,339.46362219459746,73.62976662108784,507.9245794277404,8.224946492464698,6.059568922034989,0
53.03523984270847,24.457005013299323,53.696969587487295,6.370795260423199,13.345824445572855,309.77012469681017,28.07887989256591,808.5850652353229,87.02483074499159,3.963921612266384,1
44.22954929249468,25.094006642449592,62.89135845202455,5.647122057955432,13.972432865407047,387.6066369620697,65.79175368470769,890.3095332100755,45.03680033421466,6.523745513030236,0
47.74402953616561,19.478074671569104,63.68626954206454,6.496883680869988,13.562943798496022,116.15559636499833,17.6960168030439,529.3855493412384,14.734296190835973,2.271801097631576,1
48.187078444115656,31.87720747292704,59.99230731786133,6.4886284961001195,11.835359946034053,325.40640768278394,54.37102633610331,461.2052317756326,52.296140189538065,5.212619448859558,1
52.90235481413073,36.24241220466924,72.24862548653708,6.676887655281046,10.465141827525242,148.6687572015501,95.77995915499862,555.7970290209544,24.69134248925977,5.735404080187932,1
47.733393643344144,38.16157905933589,72.20632750064627,6.225640060942663,10.725489171058015,226.08359700788856,62.82222322909864,736.4709982818937,42.78781151271948,4.716087816913307,1
47.27867169520124,34.15280130398578,54.7361935644202,6.726215191911179,10.311936072735687,364.65074461295615,4.999361750491649,1110.2727822522997,57.21936344919193,2.658547659718174,1
36.3330408112138,35.517405919197984,45.79138214667274,7.256432620548406,11.656394439383906,162.9656802368711,98.87621377366268,825.5315396277817,79.23428459829952,6.644433690399376,0
45.368160438904084,26.516359018599864,58.49421773390599,7.410941980990328,9.350985813562819,223.53673420185154,15.68663296488656,998.7943133871925,1.277325844237748,1.3093656737337944,1
38.003380016340834,34.77664679280444,69.09272008222779,6.667224432282099,11.353632039646124,381.2025931341248,71.80691026971051,539.3156226331572,20.272659482435387,6.97672309554303,0
49.74867537442971,19.105117274438566,20.339126290471082,5.585181907940626,6.972896919657608,360.32209701073356,53.25300390641959,484.7825584441804,9.664348862690161,2.4690659409385862,1
45.24443841625349,21.95436286327643,79.51982054089106,7.438471994534218,8.12556245249187,136.41586768389521,29.43606878043038,591.6938861057918,9.738793140315625,1.7941953403952093,1
48.604555584167066,19.50739041455633,30.973626339751952,6.9117241217925125,12.688024310469036,330.9073973969296,17.73104854277091,651.1043302322872,86.11996718259144,2.954911990936557,1
35.833458012047686,24.021620063437762,48.21493913959857,6.171927297107304,13.229991445947128,158.90178476745578,17.77023642767157,838.4816150577595,85.24746410635471,4.085398628305295,0
36.69584032091606,18.567388487159093,72.32178409057201,5.794315401927447,10.312065900482398,200.9085514857971,85.83996812081605,1104.9946562915525,68.43772717311099,6.889821957064046,0
49.326467761253646,38.8483432676334,33.50242394265196,5.78683722447255,6.253084937703459,283.6845114543115,87.29125141634235,740.8740934218923,58.8756738160824,4.511063408987335,1
36.44168671997347,19.385338840170043,48.60771343402299,5.8354888122792055,13.415788566334145,143.73872931927565,46.514552162471205,815.0385502759761,77.31734017219327,3.4799657105750823,0
36.42513455530517,12.941336143328195,27.95493081087075,5.591145043227641,11.616514064218292,497.4587871674267,10.362146292497387,403.69082878793654,6.256786428151081,5.2345566397224665,1
35.24216950469775,25.8045149815124,43.70457952329156,7.304308377305823,9.312223390042886,166.14782442160046,88.41651038467899,426.6496503130293,11.753721379110559,5.6248013806263355,0
54.1300279659896,11.71297235335529,30.62812728758015,6.581536465654673,10.78703154559597,412.52505137144175,48.70164861750891,467.0153599420381,29.54016309667006,4.334646553061979,1
49.75016718918014,13.316294989257415,41.817664926269416,6.899918825427674,9.438198675530929,431.93553800929,43.87624228669137,959.1952683832229,75.92431419068622,4.590146860792295,1
42.06502817004128,16.58168167588739,42.40785300756332,7.156217018536615,9.722713813856409,497.7855879584006,40.73570244376202,788.9530950175339,43.500928848985914,5.260088358097872,0
40.930711625753105,23.93050749646425,79.59024737589996,7.0830820126664005,13.094478925275213,271.46128714090736,36.50141738592056,554.3689588254865,46.321728709385646,4.597107348863681,0
41.99406459491699,22.997527969270838,79.68878175822633,7.2652112474576835,7.288673975336892,449.63780805573606,52.60054036085941,874.0795509518553,21.633888668842683,6.149199043598749,0
50.49307062362364,33.99075586008374,26.887176719636745,7.434509245049904,6.829353083857894,483.0157756067404,60.454122661170416,835.6897214552289,59.354873305617346,3.572709082513288,1
48.22741222140829,32.1842396165234,63.55812675970083,6.378141229483879,6.021829956104126,169.15765795786686,46.64322035729559,471.0394414479966,80.90579386560378,1.3866045064128232,1
38.703911357349355,22.78954881972104,23.10472878014607,7.400670933336781,8.512003004897014,291.774435623813,89.66481634550445,912.330218173717,30.656279787262076,5.395254719431509,1
38.48218670668169,20.011126227268896,21.811520920231317,6.946579896685632,7.179310131875419,124.00432754243509,31.766122852949728,1013.7238981044081,56.72673457928957,0.9058536346699668,1
36.96791299426795,19.494063521844957,26.32003365469786,5.641336380616157,7.759883961104889,348.28960480968067,57.83118567867813,629.2435261672775,30.875406770063986,4.408022291832122,1
48.206054394026765,33.21985261882027,77.92913942047605,6.863566242424691,6.089911861323015,332.56246274262656,29.995392019398526,949.991089595446,72.3447200650897,2.4943329492829123,1
50.287453244434715,11.562172186638092,76.45181287368185,6.873433319209697,7.817563317501626,181.65051386527887,75.33500237925342,559.7756136070273,43.746376329308546,4.552362382345326,1
40.30092856650008,10.384649485318175,31.635669216840828,7.311721127585054,8.661692655458992,419.16110355765045,10.212109932823566,1005.3830509693959,31.55221199977342,2.8888233851604666,0
35.41889922061826,33.86633175779944,29.700340133222692,6.2458642649401845,6.252539971279051,114.90748910541595,18.869899679533255,1129.419335298176,38.804396879016274,0.23466741170996147,1
36.64343334952855,24.31439127967148,34.43210519095682,6.669823000543635,10.863232994377181,422.49092965102284,80.12014099269507,753.4936990413177,9.210476925660542,7.224039524521756,0
54.357200696900605,13.926434156607279,50.93281964450853,5.524375102023485,10.550402791070063,110.65811646554695,18.31975952195387,595.6976625692943,78.95054379901966,0.1,1
40.908895549548404,17.06697803783504,54.18227792212459,6.164150484362672,6.7762862280794005,362.7315248545401,62.57463461947401,719.3413617581599,87.22621498042943,4.696200541517583,0
50.384462956762675,37.975118592921476,33.29560582636684,5.624487452317561,10.760078220147207,131.5078055659605,97.0243451904197,600.0619781245734,43.96727617618749,4.063640648695953,1
47.49327137708528,35.785089268746944,65.39736728539671,6.543745945529794,13.989231348871021,200.49020772492918,52.28906137659658,400.99150061310036,20.920348727032547,4.40102036150328,1
42.63879279305792,31.293551506719176,38.573190164159044,7.1348953010139065,13.555751622492325,388.7653397247343,18.739644634006925,920.3652894435561,60.81905791800448,4.449168378434431,0
39.113745243911104,24.4667569101198,75.32787953176462,5.9128853842581375,6.021367946941306,212.16191985015473,32.06910456926375,434.0213135697575,41.71433315870284,2.180984478450661,0
37.42772836318813,25.60970878574157,59.40336238740384,6.554882091115557,12.363026490642877,304.4695394870939,82.34580764542382,568.3125921737849,23.707007275457773,7.2039072817097685,0
47.30025936077733,39.25733605851876,46.1810716582167,5.908017273021534,8.828842209891889,466.09930780804575,35.16609131199737,977.9596449038569,4.458982914113413,4.276093422175512,1
50.49267561275576,38.97311331652861,67.39472010217072,5.741376935692481,6.509210962677019,119.85374161463133,72.35113590298135,932.5800111326267,81.07340066096609,2.8723763248699483,1
47.878085070822614,16.458071373575027,69.07487756279988,6.521993583868685,8.367865709729664,424.4319174942694,77.73500628840102,458.6631296369325,72.70609168405429,6.252439070632386,1
45.606042664983164,34.33313698915954,37.42889633653662,5.658297241899455,8.573892130503697,126.10879942739581,50.118284724516414,928.0437928632616,75.61054518754415,2.744817734237498,1
35.83902446863272,15.917279985010504,40.38287263016506,6.674709262275979,10.185953914472455,150.71793773467067,78.3213384366389,1144.459911660626,40.58557578382499,6.4217573221686735,0
54.36977555188768,16.40612433651854,76.1573092237162,5.5626749213534525,11.288670138150838,147.72764155568433,31.69030044282144,459.60197521454654,68.79298527580848,2.0188883626747183,1
50.97428383309149,30.282791024937303,29.884462301796315,5.713429943736751,11.992444897667264,497.64091328429043,51.61596467164058,732.550582141309,53.31027374919961,5.032229484154508,1
40.856440734019294,22.15003295762645,22.529025017776053,6.599994970974715,7.967224340506133,172.07452773261338,68.65582639721404,983.5471120913131,34.729776677214375,3.6489705625280613,1
54.599406587177015,37.9463322131956,47.243319356572954,6.682814825797828,8.574164561987976,458.70473850250727,16.807314730438037,934.1784025423307,76.8467879309962,1.8635497960295604,1
47.037631792726444,12.670292046880265,68.07259401461774,5.557973860187516,8.467053654877882,496.3728651786217,27.36219673821897,581.2084339755986,90.88817932399765,3.6299526821340913,1
46.648453164144925,25.34576922428479,66.30008637864475,6.646753576003117,8.901894944967012,253.5139081649192,65.20366033936521,530.4538219973651,81.93540765469238,3.705297819734111,1
49.96146358859065,37.55564591329364,75.17183773476995,7.177005050647274,13.997250471650709,352.41941741147417,65.53601198295534,1027.3976032327455,70.85727745176752,6.149886459196737,1
51.23539576180275,37.123409814385155,51.99203986214241,6.944632354587908,12.223546422619407,411.63650150544504,49.330264645297895,1164.9957241910374,68.27571749731392,4.504394089767283,1
48.12957214663005,14.695876402472237,26.003880293991998,5.762370207841597,13.799923722149575,257.0580327344833,79.55853567821205,1014.0667740342633,59.522395871516935,5.824702023526818,1
37.561914927324,20.999131002893694,55.321338460160966,6.68494929512723,11.544888476376457,164.7256561991229,48.20549020049756,1170.5635857582001,77.82557471556194,4.074727668642848,0
41.765350119889966,28.573642001400888,66.7037368611927,6.844505000148427,9.250165613178275,273.50509751702447,88.13222654137333,883.9963393096342,45.37731230421994,6.49329966207728,0
53.561672806520995,14.781846543142066,25.599687216189583,5.574462403504583,9.117953469015799,408.7550580011778,73.59034308719454,1143.2790885535337,17.35565591781937,4.751954544859589,1
39.49231223687704,39.04066516137216,30.359444065855385,7.2106953373672455,9.908649159800362,412.30510509936124,31.469486330334128,952.3485556359095,70.12447518422859,4.732791099951747,0
42.443340476750265,37.44247986182981,20.737439669340255,7.31253479457966,9.3349582669155,192.21551686836534,39.52540084845555,1127.1078001608694,83.75557367582968,1.9019167352107835,1
43.64153765888392,15.008505371034076,55.61915476680862,7.200904546724518,12.626609968741967,169.98625595629863,66.76866857698457,529.2711743756727,31.72170627374496,5.039402272677625,0
43.788099793889046,13.634663837829564,73.20406351675427,7.149262935978227,9.720016104213542,468.2242808401399,89.44526188234913,1052.452172595159,71.4684968161422,8.06595274534146,0
47.25879164989051,12.562254484247958,60.23979896012597,6.989930396921786,8.364914881686769,117.59961222332421,17.870873270350874,557.396640762762,25.635043277417267,1.2138123323238323,1
53.861516754894154,37.28330992109893,78.92240525545893,6.76686406256392,12.198882149573215,393.89539030603476,51.46635387419801,421.94328155676584,85.83402460228137,5.8347888989099195,1
39.8138542366501,15.808714293863824,23.782019149985693,6.857254009976504,12.835363275051158,118.5685541787016,11.878442132437673,814.0689072343703,62.5114892812408,2.3603799713066502,1
37.430027526018364,22.48854785633064,74.18006510908978,7.112790586669966,9.363431649123612,435.16002034439515,27.945515532013122,654.6014244494754,52.23483884641574,4.28946296119757,0
38.94940979719875,23.465540969560088,68.84409724320085,6.824996916722609,11.342468575244256,462.1659253344408,68.59813592932423,434.8250894304143,71.18831421132174,7.517281773461927,0
52.73849800418539,27.970331326407027,38.85449122997029,6.155453913364142,6.470436271106438,218.9676496916396,7.7734635248161705,1184.2435029825274,74.19080535017875,0.1,1
47.916216253104125,12.152060312422748,78.41159311023512,6.251922204322708,10.235718815771733,129.57425740667904,66.23585818888475,933.1728763919942,81.31329084028124,4.362024870933747,1
40.7181357847832,16.80275852201548,37.27626489028491,7.2941149367445846,6.359849101964064,292.27381453897146,90.0811120945297,1121.449738572479,82.10075795626875,4.964332329721297,0
51.318938779372345,37.94471160756778,73.3582834296931,5.534244171594324,6.233526723955745,219.38521469819074,96.93702910184662,1199.2660686975587,5.7421742998191885,4.087360124638364,1
52.22739992726872,37.25230321805709,72.84491462445136,6.897641162488564,10.903398804181911,266.8544571241516,21.66322010255155,713.5733893368736,12.06168472115159,2.9186962942077015,1
51.93028677380556,33.43871942217076,65.45945699617835,7.409555104850431,8.426683059159897,365.9941813954721,74.88979566078758,603.7896229872922,75.34547903684874,3.87204252634936,1
53.378530672791086,10.582037368546462,53.80822842877111,6.9124563399159475,11.940297299643724,183.9304143794868,92.63704487055297,547.107514149463,86.14464880421605,5.613563672451365,1
40.044820403467234,19.81020305488306,27.200164977013284,7.487823976463564,13.168660485060737,242.78062780563454,9.136931084943601,812.1496862330741,28.69046633115465,2.4406431261926453,1
50.10083857492557,28.838762060287234,51.9183040697899,6.875089811056662,7.115129389842806,413.02499611706946,41.40236084892053,884.864622001726,1.7741636589443812,3.1051743879142015,1
44.2107899454828,18.25570635320427,41.40777533929607,5.568726058433722,11.796182708631392,357.50477998112865,91.9409766872166,777.9381888260199,30.043467013167817,7.188601879205351,0
51.83997105780123,37.28760085161332,67.5330219893211,7.154019763293848,10.116159986306746,230.51019646049548,20.27874982548301,709.8016118765458,35.457772237531444,1.5394959700669548,1
49.569813543232264,29.016683854973255,65.4877523898107,6.069259823878638,6.896954001301591,365.72064010397145,93.37606837878418,534.6180507673026,69.4930028251062,5.8155677129367,1
50.52894892999449,12.157201519493368,74.63675044235632,6.392114451328882,11.212740851845798,406.1251691567866,52.719207108777844,753.4876990484992,5.282619907405523,5.611558405313865,1
48.12323675362143,37.27016766507109,20.889809745902472,6.124183831814165,10.875734424851782,336.994232381115,9.989308253755569,468.19450966325195,20.13762124833942,2.2479689966469536,1
38.54857538939414,38.732999745286676,68.54619300938276,6.0371082124193585,10.12513493920626,195.7987330004034,44.9877316755515,1092.0382071100735,81.45717275751757,4.217528267592233,0
45.900538377938766,12.331372551751764,76.30772318748012,6.362811407339571,13.411769636477263,100.09811620479722,32.62611954670662,437.5221216783675,14.933836850629064,2.368568301985761,1
54.69339479049016,25.970807045839447,67.358026946489,6.2575028968813475,10.168637568832132,421.13964279531257,28.22041605518083,704.5168493852437,69.33228867715084,2.8912548228410078,1
53.74776132994238,19.100928466425113,27.811667592222,6.766677163685179,13.9241209236017,429.05342212646576,54.14755756336837,480.1102952343748,33.51793740211683,4.8230770676688035,1
35.863474715940235,21.78517229444207,24.876746290453262,7.126302401975021,10.073830510784887,379.0418005577448,48.35926907518701,1019.9843995736626,60.639419342924754,5.298755598073597,1
38.296296314588744,15.389536538660256,21.25071438846205,6.0941773063744815,6.926816306410941,130.63237254704552,48.19671596200919,650.1895830623414,7.646185297269272,2.2038391906590906,1
37.63457546909124,27.342163060372375,57.72471354968426,5.927442305644035,9.763770008600243,334.08891500321846,8.814173110311529,490.48449012204384,26.790215057743904,3.982487447405078,0
49.51959819970591,38.73938059746672,57.780359111593235,6.833790541740685,7.45863010044057,428.4082685086429,80.23181810271366,825.1930390916111,39.2310763747048,5.205982969244147,1
51.355706597138905,25.092178008148274,79.21482285309273,6.840640131661563,10.777067881739418,255.86732804326627,48.14393153557952,1133.021605783632,78.149136347001,4.620287782108023,1
39.27022732621344,12.487437441834434,43.88259044624574,7.302262478572343,11.54505740154881,179.20029368810162,82.09058287018742,1126.9158968953627,51.71462718815059,4.582207218007836,0
45.11705385903658,28.600040004322253,39.91437709384981,5.531891372906622,9.74748222965675,335.05091889658826,82.45946415509503,599.7208329062319,5.070276376992027,5.539032048996692,1
51.814060560224,20.20668983353771,57.46549563106355,7.20608132423302,6.781623741465186,430.52265092035117,31.71353248480432,975.7277407681868,73.16799159935135,2.801809848547289,1
49.65603089532501,35.67775568773894,69.53652035045565,6.542004345896714,9.749131188668423,119.54798348282623,0.43463038076123617,424.22735427279304,5.906934005633431,0.4277750163141684,1
45.84474410983697,23.040344449494107,76.20643697138011,6.742604178344198,6.651633717875203,338.7804868642943,91.12456774581185,505.4814372027397,85.09299075927106,5.925516877960792,1
46.806953809175454,15.785188268267369,68.1874499707423,5.682742881122829,11.457007644052272,357.2695181357368,76.06946930862402,799.5778962510236,20.05457014363506,6.4321047587217155,1
45.167210938325596,15.733168680734348,45.600438836948285,6.365229865744091,12.3229457989207,340.9468157393119,10.72519568234711,583.0051475906816,44.91335301913493,2.6710108801688626,1
40.95096902637641,33.062925421634816,58.09485411872385,5.954604814477047,13.699042617816312,360.0134736948194,70.17270340031013,1038.6094831681103,7.5052871889678165,7.725139075292525,0
46.30043985718032,17.967627949220798,71.37795960296702,6.008450060165018,7.190416857027651,352.5501230416618,2.00232686688806,1144.857737642129,51.55411476679899,1.7542778379365298,1
48.777706041001814,33.017001824776685,49.43658129870437,6.508190229352055,10.259362684266433,152.1615539921396,2.7759069220698485,403.4666531862258,45.750583065563355,0.7218791972593522,1
52.46645831721615,16.176619322997983,33.001198622323564,7.124911900806225,10.54029894028335,193.97471077956612,52.58232395978425,586.3326636807839,37.92236813932087,2.30441752585545,1
47.72582707958496,19.650591061039282,30.183406384872377,6.987561860289713,13.379812270247838,347.5976021156041,9.603742923634663,751.6426768609819,4.201562533063578,2.6982263214005946,1
50.22243074086316,23.96460917319098,20.009464674683404,6.681999918171908,11.018213124772114,107.07726445470831,96.43365224849188,850.4634306819108,80.10427407863527,4.533076372897927,1
38.20143269909146,38.295875490803525,63.09427969887706,6.578836385506934,7.164077165162569,353.89780748929775,89.38312266502625,1132.7222220736808,73.23729389315763,7.646872799008098,0
44.2311494883958,37.95194274261474,26.66583253075943,6.35461208646898,9.490810591705515,366.1546495140128,64.98120312478848,1113.5067924122347,57.97270182960917,4.366232729573666,1
35.18663239654187,16.206156262668635,34.63034598175643,7.445419947122772,11.238100228050005,195.6699039446634,6.370897083831329,909.7360795743728,52.50069843705374,1.2345327731864852,0
39.93357729043246,20.746571237292184,37.8725798913676,6.620385108468467,11.602275456554379,339.25313190125587,32.483525780706515,605.9104112671076,63.545178823284814,4.655887951956021,0
49.52923430226009,14.48198165361317,53.6227916082061,6.007932796624444,12.904591988724588,313.6360242895058,37.17229979060439,1026.630247902689,13.95910143229305,3.94647953753682,1
54.83619902698727,25.299552379404915,43.87743663774616,5.960181584080079,7.444056958755177,204.27661926124551,48.08798358286997,562.1214170297854,84.93798216848356,1.4579017287924974,1
36.98356199174432,23.817476520839996,60.480439521389705,6.722706061550284,13.612337174043986,285.18960474990183,16.89028740064522,1172.1378592774533,26.620596235417683,4.597737263423222,0
43.02988631722577,37.02280487352198,23.338319559722162,6.545655054621857,6.473115296124738,463.8498117648726,57.75116427971959,404.6719325871984,60.08412451987021,4.9922462130301675,1
51.00141937398319,37.90016133373218,27.436351655866368,5.515395605909426,13.870097076551216,270.64111218395317,43.57706479092233,855.8164031263212,55.60801130277142,3.3182124435468547,1
39.080712692577976,21.507021730218764,49.952690211996,7.160130744391559,12.862136742931268,351.9376707518007,94.72969633928585,470.7177975373022,58.29525817440478,7.567438473694788,0
46.101698986045726,24.752138290569683,40.21788727080979,6.908244708464869,11.28218226209737,114.14032841627768,93.61952296252191,726.0796241456171,80.1056910773901,4.5738919661187305,1
49.661425920593494,36.88708747438399,37.74880176508158,6.8236585793562075,11.879964002115372,131.12004532883952,56.54739553399723,907.9468322483337,27.632008598555778,2.9870976660821187,1
47.31970900520358,34.201234232351844,24.021684742251363,5.637561315395318,6.5815360473503715,132.5232293213274,64.43493359905352,951.6787964735331,68.40533694273915,0.9461515463150363,1
38.76049469230832,10.109689340339479,73.74315048488009,6.224111700344983,6.331838903155619,411.2963054505782,13.779646777374243,1028.4555757391481,54.85519575452523,3.3213468906837926,0
42.107691373714786,19.601786925507476,61.50911516750305,7.370764521465572,6.814126372410924,240.10275792138108,22.332323884017157,874.662162211816,7.845429785917614,1.6960844023982307,0
50.675835689707945,22.653227258083778,27.297089409178962,7.225178482682727,6.698878517313102,191.04467534632533,90.07154042019096,601.0554810287956,38.27392127937777,2.978465156909929,1
46.08453028264033,16.891488510496952,23.902757464228436,6.071085875739067,10.37904986775548,398.92982738068906,69.9165922895735,1111.4025943478973,76.415641593917,5.560739319636799,1
35.104592270858255,15.987148476878161,78.49235200587458,5.814117768198278,7.723551896894313,167.98402502246978,18.943019728307753,1048.88593041095,29.38126500375273,1.5173961623630898,0
50.219815200561875,11.13353519787039,60.87035302637029,6.398175914337154,12.881645097653813,198.59701002811227,57.02103060732229,528.04185416548,44.40374949815884,3.972242468245331,1
35.70622709880478,29.301091752092816,45.047364265624495,6.211660757335322,9.565988984544578,272.3725773080083,93.4761250489449,1061.208947366279,44.97747113382939,6.337389077222557,0
49.914675654624645,17.87530871449497,62.10386244534709,6.864452753411982,11.5640838116662,232.5752276058453,34.51711061619036,1178.1156127283853,56.62088801252763,3.5639941708683387,1
39.04961120330475,11.570415352939392,65.37990718880954,7.432869620168639,11.222984743761279,334.1568844146577,18.582037551908527,909.7752934463341,80.5616073811165,5.0585365906927855,0
54.161469602387605,16.92937931584191,66.79773214332675,6.226002899965123,8.55882431143768,235.13624762993905,94.20252769090983,625.444178491115,16.61852789066408,4.501263001640508,1
42.35881502604169,34.057418585083795,48.67263833918346,5.624448345304484,7.945340588205832,257.18065434355674,46.126536029209916,885.2750650187314,46.4155194376113,2.9295485310187233,0
41.53863232676158,35.5446754493964,45.792965487490875,7.295228016684771,8.73965028237308,445.1546432997944,41.72419986627665,674.0280553186392,39.18405333588509,4.287009671847645,0
37.97776100664889,24.49198735579908,20.66168505613402,5.575899460479741,12.373266990798701,453.81257585120096,26.756719979275022,940.757176513845,27.632808109053673,4.944336654114603,1
41.112084309804295,22.482120112260585,75.59342690851028,7.4055317943066665,10.690214787356947,431.08447632536297,89.15852949471443,835.8399675646988,83.7647359258395,7.757356606872072,0
52.53301523656401,39.33561080505345,56.198472703336584,6.829158856018079,8.028309300153403,445.93237308185303,84.5616766889575,1143.592489671801,1.7353983166942568,6.051514049923604,1
54.926686752544946,16.016939787642098,32.189236231398084,7.3833784168838985,12.542771544483442,327.8914677356468,40.29903994367541,894.3268345606423,11.98943133673394,3.442855351706287,1
42.36619061013697,16.460778485638254,75.1762051652862,5.899319373297956,6.438075088882454,358.4932859005536,3.061327989707885,571.1853469817353,67.00100049244986,1.3070874733501858,0
43.972212619090854,18.756015311091993,74.89591410621779,5.5813995905076155,11.593466999922363,322.8692666219762,44.665143050613956,980.0878986735078,24.70974442182221,5.071405358714778,0
49.441418764054745,15.182719548432619,79.35104986196575,6.476419956552983,9.512806445994487,414.235233621168,18.08580165800533,640.7026542887055,66.0861334983019,2.806074973168765,1
52.723915609301486,21.380967946125597,72.44339378833874,6.40124682914025,11.850323088527105,320.40019430457767,14.273407014888118,617.9127623590434,75.90282496440065,2.830801578925683,1
46.860886683735686,37.325026809692616,79.86706326920388,6.162984546509765,13.419690241947414,144.43078582031222,39.30936118954236,713.4213004596028,23.915441515107716,3.7277260761488473,1
42.830513963556584,28.460435218857228,34.68117128739635,7.4153129487773946,12.00027278357523,423.83204818274396,9.907693734462718,409.5973432501405,18.27498590767218,3.3244699370036814,0
43.25243681697248,22.35839645836791,70.53497511195405,7.145167464322864,9.535722842491058,404.23406827101456,95.7464506931665,1175.3125281290243,14.0770569413042,7.488753793758551,0
48.91236292993614,38.032323837136445,69.38169852774587,6.823164042751187,7.207805452111046,428.1202381130501,4.75391817812818,825.8648890869586,19.007974979420162,1.912351545346639,1
35.064365272085574,11.453926974274669,33.856421553244026,5.825716583275655,12.45080780644347,176.17178535590475,40.136962739872715,1018.7951150983682,25.046685020547244,3.852123868070622,0
47.39178674919681,16.308285337055842,25.906252940059446,6.968646816437049,9.685644215370973,208.64682108598683,16.27027020316949,606.2817779023027,79.18748348864578,1.05207316500907,1
42.10986020882715,26.97665815305277,78.76523082065597,6.954024909399448,6.602498587657038,218.30067890541198,68.88113215287561,997.2945053069004,70.30039719271893,4.441646359708743,0
50.88394662554168,28.466578695795373,37.761473091236624,6.350136347232015,11.752443182214929,303.2322144742694,7.8811449214561735,853.7364018225082,1.1659885226417446,1.99515056176783,1
36.85981279646264,11.186725196878394,72.25350742806836,7.349571819428027,8.334815727332717,153.55083366538392,54.68055742086343,739.315339023602,79.6707227888288,3.51038350594391,0
46.76404533896781,22.091162737213963,20.247629280476232,5.833955764458021,6.391105836041482,254.15270130994693,77.31014952019376,1176.5353809571698,8.09310697317799,3.7517550953708527,1
44.619457797722475,29.47461894492618,21.261488433176133,6.034675124823329,13.222008119792623,172.86326443161184,95.00598350489707,795.0749713171247,59.973905579218545,6.593106819767574,1
47.84651051810455,30.942116392102047,47.952278521782105,5.6264486785012675,9.86480873675128,205.9050852130946,69.85275629694127,925.9668655117415,14.632729139514373,3.1927328179303984,1
36.297071889659364,29.14419707548808,34.322881036103816,7.090901916355175,8.247688425384172,382.55505382337094,9.949175763458351,412.2737531919038,6.604822945986059,2.8756397979286494,0
46.599675748562625,19.616896730827737,61.39047700615786,6.743518772190795,11.731092463079293,441.92446252691246,8.852054971414102,641.1641651989187,69.37936277690599,3.7093378006190427,1
46.22969175919047,12.805603707937285,53.93385953407726,6.129880611362499,13.087219021460509,109.16234663887354,73.15980485380659,1110.9532529280532,43.04828024702587,5.190902069130719,1
46.21320188832342,22.813373392580022,24.649147847029486,5.8276273271886305,6.002456600270044,326.35878534200015,21.532940500346864,1007.1672488928151,54.91562619800432,1.0174336189326667,1
47.06975333192909,13.862633121041664,29.757697778943026,5.580295540057481,11.50281748033723,114.42390482490686,44.72393086332488,829.4032289405197,39.281771691771304,2.0573483922329268,1
48.529358744527244,38.42870975562001,43.28295620350485,5.833491137251873,12.136093552147372,134.0996980046201,97.66211013513589,1120.1277656906282,7.0454676257057915,5.523683886376999,1
51.0997799936154,24.255125980678848,31.136243837325992,6.406569292675316,7.679419418235944,382.03361384564363,81.99067984038756,788.9764105660446,67.56563496582771,4.776890772712822,1
40.39641440256429,19.51777523070603,67.53334083463571,5.994353938021212,9.916990651281395,394.24324260084666,84.65933573002006,853.2056513502205,74.83160090519439,8.258952806838085,0
51.50098820360124,32.989122133567,44.964214133196805,6.017964354863933,6.7142871913434865,425.5922692691195,86.07699047280786,705.7222777580365,4.727848877983022,5.485911339090449,1
44.96511364526907,24.938457777467917,25.605912010549957,7.251152733335429,11.97399906012278,289.696604708122,61.95453401215579,896.0320293783074,34.814547728554544,5.1133335128133925,1
36.541165582686624,19.3010207203735,49.06057413632749,6.530275346922201,12.77964814850682,443.9229928064753,74.39339238624784,655.201224736699,51.158488336314406,8.30662745933096,0
36.17101858487958,34.35903227172405,25.45029086368485,6.95850394625683,6.865493258597285,166.73531665664973,35.896091463428725,708.3937420338857,55.46650804902256,1.7895592388681745,1
41.684766373921214,36.01456453003366,27.73623832518903,5.571421898056286,12.531682027462677,199.88656545400107,99.84462265728507,1173.061010565815,53.03376470271689,6.678599772656869,1
50.69793954222935,30.19024498866031,34.376589921692315,6.230326711356057,12.17256136387627,153.80085904078854,27.962216965464503,489.0469438396721,63.36465885119165,2.1187784637811466,1
49.15361869481831,11.40893267223002,71.57166231484939,6.458338694790884,8.775306562967177,419.0149042327506,59.00074033035195,484.2042761968328,88.01345821775706,4.805654677314043,1
50.77229929344813,26.989686404995965,75.47675193997831,5.87283371042037,11.522316239468665,191.47004735464756,28.206167832119334,434.6528155640126,36.152786901583994,2.5813019051900934,1
45.34538112883219,32.89884735991845,69.57546375992415,5.740383082891078,6.000384991154494,162.20449710331826,11.207105056007316,656.0356158082141,51.09612102600304,0.37218840351727633,1
43.80397995910981,14.095090362507465,40.04463304507084,7.240607556999685,13.45438123572799,349.2442750352225,56.75858148436767,718.5833939743394,63.91707665175991,5.6532382192108015,0
37.94905053412568,16.8601225415381,36.3467864665299,7.378863254199593,10.403065882466983,130.83281054426976,35.334867086613976,475.61251525563705,54.31814398700245,2.616388435084848,0
41.56385507218623,36.47485315204409,52.94934144741435,5.657613396090815,10.962710912495996,117.96011088806901,58.32192675233877,839.3047962934637,35.80759270082635,3.586001394322513,0
43.680387323477504,10.603651655592222,63.31118963198674,6.198037425084886,11.317275308312789,142.68705942098356,55.86784766649928,866.6412232438953,57.16713591548437,2.9538997520432737,0
36.772008593592346,32.58181413477928,79.6023672896105,7.416571256288948,10.490952137746934,100.09635359486704,54.22567291435616,1000.8213548906624,59.51003773961452,3.4604552541032416,0
39.41223905422422,24.213198775432687,27.894242712735572,5.66632346626493,12.854111100315706,378.796061688717,12.330112204652943,1180.7744932926412,53.64716277937031,4.190422332898257,1
46.964505881274775,23.403164765188208,22.957519941428266,6.7872827457574525,10.877614657212352,324.89412868579143,44.01807743503571,895.4817978339197,19.459959467713375,3.560209611013018,1
49.713262284783795,10.212895974846615,61.66135333971626,7.444442741934012,13.26207992992378,183.95004361508956,81.20039393987918,489.3206453447563,46.53832223371887,5.394768989861966,1
54.966950227858995,34.58194692899478,69.93354701023434,7.456447337162749,10.658652977872071,193.20197919103833,31.514349554463582,470.81939459662624,80.59211287846304,1.7408530519549212,1
53.66226662687116,20.794747019096995,70.7809267919854,6.4424466618074865,7.368979375844533,424.3874393880159,44.38315052920652,1022.0374909202969,79.17416902290192,3.432916908959829,1
47.851303990703826,26.222968939016287,60.70781294462964,5.825498215564761,13.308500446714422,300.7280463441202,49.3831590320268,920.2673028287414,68.570913249641,4.725768188061691,1
43.42496106588144,30.319020590069783,77.24094824715122,5.904168629954878,11.453019986878214,379.4113428326959,86.27313125917448,529.5315157652494,63.747596299350256,7.853735213435158,0
47.72354729416465,31.078887293137473,50.66028581267521,7.279202790248789,11.59391195548445,281.1021805099662,65.55997692260189,602.6879781468273,14.79512239844058,5.071737536416393,1
50.71303236160464,38.67940176478217,74.82888790017276,7.323366008659471,13.883854004572814,195.0872104083169,10.0202534837314,1000.1923098340146,42.35181980540043,3.3346628115783634,1
37.36672381846775,25.940198597098274,78.06872821949139,6.71575928774711,6.601572433676633,488.16112027316274,86.51709858050212,852.9246254445172,10.985617877274471,7.689567070594089,0
43.19809779392577,21.991586529232826,70.82944742018645,7.032352798939822,9.42874085676137,326.259025350159,83.20659754820899,868.0000500020312,74.55560046724177,7.264946685944322,0
51.79604571271234,38.61110879475124,38.58551379551724,6.979862502940817,7.912763143892922,152.39276150716495,75.36459805991754,568.0069370303277,27.1938885795776,2.283167949939506,1
42.67665903866088,29.263307050765633,31.772939070217717,6.823643195978214,11.043411717709258,262.4360168735627,46.60580183188377,903.2463853261693,70.01792778241845,4.193073118317306,0
46.43744542454373,18.944510688296667,52.88720389890911,7.154553909743878,12.454493469984575,231.7349647787603,75.75453834858068,1016.5028763258042,74.31210023580124,5.553613567072276,1
46.755387217243964,13.793927362107134,47.18088502281131,6.870813246080642,13.730485671139302,185.63498743540853,47.87420626427572,1108.2017803710776,81.32464876703867,4.01767549414276,1
38.689525062672786,35.27663504395544,72.66550053156398,6.568004611494999,9.636768855637762,473.3759956961038,73.66235343271629,989.3738598544394,68.84470706389871,7.908682266581121,0
42.24470883304577,20.865448083824546,26.001900264029224,5.973912725176314,12.289745845140834,452.367998183901,88.01101649725362,861.1005208072129,51.82561004566431,7.427634552487356,1
41.690225774838645,29.814091640932936,35.46440367869111,6.987776288237238,13.336412736323037,179.65884660804656,89.05415851305968,938.6074457974215,54.83664232540266,6.639232149117529,0
35.5239341706413,24.124492580976945,65.10793667112252,6.446875735676549,11.466603460287079,240.85915562220669,45.45785741874546,788.0891700111022,29.852404914035727,4.941642817903191,0
35.483835277827104,15.96789339385115,25.699198698638728,6.089583368015019,7.94186041959817,404.92615666832864,85.93426793520293,581.518594494098,16.929657225140076,6.837835866341246,1
51.63394087351547,28.050598258613952,39.24586484130201,7.1038925514835505,10.86283320886233,183.40241925608626,10.145738050771314,1105.7655782175484,12.757258434140212,0.9308623197673627,1
40.46141619945625,11.820492068520469,43.229323643238985,6.893427200706057,13.759616382537493,336.6259450416978,10.181941748678103,826.0981065339403,17.38211690050943,4.643822361788721,0
45.36157532477631,22.400273796135767,57.3556277937614,7.3746791262494,13.900430630892522,379.91757684992666,54.826694686748,875.4546489177881,85.05566986625627,6.610304733126454,1
40.97451147177546,26.39844818991013,29.487958743161876,5.830883280037756,11.138878589734226,361.58893028430657,65.1844618456269,1192.0871310025461,15.79899287806154,5.937562502379496,1
53.813584902306815,23.081409223557372,71.63626942098257,6.798378569272987,13.095902062975913,382.5634561102002,15.29937759784027,1188.0125426181123,66.13637004356949,3.337558779643869,1
40.18593517731547,32.460165257529724,46.852534127976455,5.988478936176352,7.602794910788822,382.67983561150515,47.2180044805993,869.0487879999498,17.61656889832522,3.972986438921603,0
43.5931362547787,34.83774863635937,75.02130271283339,7.307165970603283,7.968628839617734,485.92236793957136,9.436266781592305,427.16580961397295,88.77607931941964,2.918020935393823,0
52.45460500969204,33.13729222099534,48.072194818035896,5.698998828513231,13.623100903078878,238.59955580812783,60.20994855533104,716.9180304358747,33.992608192812774,3.704574170089995,1
51.838671335836175,11.164388434354063,36.502415536444005,6.812323612889754,7.081883003958463,451.4361697503358,85.50940367528479,1149.8346240407113,38.09227861261629,5.400841794582678,1
38.72202835692555,15.823863113379167,28.50972972126049,7.08217144305606,7.5288515047478315,108.72282500604271,73.76389760195238,630.6452739008073,37.406042090393846,2.8598306175916735,1
51.052866195914206,26.09822527791323,20.22470568267709,6.209835680729414,9.364388792960414,215.2811853293133,37.82915524292713,1199.4149481570528,74.48132656541877,2.176762034340614,1
44.16373773475785,38.044661213314036,51.929449099090135,7.4082761587676185,10.716674302026803,119.46231279965262,99.37937966371216,467.454021485242,20.646147226789857,5.018266109532863,0
44.65937744170711,35.04870325156351,26.429401815615407,7.201461369172074,10.830537751746174,360.4815839823361,66.29349764661367,854.4913448041498,75.79222623150663,5.206736405954627,1
37.66959944831888,35.276035250554045,43.5036658178707,6.089236599369807,8.335808069324514,140.31614829264782,81.5248434442479,812.3594881397554,60.1352968997873,4.464923566341277,0
36.612030275142494,19.096245812790247,55.356305674225204,5.515082185431997,13.364911183602786,438.2827454608185,66.96973872917327,604.28233069416,20.825215101723245,7.1157577152202265,0
49.5587861394753,22.883436912361077,36.541153814162016,6.0933143522361215,13.320799260862902,358.6366735161039,98.94162910871266,1158.8857045160798,6.886679125681962,7.928736676067265,1
44.92922304710599,24.12117841947812,30.513457541966915,6.0626209409414855,9.136544424418979,111.52616042144228,82.1359767217773,895.3369679978482,70.74932872950629,3.986369805708075,0
43.73701405230359,14.721147500497313,66.4832973565605,7.279929215001818,9.474334155442378,385.9109461738492,51.94232178954405,584.1826267557409,20.706674123456807,5.497964884362176,0
49.590164573047936,10.93204390733369,76.80747033689724,7.434242356509495,11.619976934591294,444.8139789027844,36.68795628375898,707.238558270669,81.01601467505469,5.286387827090493,1
50.3102579798222,38.4070869838155,26.02642507171796,5.640879971940521,11.303967171191207,364.44840306485975,68.21548291488423,976.9835415056501,12.680674962826519,4.397751693545292,1
38.17816335338707,17.2213775699052,29.33541946310047,6.442589657066634,9.058376119687699,112.20968637401288,59.022180880700894,638.1573701570509,56.4728108326752,2.9364617707716874,1
47.20450298955282,17.19846711170894,77.60075943516313,6.596663997059592,9.313954012168027,443.1678193841626,62.93505910275453,1103.6849616489449,63.29515543493601,6.495508425676177,1
37.707081645553714,12.501371613062787,22.267053308734777,5.685823322659407,8.784311547372312,392.985565173614,34.30117662837569,532.5391183660993,60.19321731014972,4.533241162960518,1
50.027501720580915,37.85523255831336,78.65794019302834,6.254995418275045,7.883080055626463,251.3805249935937,42.87284205705545,611.6040718918789,29.4426833046629,3.160506109351058,1
48.13910312534279,27.39211344819316,20.278668985099326,6.134164834785901,9.665106903393117,231.45210332620104,55.80965748906498,515.91889069288,79.79711708984215,3.439610595066937,1
54.13229242166916,30.011105713760617,72.42011933907989,6.572112708654174,11.491473055220323,291.928072562976,83.92834019218431,483.3430710075986,70.28247850738725,5.715464130817758,1
36.379160327128425,37.347306617891576,38.43951085926497,6.8223817994638765,11.935733642514343,446.84070037514834,76.29089177629031,640.2523387711415,46.91857074591527,8.488599024295516,0
36.14109442302509,20.368605067023687,76.31533149063779,6.906970220993133,12.230989186047701,200.82374074782302,11.865587050279036,1199.3429970683524,55.29637251446039,3.3681439152571384,0
40.643741493864,28.645219334142524,39.01671731813513,5.773510047226775,8.997856107624973,140.38552449648046,24.55542500193918,475.4635306093345,51.97341042526363,1.5230071345690848,0
40.23411367471812,11.163983641866624,59.25837929204336,7.125895403889243,12.11708795427979,445.85454918441997,2.6657724933027427,570.4017534778307,86.20287196108826,4.00097937315946,0
39.939575981439994,15.60317584693388,24.8019541859562,6.857084059581518,6.052130525535002,110.51593955228918,0.7960567965591414,617.2934392624016,81.67719131013604,0.1,1
53.12509161042073,34.937374152698276,34.53978868722434,7.278149833493439,9.816399501735058,464.3988088976258,22.437546928024176,895.303747577763,22.194755664046305,3.222580358700997,1
39.99092399699012,33.003050690150076,66.42076078875505,6.398672118870868,12.351235201061527,222.2980777205603,79.93209480093296,996.276557126282,24.64837999435406,6.020628257569526,0
40.43899452257262,20.519280743714404,51.72115122072918,7.287779525444384,11.040357765130826,303.2890806753071,90.47476581743871,1001.5469398832365,89.32942649191891,7.521440992359861,0
50.187965248359276,21.304318833226375,75.67814370722269,7.231548244712151,9.792504993236061,152.9182099008912,39.17683658985981,406.90878555106497,22.290463175758184,3.437135830002986,1
43.9947968490108,26.006633006607384,45.72508450048126,6.376818664718539,11.157136052850793,460.9019877506741,56.31985966066786,921.4803670395722,86.81313920343356,6.126114696846195,0
50.534211139103625,10.007230140554036,72.18874194883539,6.262286630585957,13.255568025189312,399.9344893537619,70.60526019553808,904.5895034936824,59.47783345870706,6.914505586691504,1
36.307323151287704,17.237330081140836,46.93732624869425,7.365624029940514,10.531054404881658,469.6622346432137,95.29366992517265,814.1237455119017,5.509849513696081,9.176214786863772,0
44.75142387346769,16.246954258246433,78.75489672211911,6.9303294690768755,12.398289531680849,373.29162044726496,91.29322372974316,703.3668491230073,31.215447951475028,8.188655549779568,0
35.672272003665654,17.514488402492905,77.5900628839326,7.356490692876151,13.84594180180158,173.87751069693044,5.719230338137993,1037.955357968984,43.85386647216024,3.3851056988802806,0
36.25306406910709,34.17717527600324,39.748202333364816,7.0939495577916265,11.644545616604534,223.3068011944997,24.81658432092808,675.1046363466818,75.97836023054066,4.341814538388242,0
53.12874906688822,18.390215696393295,73.15542022500819,6.718594878582829,10.58660611111251,294.73943004138937,4.9144543955177085,584.009817685281,30.572687194781647,1.1434074712566664,1
37.78490742235191,15.745639661504445,70.85668245293895,5.7317055540075295,6.299887577002722,342.90328214408277,61.65424209890513,648.0761396540904,28.952048091209182,4.5759187539592245,0
45.64841364550434,25.127903823790945,32.64082383965377,6.082961345158197,8.9958231860367,470.58377493450945,71.0493316472639,751.7183336985327,83.82369331257976,6.104251019249951,1
43.22191205201413,35.96935109118196,57.45742404699618,7.437684814196783,10.523541868120947,253.58058631565558,30.828341235651145,571.2459104021916,8.113091086105614,2.275466884446355,0
41.94686652517685,17.240491115124996,24.36093893538889,6.1388441974284085,12.377652573648259,381.22880876285836,85.38519081332146,886.0569969643892,50.63690932434958,6.9578354160661835,1
52.99666691374545,12.35608728378396,70.2026432350077,5.686509739570742,9.50483831718061,484.40353956432875,45.28127504114977,1107.3673620095165,46.3815342863293,4.497301791799667,1
35.43646793550979,20.69214207548994,30.472753010209793,6.915106711838639,13.680466206118187,160.9496253661812,99.83815150970126,876.36809932966,6.160128420025934,7.722786261095024,0
48.27579372351178,32.429554736949335,24.248882083145872,6.968008509087369,8.1743500209894,445.08383551181925,0.039969258932492924,757.334645981905,8.898329846737955,1.7847946853570118,1
54.26788868427101,26.520716340843837,44.01314573232867,6.070915440574302,11.95653756168253,268.28242815727947,10.948970841855665,1037.495012979923,35.37706896802042,0.6779873779477406,1
46.203363669236836,34.50380108723043,54.61532831597861,6.095343958692608,9.35225133667302,392.9687103717347,30.179324293534037,998.430898299623,13.074509741030289,3.381471806552404,1
53.73644924066184,38.787764428277015,71.29501751358626,6.4377859710175676,9.887907956527247,217.41533549483347,2.5507597953713157,693.6464972245569,44.026471400307024,0.5093533303529317,1
36.045157585720474,33.77987430254851,78.45455153130419,5.543577899524511,12.420016270923522,233.59368730640062,78.23394577382507,883.3227765322895,55.79999968664614,6.884527951860637,0
43.37586638148323,28.1140923653126,46.36955075419182,7.078646020722327,8.369722093213644,110.85328994722646,5.277178787128722,983.8742882543929,63.22570160526791,0.1,0
40.203155819241026,24.800247641571417,23.626815379116213,6.134177574548251,6.774496452761145,488.56166126678386,74.89796332938272,596.3706064155529,50.18230593286881,6.1808738763499305,1
49.61641929961459,11.202072590448001,64.94693474155224,7.207526204003955,10.162044676907417,425.3810300923138,5.256845878954941,693.0191032673519,35.16940143039812,2.3509440659742187,1
54.62594180994493,39.529659364421235,53.910395373436245,7.1052608432000675,10.23035689442999,137.5671831704882,25.27272646530456,484.6208564399764,12.6782763944172,1.0405751298341905,1
40.13060124888496,21.504433677251278,46.87348069066779,6.822804066237566,12.37734217780299,499.8035182655098,84.12768156585297,1190.1442226454667,23.273687332636978,8.679595211647852,0
48.08349202948149,14.566846417506003,38.55613272753138,6.149749734198577,13.746553649856814,342.00983888117656,95.10952942377241,468.7021203385086,38.74795093142682,6.9166320263916505,1
38.9619526551948,30.0012656618937,50.14391167061214,6.53263312332234,6.442405490626787,441.49145518575324,41.45263426605123,534.884900098862,84.17030350620705,5.321790059580963,0
46.306605091432196,18.52864867286378,40.320776267421856,6.389658515195918,10.733515789944871,126.66430531114759,96.99389643125514,783.8655597313118,19.234052307495556,5.912511591980097,1
44.27864973376673,27.57334812793143,65.42071206484161,6.177763772497348,11.4502282425184,255.78047139676949,62.688092375854254,1092.2174668356315,38.20098078393898,5.480320674496112,0
54.44010659263074,27.603037235337737,52.63362178955846,7.196272578606356,13.886410805988174,367.86044892144395,41.58351224329314,684.7056183583676,66.90779716366487,4.328904826135569,1
47.170545453929336,23.371894627086075,72.61086644924671,6.467014149155331,13.540721714215293,142.5734874798806,80.2801343967917,1014.8769180250767,64.46830168017051,5.4073345854254935,1
41.99012744173638,35.08355846635128,52.612634878966524,7.165446195594293,11.69960611769582,295.56113546160026,29.532852014020115,940.8272586529889,87.90333350265487,4.407087060247316,0
37.28191569775867,17.94901184666329,34.2957448003958,5.710436948283649,10.174315289955727,277.07114981765665,26.57962613602184,910.931261727743,18.181116701170694,3.5721066602145024,0
38.02493657469869,23.458977748532025,71.06551293392867,5.782049577200672,7.29219137839409,186.4160897894319,65.65476769110742,1076.0138007734722,2.4867650439965665,3.8145679336915825,0
39.5063385990247,26.130763857729143,53.43314269580264,7.454640610225954,9.07341244163534,220.10793434072087,39.0487361968095,411.33623170290053,30.009093488848247,2.7326263391170413,0
40.01933322680596,29.90874162301899,32.41046228861367,6.675536925212179,10.680978600457234,486.84734179799295,13.591802694497957,1143.3224308483134,14.472335123444443,4.565630141819456,0
52.01232115682276,33.51915551516768,57.410468597373324,6.519539346998098,11.801603172766029,215.4593944039744,6.696423528990881,1063.3809442690344,50.36221471451556,0.9484629926017059,1
46.2244557656505,21.844218486347682,41.46300589654565,6.546312126288223,11.083196459832898,185.3704535873644,78.78425762484773,1150.2937757214618,81.89011497252102,4.617950714238227,1
45.46781822748733,29.38140832289788,70.66433673752394,5.93053754806572,11.71298241462193,314.4836684273334,67.59107318023446,1034.8703070853499,62.94041496752885,5.470808584365258,1
37.295377437384346,14.518328592055575,47.19798431879257,6.937407899003946,9.433220036415182,368.38321362811917,41.17982246066033,1102.8731259634178,13.22189707151124,4.327573831300792,0
52.2027938669887,37.97944301627436,63.586481486445,5.669561247459509,11.821018324568072,390.03724442782595,89.62276351710567,562.4624385595833,11.448102195593869,6.423940248309246,1
49.456286064169674,21.491764192630107,25.73217245817423,6.646647426206046,7.149930048157754,401.6988737987665,41.08567524425995,655.3832535016404,83.03048319478845,3.3615469739467216,1
36.35336723800003,31.885642659293154,43.76146077814077,6.641537593171803,7.3006904941049084,114.73299660590123,71.02954714653835,652.1768107765847,44.88485949031603,2.951398933412325,0
49.15670194459537,10.61023245646533,78.99448618834393,7.3283768482670215,7.3026571666357025,257.5041601518253,90.91152752072928,487.3333967024454,84.13056927903676,5.263180052405094,1
45.87076434685292,16.15561428714421,68.5076173686289,6.552365620209721,13.126919656286208,409.5832319132361,84.07154587084435,983.6634042276726,67.25959439887147,8.304185814721492,1
36.634506914935564,24.61247632970734,29.596448142015717,5.774125391948359,6.608272506469076,461.94084072005177,51.1104776339579,508.93671414965826,90.40136145718608,5.283245208762434,1
44.16601283057313,36.347574031970396,36.6658429686353,6.645506518496325,12.412066981867806,340.88004933311333,68.06363924467327,442.0073328632485,79.4104968394876,6.226329262091392,0
44.69392574260094,25.817654498520312,39.78894853138166,5.682655288730665,7.868567184373897,120.92274140387427,41.3665776727369,1020.3574960440511,38.279097303562466,1.124575348579814,0
38.31549080326552,37.89611446881637,59.02193362972674,5.907587670599844,9.747439523962004,258.6583223420525,64.7197172294114,1123.7305357855435,69.24050447964314,4.874512862243565,0
53.913962940005646,24.513906897483892,65.41968556937934,5.562217168374833,13.327652763725425,129.69084634738186,25.755243834539588,1011.2986783721066,43.41053505879505,2.2668966301528255,1
51.99950742961324,24.7134729020785,64.97159652847458,6.526587164918997,10.687497837500054,399.4151450738338,43.47421137695533,1060.2817702655811,21.976506378920313,4.909942727964768,1
48.380446746582166,13.592403655015957,50.59244337838417,5.669065230587145,7.680941489858869,125.40218771266609,20.954573760183905,876.4973422646169,22.692633288072354,0.1,1
44.24591122001215,34.07968732456659,68.64923227028908,6.4387887570626585,8.272720482550458,174.2924266940709,3.8184952679548023,1110.1970703318025,36.75899300156322,1.43932408573467,0
43.23531083169017,17.408962374011875,46.2246849654485,7.365890070648288,13.363572991166286,266.78336958590967,58.85398505753723,797.3627858862841,11.031960341095784,5.031116580126776,0
48.01946934301908,36.988374681169454,27.432833917733713,6.939522826038664,9.417151400879828,285.05934684594877,86.44293453507976,1190.658094789972,16.99896563997795,4.954244320071963,1
45.90863738813811,37.324726609911885,53.866510499228795,5.654823348450586,10.695883864054316,262.5926801260049,2.557827462319151,482.7320342155591,46.05478153480891,1.1990342644640344,1
36.245462117637715,38.29930335622449,77.13808307606641,5.948419624417687,9.67945757300311,285.3586586424,19.60297407292959,1047.344565361107,86.85302296256255,4.076201458853126,0
45.25005297540663,25.6069146730927,67.57961908355068,6.847324839786868,9.027504704387596,385.29566080807996,46.018505927042,913.1115328090202,52.99177078155026,4.247370983274993,1
51.128072344656786,30.312813543509332,54.72203886153454,7.289403722048368,7.786233015459215,247.7075291822166,66.58968168422533,864.5168545769561,37.764707426922016,3.084651560014516,1
44.18479755193916,33.355476401849906,58.808339620945816,5.565837173527908,11.489532003876818,319.1001836602477,17.122919366988643,980.6484246888971,22.843028788237156,2.819135771157856,0
36.03913155108537,13.930438559513968,75.83372162213436,7.124902263441188,11.745936210176964,221.3477030114929,5.669482897062428,1072.233224639079,18.631117423579656,3.3102027584427187,0
50.72556398768066,28.028715849924918,45.700567666097626,6.623627760676618,8.199080732859196,241.45099803619306,51.90487177268892,1090.3072534724079,60.256632644100605,2.960460826117844,1
39.02727564271949,11.02893703909935,39.88364833655824,6.592182650592785,12.312086744438643,345.51958361683234,81.87097130573088,540.304770355188,77.34927856794928,6.848104871169782,0
40.172416697760774,24.926982501661776,78.63449390002694,7.415626365506716,12.836281602413436,296.197860654808,3.523490931277129,557.6287438023754,36.89703337952472,3.697492632409826,0
38.29412706864592,14.645280448606822,71.80658801062,6.995289225193546,13.365400769917043,389.21451794371245,34.93694503590259,412.9332076108777,50.55931417359545,5.49089637522546,0
41.60430129742995,15.48768777886254,39.38261507711614,7.200237736112224,7.2896993113469595,324.2154352206999,66.35147427933352,505.4739662338182,64.6054085124135,5.471296878599059,0
50.1350301137727,20.951427000778047,47.82683584165537,6.207991139089334,8.431389468906131,421.42963415354916,13.0742006102467,611.1059942799398,6.246601755001823,2.095856684773022,1
45.387717190078746,22.97311500149509,44.90468774046794,6.608728081656819,12.882826780029564,277.3632851978866,23.594677689275677,976.8286580402263,32.58073426925651,4.093076527513291,1
39.097625483014255,28.695172735965617,28.945740720286036,6.7308113548555415,7.588321622623152,296.41344794672057,53.5492643786266,780.614007202008,66.6777600785898,3.97959707425148,1
52.556601563040815,12.232852553155471,77.46915942879554,6.14316788072493,6.027747673947963,367.98853956037584,95.3231696364218,1006.3228284672139,62.615712386734465,5.754595823632365,1
52.591637099030585,25.11075283712334,44.25874587318553,6.640496249894799,12.966618482013075,188.49757776481954,28.734261824375608,789.2286782559125,5.801295197448223,1.8074053776313823,1
52.41156850092014,15.478753907593035,72.51974495827449,5.973310758959427,8.611595534010956,254.37181477250434,48.752742122071034,844.4779623279746,22.403664853606447,3.423704142580882,1
39.77592422763078,27.21925525095226,31.361373660839902,5.786751342136479,9.3159802011116,349.93649760468315,39.993086306441825,488.85326927486597,62.19614930005011,3.9112746439721957,0
44.02478688361976,29.122138367835504,52.87224863823319,6.247940518554666,9.570672205765103,111.55050770629455,89.739667203008,1021.2466277408259,25.42744381203141,5.014595471552502,0
54.6997931228175,26.701277696585617,21.437683107456188,6.978579257492874,12.786196805337827,274.78857345357665,7.188986403111564,1006.5012257596438,74.29692645436488,1.0677445090839155,1
50.44024952619981,32.14886531434923,65.85322903053851,7.332374296147775,8.703137156747683,339.53997452244676,56.61475913407643,646.0492733444956,3.6554373279243415,4.079872911282913,1
35.543348424511194,20.06827732722704,54.854833894776704,6.415428102996465,13.138239086851854,486.9502127912791,84.6119699189944,662.8624622403215,18.131232636410054,9.124562014162272,0
36.30409182520984,32.95319774899393,57.53537500818516,6.785647376550863,10.935513104384384,450.8066246470685,98.81175770625917,575.7451604585084,26.318168204550233,9.128723904756749,0
44.27862753624666,22.98301245124581,23.103252953279206,5.706074261950201,10.218293792269474,212.29678117706325,69.87254975218073,1051.0717408289222,84.27608513290795,3.684784706962729,1
53.1844041172312,24.525534949677905,32.66229981251692,7.3089275171046575,8.6049160570197,302.8840416115699,37.99354756665245,997.6054415694243,72.66870607335991,1.4817807554279239,1
45.77403595905429,29.443063817832144,24.45985234121481,6.637208427139869,7.949693570249487,122.56574906403652,41.18243525339439,887.3181905474022,80.57305778763859,1.3350079334532468,1
44.956250160685805,10.55075151997672,37.33485894822871,7.0606764952503145,10.99246754221879,196.30176592712286,35.16822197427639,591.057682503758,40.64312324595587,2.7789928819765333,0
37.10947399913261,29.61982664260745,57.64634046092906,7.088882401842787,9.575153280452609,409.94234722723604,60.361309980695346,537.4826660909954,75.0305882148778,6.443074474237289,0
48.13560209448588,28.55755447216346,53.97115905904251,6.012961052736212,13.28412807945605,149.32560491013783,73.9405770718251,440.2150809396905,77.81442146620738,4.848085217391307,1
51.44206321200451,19.295413502598397,56.72898929680342,6.558348906363699,9.933109728912399,203.07620993358265,81.9467563588931,436.4891854228156,36.99611414874997,4.868633955155931,1
42.60840015015125,12.573828546984684,52.95507628267366,7.420959503121955,10.094359333609528,477.61700069432317,41.659310968317186,549.7089118466616,90.50156629698274,5.3910732191215605,0
50.51223701850655,12.728063497391235,36.38172774055156,5.6792690896416556,9.333786249088007,429.5423201969832,71.67085022590392,480.4260258585777,77.61147662942822,5.134825947626156,1
54.289533078016234,37.69671240955685,34.67044984066551,6.866099796059126,12.31410397593028,412.7310850595648,91.62225920297765,844.8861383379544,88.66872718703098,6.741674134371087,1
39.07532918255378,30.678379636775112,28.223581012194877,7.424528156070344,9.398713584874162,445.82299612086274,92.08247944507053,686.4721022355816,78.98473977806489,7.776498135519992,1
45.466592623894826,13.813078413122213,70.94425249420952,6.1011542161080445,8.154735997998038,399.84227463294155,70.40290027146425,755.956625734517,70.85832762300471,5.23557012488356,1
40.74275916169151,20.70169507926719,56.98876151247467,7.222895842808696,12.896246994348079,148.234486447294,63.69021928125361,875.2537468697518,85.94594861180911,4.784014261712502,0
50.857088380676785,27.774489817047893,31.190660750243588,7.367315090816543,10.774625770921922,306.62453059409256,53.152607552500676,927.2813962828109,38.78373201261311,3.6165484894947073,1
46.55186731762315,35.06715115271946,30.63256278927437,6.99417241878965,10.732081758152013,277.6975683209288,18.319766818212855,918.5613759060624,71.50000901471763,1.2762037783106908,1
47.69164835100607,11.309827861390255,72.3821360915682,5.962656624613917,10.886577657311413,224.46063130815202,12.362965260541847,608.685269456666,20.16020853244986,2.7809050513864833,1
50.95828319231788,17.098993944100265,64.56385182579916,6.168001437653188,11.750717985645334,433.61616388784216,48.57110067893803,1047.7016162368823,66.95144692489693,5.579558114716269,1
42.919409453249095,36.692469708861395,59.56394479432228,5.571618588835461,8.504543914500534,285.6556809496935,15.944415620745932,1134.167735935384,71.68179547471536,2.547427530176141,0
53.301801368140865,10.274966505514495,44.41184645235799,7.162906468490711,6.270754966664023,124.11904054301988,57.6999925669336,652.7506777785562,65.48719688952308,1.5456629399552055,1
45.6605773449228,16.04197308381662,35.71853385671105,7.19922237302216,12.484745287016077,209.9862334881073,64.57027303012181,413.65233325285436,77.48317588214455,4.658755326101962,1
38.15909645670696,38.77072527918898,78.76704578676942,6.765420619932385,7.031240431053099,191.44842321177805,52.56155975200407,1119.323349318804,38.200190216464506,2.779461609986832,0
48.91798236337605,28.402055395665133,67.83437450136802,6.205055702527702,11.774557897684353,454.9915539245134,3.6426712512613646,1138.8389863627808,50.02913188679423,3.745697579083193,1
50.86522700876509,17.850140999125195,38.106753388176585,5.6536220552798415,6.65852238629863,358.97524025559994,5.772795880233216,440.75715233042683,1.9600669625743896,0.5163652832372916,1
41.33523354135053,12.009732831875429,70.85388777670968,7.006115219829819,9.002462736227937,324.15050635283,11.334118468148546,403.9652734873698,14.14478467054216,2.3477122087969784,0
52.14358513997506,10.845740213416665,65.5359169168809,6.953052387219846,6.504208558652306,302.65969667148204,15.364580498833902,1053.1238263941937,58.977453306503946,0.11576606826302316,1
53.122865095315326,17.342352389107816,37.8248329926799,7.325205043477802,10.177709437021797,360.0452110165862,98.98826137693332,641.1706835864852,51.60854796805405,6.145529868069735,1
40.53808974755618,36.44457458766732,45.59317125449838,6.961064042010724,11.2250861822526,401.9502187108499,34.449501686312246,1131.6657338367909,18.759926218726363,4.308529949398212,0
54.67042945430444,22.477409628925287,31.1572067234616,7.157389884488004,7.3714651294255065,321.75388233260395,29.197337364128618,573.3948586156373,22.91183147442534,2.1034523169730934,1
37.81423056097517,31.61000107497979,26.66314666268656,6.991909235807999,8.973020947507216,475.3141660610442,5.226663566422907,1088.9236929012695,31.967398173111224,3.393206691220456,1
39.0403133680498,37.54855106139873,63.365721970381806,6.761374376624633,13.441915928344429,490.7336682601538,63.532039068559655,454.9154157800293,65.47732416491583,9.043397851055337,0
38.684496784760526,22.2412138480845,36.050711441231996,6.353932788382019,9.539112936859654,498.1369266435292,65.21907851312807,608.5094778511789,55.874494239697086,6.90289586408602,0
52.879794200157406,15.73832113112191,69.20356194477522,7.304234617284555,12.420348551812452,367.7564440354579,17.544868957866466,1178.5031033165128,7.261413775776083,3.615143489946349,1
48.085851046499236,25.513537925707585,79.73652269086557,6.801937143814939,13.417477960481673,473.04818670235136,91.92415409246131,584.9573234650259,69.39452341111246,9.067645329261156,1
38.04208566444546,37.24251061179564,24.597188835778923,6.296710643931818,13.794766599818292,261.79187812318185,80.04935465951273,506.4103872600329,24.639360671982658,7.324109735331357,1
43.80646836736698,34.131232424131014,48.38210750502202,5.666938590363914,13.186576157530954,443.8369564989541,23.031931680750805,1085.6437219783961,61.458371056397816,3.8095637410664844,0
47.305960501396044,11.974895300894614,68.12375355864819,6.081409711808764,8.539242633271753,463.66971949587236,48.58497309165374,494.24063340918326,12.102656019539541,5.567036999413643,1
36.66928169978767,30.777184002327456,67.33705379247401,6.587453469660329,13.700583089289545,461.65618893291025,45.83908561988499,477.96488686360277,90.81291490472513,8.06584697075205,0
52.648327368146774,27.15692567376861,65.59982949985812,6.051270740032389,12.499161933968375,432.3385131633526,34.85204443423208,658.7401073516287,8.23016536189427,4.696782301366105,1
51.07207070883071,37.22389529039276,40.939696118114654,5.942470695835804,12.697404669115901,262.63966465650014,81.76347128256131,908.2628052775676,67.75606255608956,5.226752539179564,1
45.104135471532764,13.674442505508917,47.23119534110314,6.554787028175694,6.121383873374678,163.56299279229376,10.926448562115098,968.5970990229565,49.719732332778584,0.1,1
54.34253230518341,26.021083396139698,55.698101440488216,5.83964069179147,13.63391090654635,233.58254253777835,41.53142398277927,1104.9910270619166,8.734527215572447,3.526317439783253,1
43.35521958550199,36.38388080535677,78.43643501439543,7.100820126650207,12.224721790789925,406.9154277192372,42.8031130549217,832.7292207672849,3.4129411795679956,6.6027119724775485,0
54.68220638072995,22.30071360225229,39.65283625630957,6.468736302685316,12.1437399720632,193.1542045319901,46.87256046141797,714.7342294087803,33.63991457650108,2.5740932854528773,1
48.35839997607254,24.459847531986014,75.38863326301146,6.6477255479253,6.65219784742869,291.30882593038893,86.13499910986286,687.0670094675721,73.20015388064296,4.380066265275782,1
47.69342546507883,12.11382033000875,36.16141509082965,5.794766535194697,7.86054832858665,326.1598071938688,21.816687020150127,1077.5221827819792,4.703611625325324,2.901836822163042,1
38.3190979059157,18.344309213467326,79.34446792842228,6.149152671258735,13.698093321103194,341.5434249751501,10.292317351227275,979.0522475861324,64.39587969952487,5.271734449556609,0
52.63855516609288,19.73519947506842,60.2158212096555,6.320179366522305,10.00541659844381,474.29021935151945,61.7808462821108,1124.3432109801115,59.98386486378148,5.53993383227482,1
43.54979375841231,38.353673462346606,47.810688821513054,7.116425661033006,9.182864145898048,364.597208165727,17.383447497804717,1171.2283645852913,24.898390909549047,3.4282542135565173,0
38.24466811564959,18.48002081623477,56.80342568381629,7.040319046172305,12.719526537175309,414.5195264309209,7.493208585461975,640.040668867046,7.974283216140124,5.0149637318058256,0
35.25215039951518,23.826062058089562,36.35187014241241,5.945954949575363,6.698723312911555,332.75133915665333,42.66492205710535,823.7392949606716,83.37897644986558,3.975814834501322,0
46.19511367276765,30.139132706928393,36.450431450688,6.732358163214015,9.335536130168475,433.4321275447853,21.964643085814096,905.4566458918664,28.031482246305156,3.12114234783227,1
45.54799244245353,14.865501172236321,26.81327263060963,5.986912715543995,9.005606195376668,205.46544522790515,36.121661886798364,531.0791574211661,11.024490860808502,2.210072340407166,1
49.387072447383176,24.593271614256235,26.843017862323926,7.476494311380491,8.798811096243142,183.9510686675157,25.971108010245747,442.6776271399878,62.33653705248244,1.064492647389626,1
52.80516106035604,32.15617118427723,40.86030448813468,7.404247756261741,8.461537949224585,470.52801950318786,9.263646272341575,1094.2111312922507,20.50131059124652,0.9903975938607539,1
36.58813169286059,36.00565639081198,65.7713286737823,6.6265294410412405,7.680599654320624,377.39235054295136,56.03472029242016,828.4188086042985,43.806768000636694,5.8306508899158285,0
49.62992980680725,28.7877782398728,56.47827005588975,6.897805143788286,7.3832864239241776,368.6102308232885,2.701841803948568,856.6193730880314,5.536498981242975,1.4157175638926516,1
38.74823888195164,30.071605459508437,26.15507361986125,7.10286076441729,11.123248935357392,286.91809545137994,96.63753479943995,843.9314763423638,90.36855540172944,6.944081716898106,1
52.16354106314328,13.78850417753707,71.13419149855466,6.941996840089808,13.355158729669427,250.6789037174042,34.13305217349662,1003.9685638661523,41.28590140979431,3.7270545691848427,1
51.38127027723312,38.37329491739041,56.08205761940398,6.8996573821648415,10.070813161999052,322.2764777914555,69.51575104898038,516.4015557456346,90.91989831785808,5.451965294639674,1
45.81587509971089,13.97722232453447,77.65133460708678,7.417108015899056,8.383796418773155,148.22653976866684,81.03628725474499,891.238752617226,35.71073892406597,4.159992314201068,1
49.204855972466234,33.24018811545395,60.21112804467245,6.692912212614567,7.273281581777811,281.8850244332431,27.910479553955515,775.5836092621041,32.30673003479975,2.01847678039212,1
41.287002263674964,17.944489653349564,30.51049182225086,6.772605343638111,12.641146920420754,282.14708178619236,74.87387091100682,1117.5665276061795,83.31150954403661,6.296253873263801,0
44.42335797865629,38.00779431103754,48.427001738469336,7.198537500876363,13.77193645178571,315.33460517770607,83.24208554247096,815.6967503170603,30.65192684600393,6.904262776894075,0
51.43273795420943,31.598786181084385,58.90985585283225,6.839781735716814,8.793243211742816,353.8742457468809,24.13172338116135,1154.3479792593325,39.88049925846437,1.8475849239576783,1
44.18530394346428,32.61441138935107,21.695882062998663,6.9658652440350455,8.327603404417031,482.9273463941449,99.24946768960727,682.6023953439253,8.029939304274176,7.213692823699122,1
42.15596530650883,16.571775191796497,20.894615849288474,5.968337372393285,10.81194362379953,360.86765083670275,2.0688682842089356,1173.5157651119926,86.99161492319281,2.2831603692611844,1
44.884248945006,23.291199299054824,27.764180035914073,6.242533848230142,12.202631847627405,453.4900607813646,21.700048023554107,1100.1263584734143,8.663611676581198,4.1292555313418715,1
51.56498504874437,28.53439583767859,35.09986610272824,5.794602691423786,9.643222428397316,322.5215445876655,78.00207562769928,867.4106317882838,70.40664401817918,4.499885571232853,1
41.704160947417456,33.09920854619803,45.77294741124054,6.511530884669611,11.040585198887594,350.7711530509959,19.413102505575285,682.9679466552196,49.475385443005926,2.238342200681279,0
38.47523186271488,13.118781277371687,49.246428425587304,6.411454801360493,11.732392544186336,127.93478124382784,69.82598633062065,700.7386859620478,6.5264629642781244,5.731831137325128,0
49.24028040661561,38.87095949363585,28.281656536273807,7.494325628558913,13.684738302849434,153.30548915376625,85.55304049829037,1018.2016691666333,1.153344523695056,5.2044747927142385,1
51.51956425416164,36.706620116636685,60.403494746949846,6.722417305631085,7.320298644160667,331.86817407901583,95.92142726342601,864.5050809352356,85.19982746744164,4.92309557551766,1
37.01274957047067,18.11045771486753,55.768283701792086,7.072889646388846,13.979059950602956,258.2851479832117,47.42475154002695,721.2700683754567,67.79560638119895,5.421149017328498,0
39.797482255118894,34.68280729096996,37.66784593046961,6.168029341515308,9.13725324192983,419.5242079462007,97.11091229821174,908.8439691297315,62.77926191854734,8.284799295435093,0
37.839439795219874,25.5497176911947,20.819593006117522,7.163090662685593,11.78560114181243,317.2711499496704,41.16222966816786,986.5867183207555,40.470087753929974,3.855438236146577,1
41.95882823164333,23.85419444686056,24.658874921197445,6.730169932975366,10.579315023783977,452.91641558053516,21.812803967438576,418.32041004677274,22.47524080398797,4.3092050835414035,1
44.007019578108256,19.43302317434216,43.50168653065036,6.893984663196877,9.893348936070721,488.9326713849165,51.39218530847253,471.8902408940081,62.18767672575166,5.475406392987696,0
49.97652673926613,27.429057598947775,29.238461069941035,6.088861555898909,11.584602949852691,159.054074048594,64.98232443114927,475.5883523256633,55.74709617553893,3.5835480026662676,1
48.02295169763348,31.896673531107933,42.60917636887825,6.5972767833911545,9.16603080178876,257.9311006622506,45.79633160499438,585.5470442106678,66.37079753635028,3.129393604581524,1
47.41857134956862,22.327987148882748,57.69095627062131,6.768073946827217,7.008879850694451,365.99241009521234,56.69724439667916,741.5923513818511,33.921326665023585,4.001774558207401,1
42.047498932193086,28.87657579024876,52.834245672757014,6.678189351633162,9.911147064969917,222.19550216013988,41.64091877271886,1042.9199194340435,89.82313844618713,3.790055356453015,0
51.8289510616952,30.979387634659112,33.87055298824365,7.3303874228491335,10.175326965458549,206.81293508859807,52.47619540212498,680.879227999646,7.030778988567956,2.1637099896991603,1
44.42574334796329,31.333654510458576,40.629349475525146,7.296545328985107,7.615217227199514,425.49542425153464,95.25956719465616,413.9822307044838,8.173145533259262,5.531130475648824,0
54.58209876030309,11.558982943935408,56.84187190691904,7.441968115753741,13.484954850629258,492.15138762349716,49.9831152536332,786.6894823613832,83.51882628225535,5.225635688712747,1
47.682842765914735,35.792434170552006,71.65130168260691,6.8348560120139785,7.81980517317033,409.52133249899254,25.317963280926026,1197.3028763396974,59.293579142713924,2.8613948146025434,1
37.525294831290054,23.74759944295144,65.19280632433264,7.443828260251369,9.273820752672782,309.4706491216454,75.87466215125707,679.2167965239353,30.370066136389397,5.328997460609377,0
48.523551241508684,17.872482450886434,53.204001610004894,7.1649560000638175,7.239437494757786,277.0044927781259,33.758445778154936,1169.003615013852,69.57574819305636,2.1397364207512624,1
41.50208030863398,17.25293522439045,41.73757989898917,6.041664280679918,10.286373169495553,315.85908821214593,81.62071708213907,481.0761049091381,41.74960490677359,6.062812872803877,0
48.72654393372195,24.490423385318515,41.903076652508325,6.354871339102594,8.461100864800716,285.13588087509436,5.684198898388515,538.4797263242439,2.9009357926958903,1.1734405934945733,1
36.392822963248115,36.60494618406878,72.76503861586377,5.97678488437802,9.914180159808673,301.1552227142672,33.217797710869135,979.2976561165666,59.59933024779616,4.859172311183358,0
38.497628743519186,21.35042745047941,22.354614562432783,5.508394321661131,7.796935331665615,181.38122021169107,9.435990826063945,800.969959176565,22.880074338237062,0.7416908986038334,1
52.114745178115726,32.4917724035063,79.27895866521565,5.876097506293817,6.430201023589726,461.49677972373104,8.531782424583145,1012.0974427727089,11.3801604949061,2.3132379453099623,1
39.5435911404703,12.904561929616559,59.862524651093736,5.508121172573752,12.233813208658042,401.81400060930724,65.83895591724372,1090.846676023112,21.274586424946378,6.433751430198669,0
51.7408225048588,24.281701064531852,60.86826194434343,6.93967692270098,11.128690271677268,372.390969077288,38.53348013536074,600.8679008488277,43.854209301632366,4.357616130565507,1
40.58552176908821,39.75058421178207,22.27987023828453,6.351068595442399,8.725914845688102,479.96998838978925,87.14789419851125,946.2633363517936,5.487078815491622,7.2384109659322275,1
47.857638201174154,33.113134083770106,56.331756493476334,6.125149454155716,6.379953797458578,213.75773276513522,51.640513787352916,886.0809893070049,80.48371481015928,3.4545721171186825,1
48.88301147019662,16.31585465321839,49.08668360542682,7.023441782190376,12.924600501576968,132.46376435744568,29.534322117228275,1089.2280233537049,51.39262149124257,2.249477175124259,1
45.25309506290106,25.04324421093732,26.346734413644022,7.16497354923929,7.358360039485435,430.45546414213266,72.08888879621948,744.0831204879062,27.369656210387415,5.116184465023262,1
41.10621353393463,17.008742909457,36.675320646161545,7.45059907729976,13.445937746251424,499.366785459702,62.40167915856997,441.496344568528,62.830436327981474,7.248972281954279,0
39.25288752742192,22.286827817875277,73.41886737281908,6.784027169350482,9.828763028767668,331.37297520807977,79.95946208292034,859.3489018180096,73.38128472819471,7.023108749828177,0
35.66378709124852,33.40252071204894,52.99930495195718,6.423057917080103,8.723093679267869,123.52375516507274,64.3588276341885,1167.1026552947662,56.25321651851322,4.268889198223161,0
41.07892802481447,33.13674445871211,44.804994510434526,6.110528603214872,11.934075815127711,412.18721606197647,16.701341709892027,411.7049436041787,19.22452137194712,4.088947159763079,0
48.06325581062566,16.84301133707155,24.360929350448657,5.944636418428453,13.014715248601487,129.49961953833662,67.0310037667066,592.2063907379637,10.925957813179933,3.7838497632605606,1
53.766096368969656,37.66669954464581,62.84729164413834,5.925851900965203,8.965708509165687,316.0055945037125,39.15491976158103,652.854231971296,78.3909727330048,3.0796456643884143,1
52.42408964526104,27.777045482944803,62.171049403761955,6.3183787494395975,9.258750017361498,211.01298968421082,46.31430302575681,1012.6711103127805,22.121867219656643,2.4818921325535803,1
50.32129553070605,21.397728728860436,56.84261641835381,7.48357271057586,9.46526575477758,466.01071223695817,92.15645757373447,658.6215379745295,2.8074187609747936,7.206211367279316,1
50.76894686506597,25.05806742342582,50.61575877323895,5.501707394874806,13.378584491829352,280.53248530379403,35.9964046297747,591.2670905570511,58.86118973388269,3.8510848126633745,1
48.299698069519906,28.15213760313231,46.02706413244236,5.894411794462002,11.540511932114661,459.3853393914213,61.195914299083874,918.8464115736328,14.759679687788163,5.544678256734497,1
40.20573715132006,26.796715955373564,55.59626557927954,5.876785964807148,7.981168936365244,219.63243410182702,36.348173341223955,437.12423116879967,90.18728377881177,2.2667185368334732,0
53.143900614116596,24.592151066085346,34.003727103704406,6.934238971064585,7.479997580015835,254.9450335285405,9.472748535779175,536.4774879669976,79.27577485654707,0.12983866420563264,1
48.41464623811668,25.147984122682004,76.47554385065887,6.204969455196124,7.842941307398529,478.8476752988322,45.35253420483005,726.424182935555,55.76011534010959,4.698053593161716,1
46.2088126196088,15.292357312836586,55.32767175081377,6.414521609183641,8.10851111348414,180.52578037265414,59.70615044596519,684.4799698720249,76.0479078347689,2.782144753337204,1
37.219789384269625,34.381987129140384,38.671546661262596,5.79724826093981,7.841467930672012,331.40046066045807,40.750329203759875,677.7326553466905,43.34821306918266,4.599685373018159,0
43.941110876128505,26.25280959823046,46.980791053109435,6.309994077753895,11.268051577539168,255.40413142404455,39.06661846781844,486.84401049572944,71.96376200161917,3.3443174382219722,0
44.20716542403852,13.932395851141093,68.34108733261354,5.706399623811672,6.927468085260051,409.6667540274909,82.0378513894397,688.6720155598373,59.18801971574361,5.244974319344561,0
52.2912721904534,32.98471304748334,29.696963643817845,6.566086575777167,9.098867917663686,151.71854846854296,2.9685172289470207,1038.3942175931222,3.5780183172690343,0.1,1
45.93296440375577,37.97331935132053,37.57013734761563,5.695876730765712,11.000428583762933,274.8859876018674,29.558539674011996,731.0753614379162,86.38819007975582,2.8490122284652912,1
42.60801097940819,38.419206977108864,60.77048136419332,7.081016762346312,8.326879791543448,379.5730507381053,81.17572653772116,868.936947852548,78.48276203770183,6.294310857090932,0
54.53600657021319,21.070531972335182,38.92935238893344,6.633203435080979,6.522195077613264,262.8064940024639,92.05301486111638,530.863527453854,86.80666515338997,4.863752606658785,1
37.21441186652631,14.065506206822622,67.55010091168796,6.947935747547033,6.654591382767746,123.41269571015067,41.22995858408282,455.76909077486084,66.82293411047341,2.0665733936368995,0
43.45096856623889,25.551988798991957,27.82720923064165,6.337032773305368,7.007734210437491,382.0449045341376,88.87942431960764,1103.9648335452484,38.08548294954599,5.850692633520319,1
35.84049350342811,13.378276880476621,65.76117022727651,6.262982586484455,12.686744198945242,301.27933107399326,19.89301221250327,665.098076916767,19.6286700957654,5.387818310540204,0
49.798082415338605,38.01962255537852,24.101102891033975,5.696417778097727,11.262908044839758,104.52347467204022,22.142706786017264,680.2697864545062,17.19967128092821,0.1,1
53.361531043983014,15.50738882065438,20.755556760049686,6.547711214085645,6.516179288781158,345.0623580913492,84.61913765848035,1102.1502795830868,14.042462354899445,4.353274062083514,1
40.60074659100979,17.58297579853492,73.89341112992972,6.5290043297141835,9.128551033211359,467.9524090115146,90.32577413406182,966.2170791269951,20.854867837736595,7.485679136969653,0
52.16683353598242,22.199095806549114,54.880353015937914,6.436204088899211,8.228681382776525,144.4103792846756,22.28057679626675,1005.0101687900903,50.557241201265576,1.46631930979919,1
40.84436460923796,21.494934056773772,41.10961382520869,6.981036729364899,10.6243208930304,336.26849400366757,5.932418996861111,945.6027873341301,62.53705569590569,3.1686815014330523,0
53.2154032328783,33.83988677193667,33.95567821783102,7.165008800064709,10.182447597378507,391.4675527050521,9.032413705528775,484.6337958332291,29.26509049146414,1.3228267285623565,1
50.07923807193568,23.689504616528872,57.01314699564897,7.001579349897016,9.84899218695772,128.30946805612217,26.138083537636327,1166.3966568449823,50.387227255707714,1.5845359241058707,1
51.09813553682877,15.123047800100107,50.54013101220429,5.787731485613688,8.516098962980905,109.04618326567453,76.14490771467949,1127.309029702342,31.71273935084652,3.4358907998516615,1
35.36013111200909,18.016296864582223,79.49586653179911,6.744119018564216,7.102398176351926,285.6783466579789,50.999182779628285,588.9761014651635,63.68589763065963,4.253615783395423,0
54.256207141480516,25.27340155562566,78.99295919922474,5.660646211379067,11.939011062981104,416.47467489374554,45.558884224276966,1043.195352915073,89.9637598288226,4.6260675552967285,1
49.53341984140646,14.423617522784047,58.10147396849658,6.889244574880953,13.038854150741235,164.28776403973131,58.413993116600096,727.517145197856,63.011527154459515,4.833764928080498,1
41.09502190772267,28.34967026938042,46.57223036635343,6.263678193122253,13.553207273862538,434.6549088859692,89.02231134621861,947.0135742915863,6.3127519153888,8.731834978393355,0
51.58789329717694,26.97241919653438,49.468458148079726,5.764997912532573,6.468951764908644,362.63090216943846,9.043037956565758,532.4823998505872,43.95114620505903,0.9750465170163171,1
40.6304239682986,31.44106949146773,60.948743974211716,7.224101713952256,11.919269692711064,232.86931511539427,69.47241276365813,830.8434005251366,70.33487433710776,5.74133630690077,0
52.455076791322554,38.13113846138103,26.09447265412288,6.728016678077875,11.812027675255699,306.3303193969798,92.67908456554052,501.29303964792484,49.80174456282241,6.236322942773745,1
37.25160780823874,37.367636833034666,39.70112442864309,6.209449935895055,13.576876913164714,486.2299918906954,21.335004175839998,828.9337322864927,86.59567267506083,6.209705713837508,0
49.073719549215916,38.382268542064935,24.516334460216232,5.561454359300999,8.023316755982123,186.57478825293552,83.77723159618344,594.8751648457702,5.92945112837901,3.2552454585215274,1
45.813969532898206,17.341467910711028,24.401645571015173,6.574620518007221,11.937432306361252,299.8141590976161,69.80247107595022,761.9732230150516,27.203998896611026,4.288345893705028,1
36.930689403908815,13.94695919918064,31.750354513654024,7.346451756972465,6.4370103101318765,349.7946224430483,1.4468536073144689,934.3754937395446,20.864629687580976,1.6405203396031096,0
39.83787656517678,19.068301014893457,49.115195275593614,6.692759665404731,11.049965766092953,155.20584219026648,23.16116803621282,1101.659665328495,70.08599815872299,2.9814517737820934,0
35.248080725546295,36.852555182989434,67.08645926976736,7.443301209238986,8.806782592417438,117.40883544932386,60.58447608958808,532.2312024682225,48.14137616356061,3.3360303376419362,0
44.37535930929012,39.16160423870465,49.12975346995235,5.772902236540917,12.151275516379801,105.38398117258852,50.24003394912116,1114.6152923341588,13.450979021770522,2.5961670043733993,0
41.02530521520001,35.77974853211428,40.12859663365219,6.636610209189674,12.906434291483148,229.8771426400065,52.793625252686596,712.0301183418321,26.70339371152852,5.241164295592329,0
46.96714968595518,13.300531633826308,24.941179420205486,7.096250096012859,8.91856833774013,129.57891779394615,23.193042460682268,1075.037254884705,48.03933906967374,0.47300007257701915,1
40.944756154172346,38.4228399417938,53.01773139098778,6.551081462251433,10.204688741594405,421.50798101644585,67.50034707086266,810.0383347342104,90.65160831282843,5.761429314468995,0
40.9983822301397,22.700740820523578,36.2761151889906,5.682132711974945,6.939232498908799,498.9278108646984,26.64183709367769,1089.7668574103518,33.786312167383464,3.211023675954637,0
49.86386397463207,10.27930872287061,56.896050675028846,6.665772003094435,9.335255721787814,124.52152869378561,38.943496647845386,930.2592540161597,15.114348760572579,1.9694939424200677,1
35.96285671956707,23.27181222244581,78.63126434794509,6.723475811684944,8.886403146073354,273.0905103733759,36.89159158800762,806.9729124934147,45.73598732124922,4.898164749953552,0
53.05789990383974,11.382075090264028,26.67885928865301,6.957418496950705,7.464987678276142,110.29284919302991,67.20250221198985,650.030906400263,28.916773950975916,1.1888825446274063,1
52.045277487823626,26.316337634833527,32.7275239233164,7.022423030330948,13.155828998134208,153.5963563029053,9.025276168321739,1175.1272700949244,51.93701414456933,0.7418663285489013,1
48.35609366452813,20.15662082311154,48.385672285962485,7.041545376421214,7.184702704321282,229.16902436426963,20.55419010401852,1040.7181261331343,43.00392725067034,0.43812784961998597,1
46.86443140214769,24.203048007821465,78.11682892075578,6.826888787277932,11.085914860241498,257.47928522305995,20.049707068506784,704.9497481378091,63.05409295412705,3.762504974924413,1
52.846049962793046,28.39511082229351,66.30858657619973,5.9316223728373165,13.1211411478391,475.91317857145606,10.842467411571011,533.3788744472369,83.28616379807647,4.130443203928282,1
38.70660359057429,36.064032874534604,73.8937515897698,6.308471511678959,13.295748638905806,258.3347235027584,20.759497883645906,1023.628334874635,19.04629156918759,4.270983561046177,0
36.57938324381657,29.85704729415786,40.02289090854757,7.052259945228798,12.345917598724547,298.5110636229609,60.706026792335436,1191.9554302487359,74.90620633315584,5.41540393330531,0
39.79020339819076,23.02146605434542,79.52230842671568,7.406853966801626,7.409129070993413,198.23334730954656,73.21681708741882,623.1799630339776,86.43391439936818,3.994001515060276,0
50.891565574003806,34.58283561011095,26.169968963849442,5.657893929673244,12.539451273710958,100.0500555026302,66.03034469691227,1132.6904578679967,34.62487133661659,3.782720207319338,1
35.693405334529665,37.167464127193966,23.17837436276605,6.57107335559439,8.212518499324997,459.73378269325406,47.51881379808823,500.29656447033614,11.229643053702892,5.289500855155546,1
46.656136701669794,13.592798992965918,71.33615762324169,6.125044542648613,13.379184219460072,132.6859028145219,5.243457109606364,1161.7650034014832,74.97200537046027,1.7112865523675511,1
54.9087503238262,25.957989326583743,75.63589221241918,5.95078778863366,11.672693451390796,485.69953641449166,95.9007010686775,996.2711299544507,64.09862284944151,7.8230541790837895,1
52.11392187675079,18.535358792273325,25.435121452766104,6.51162136703943,12.282140488071093,152.3376416401041,16.807646083749194,677.2769834109628,20.144098435064656,0.7201202485217378,1
45.42891378087179,11.411835936308423,26.805645604750488,6.712178681113073,6.680259628015498,341.9513923001761,66.84213704056708,643.7054578369871,41.07012338642951,3.9154228257464188,1
36.272818185732845,30.05640085341956,21.99044946534643,5.5195444628389625,10.662120907548356,499.7642351426548,91.28906154821111,914.748283151481,53.019298584089896,8.10096683477191,1
51.627470287714196,35.88312332377677,26.270453758563445,7.060413144402382,12.569137015189437,155.38583842787034,69.77770959809885,874.8057122069599,16.28686779862818,3.592670532154486,1
46.97957016354421,14.887079634321822,32.56518900801685,7.139764262518895,12.892722822179994,269.5772339759297,21.804964018895024,1135.149361194949,65.34215439666038,2.1168486526144275,1
37.29865994119134,34.37240972871702,78.20459713460005,7.431021649135866,6.229053637869132,412.16946758859063,31.579629876402304,1012.9945073673714,63.08944672549209,4.55998393991861,0
36.877145696467124,35.60187200610825,60.07161333438083,5.86128746644939,13.513273860440954,112.8760599399873,3.0205867011095178,832.2918980591414,80.84139512604658,2.0259016864029764,0
53.19253638873185,37.430213279994504,66.71318153111253,6.6891051247218964,6.346709866419838,375.9131004560178,61.27582408421135,1142.0526734717237,52.05456679853756,3.566234723567371,1
48.38400525876157,17.958552672581572,66.56836422149132,6.353250746952789,10.916149437398799,132.1493351563198,61.29929808815666,874.184505066575,52.68817276260732,3.4646835406418233,1
51.58573598633511,37.11859195569668,52.104424986752875,6.169655703110701,11.547100220922497,194.60805690929055,72.55005813763793,1079.7478685285419,56.744862037237134,3.840604334524317,1
52.579578005645345,19.619882642092968,67.84933866278104,6.6312669028750095,6.8587623293432785,164.03046499734415,1.0996289275621351,1072.7541216782852,25.64049352437159,0.1,1
46.435447040966444,26.570140403665086,55.74845194339818,7.0647661864471,6.3840949248735415,462.93457265877447,81.78412888244667,1135.355887159629,69.27452661502025,6.34444373057236,1
45.34892703510083,11.515224124968464,38.872765856201454,5.54610556689042,12.279297235605833,172.18268671267234,73.87109574003081,454.08162502328366,60.624933513636805,4.158926239126919,1
43.608548206419805,11.316432651062309,53.66660652610405,7.438800225132374,9.077364998379473,116.17363820606288,14.088660952408883,867.0557343574221,76.52310629148198,0.1,0
41.33893175582239,31.61119638196609,52.01051516807081,7.119763171411422,6.856900122520989,335.05027137910486,34.76266092689786,774.7140729368393,70.17274044753435,2.5584834974032837,0
43.69191921717423,23.334399339333732,69.40718322555924,7.002307407291157,12.101342531101135,238.4723701638808,63.85248929042168,792.4339067717381,58.47150074536562,5.274461249663629,0
50.477593114603124,17.688771261076525,78.90363304289954,7.020774764361007,12.793304561148965,262.28248825654657,49.57968749403279,767.9284828961622,15.480293581863906,4.06944396060025,1
47.03846862030263,15.712404880747306,44.662553925255835,6.278121419237305,10.699089526070459,147.6250979450188,11.509426390126244,1069.9733515378728,83.72325908879469,0.7452980424800707,1
52.85046579909692,30.098604725776543,65.80344070648158,7.003241101689627,7.289894467477165,399.2937965732778,8.73453751365899,654.746317933551,34.04909632448335,1.3216838597470792,1
43.867600287583755,10.012046320760197,25.985780242288012,6.273540417205915,6.1217797719319265,340.6214598574072,78.14562991080916,770.2008653038228,87.7868711665086,4.4807678796111725,1
47.14179157437508,34.176735075905626,66.60988216689731,7.297413659149586,11.606419850415552,245.686817899312,15.596711801780982,560.5460343208686,37.168372180049246,1.7190905116077106,1
47.62615106183978,12.377488183897864,42.28501471959393,5.854444766612939,10.401117398602533,168.62997750525437,17.209267393044357,601.3732927397878,14.134446341485374,1.3802026672855356,1
46.83394324612651,15.744688447243583,22.3634097733812,6.084694848430303,11.206377133760636,337.3806956682241,83.09231253567576,928.3360666751,80.63557727497013,6.602265036677791,1
49.05267546171032,21.587091858972688,41.794770713730635,6.602675085398152,12.505477361596766,411.43891180295094,61.21396345632171,493.54875060052956,72.55528661158347,6.697701603863276,1
39.74866936749613,24.545762191483107,56.638565055298685,6.138422071774545,9.473822215943777,224.95891354687797,60.47156081539724,550.2574487957419,71.76664505018256,4.350489340522524,0
45.247275550915816,20.649853474418254,27.155010060887996,6.348474490590547,6.996123750668963,110.34415341543884,47.934577136334,822.4276476570512,9.046967565800633,1.6552566813415306,1
37.084496056166955,19.621364949528818,75.44206954581527,6.484845378797189,13.51986628312661,185.7375939011936,56.899501440229095,435.0184223704108,80.13518497467705,6.454777085808197,0
42.69022655289625,38.917480362195654,24.660344796370314,7.212706697627017,10.362097017974857,372.9591275571317,60.1769690371811,501.54159953631324,54.676057344657494,4.947218888068223,1
44.75334137242529,29.247390437301828,75.80040318998996,6.546384507217386,10.922352952708323,495.63855098276906,96.78262348435803,1090.6823511733992,43.33201626456583,9.186929961428689,0
48.04448519090945,10.702988661021646,62.42825107614119,6.2249196972291205,13.467291436414008,105.35049576351061,22.297330746757925,1076.9174126359967,83.18544592718247,2.6459561838461445,1
54.01062105172407,22.905277253329395,39.78273052485221,5.995472328070232,13.452669250482103,222.4614248528403,21.45624197004591,678.2208840375857,60.94372172337463,2.4723208440161217,1
47.01302133096712,36.250260992319106,43.44502086254559,6.317351957584394,10.576756853825389,124.80834817953554,5.721848770531568,678.3930522489475,12.972774146768733,0.1280244113560131,1
49.87187832353119,19.04368559232004,64.44856188396466,6.53147220882874,8.380891397771409,226.53971510521285,65.81987988093223,1149.212359411203,47.758345845103335,4.277472130122882,1
45.12532118990406,12.836690343231647,56.08826605287244,6.992229714406473,13.976909072101915,262.3657372509685,54.90421808222619,420.6729112576186,58.29549299628065,6.233559130356161,1
47.68208062752663,32.75154314769753,60.298575287296714,5.742097552344678,11.446536719628288,468.344836778502,11.123920384663977,864.2364104682167,81.86956279584707,4.2368187695240795,1
36.41864432267547,28.180414958082437,43.349876990808795,5.943218376478302,9.267493415136453,132.2243197619915,36.45389351181873,877.9124632325819,26.190469150741013,3.375711011660515,0
40.08783161683694,27.109375234795117,49.26880890845594,6.259308031737346,10.478694422828717,410.853621226308,17.866320533120383,1030.309653745329,72.48104970826738,2.888240677246678,0
42.23706186410277,11.607296788222238,79.39204904227361,6.22079681023903,9.326672402144236,258.21375842518535,33.148174040086154,1161.4004126580805,72.98316134512716,4.043508220917819,0
44.44986710013027,14.21497029386552,32.835372229983065,6.2834961752104235,13.10644121837318,424.5051398667711,95.12641693946101,684.6620696346752,12.524453634131266,8.319888788565123,0
35.91297491004767,28.676481886393415,45.071371191327884,7.087042529280649,9.85999499892597,305.36087413024853,68.33188388805289,750.266778764801,2.550986448028564,6.347630703915672,0
37.80048195106635,16.234715243765073,37.50939125443804,6.148308805924346,12.588227007849977,115.71281553736404,0.7569100795141948,937.0387844161419,53.32687263086108,0.9714970847847121,0
40.53628615582612,25.12210239245273,65.906690626391,6.503796360805329,12.721410382584033,478.48235388593554,25.250807378412365,1173.8172978753414,72.05309976618871,5.916358785439998,0
54.430653818021014,26.346450580881804,65.84075753994324,6.747814065715793,12.594658701881986,133.09362537380872,1.0361547077779032,1112.6338829893662,50.898774189456745,1.0950654515731513,1
41.62694014206102,18.505215708128183,37.546727659843754,5.96435710036721,11.777508899805396,339.07340101350246,71.48684987686808,933.6424026160356,74.20127366798877,5.610767182338507,0
44.64082116224165,38.452754666244786,24.883418997978975,6.9373907742950776,12.839021734460655,451.06710517340633,46.942180205547835,1085.3788573368176,57.00728264207627,5.743400377316406,1
38.92195425476786,35.273923205067256,20.685960600332244,6.594222639476562,9.097836636983754,131.90791910007755,99.40186918143893,468.163544713149,59.796312550507025,5.220650978306498,1
47.215601421515366,31.671205228983954,45.64703199454913,6.3935623260627565,6.917305649135683,321.55735536640515,73.35832610226582,701.7015542814821,3.533898318627302,4.355763170123054,1
40.613664310319486,12.339815992282272,44.620255660146256,7.119568053476628,12.739633634980116,429.7159502097809,51.79129427078819,410.47399655907776,8.97383826274835,6.6567863821927995,0
39.139851568768535,13.183900579270583,79.30339271839178,5.986990518370364,9.985347325498761,494.5298834583183,80.47054282081352,541.9777906087603,66.25266559442872,7.833197969343332,0
45.33145256891958,24.783440375948672,48.18812454186077,7.266351941228646,7.019008260222808,389.7309603256085,70.48036512340761,904.3940569619216,69.65589541386602,4.404951289357961,1
35.110115983208416,14.82140047572957,35.38510217452524,6.622097470733408,6.9225001774560635,211.33375018531746,24.377617763598714,1108.4492989869334,49.79601802578933,2.0523182549787737,0
35.153280652984506,39.34796390588422,73.47376646188805,6.718349758759317,7.273939152079142,379.8281319381638,53.02582748275165,906.2242479934364,54.11486147059311,5.116479377240829,0
39.38137618203716,14.755607020822284,49.46407697921471,7.250117928337886,12.007786077336846,382.30670772305575,55.59987248340709,931.3104856068534,56.29292558605698,6.732328967534009,0
35.734427250016424,24.62403506391922,55.95053811263467,7.135165375698672,11.686853387730249,379.98640484184693,45.123169860780344,483.0572842049615,10.449218696855446,5.630707528779561,0
37.16051508261383,20.923631705245164,25.740122625692763,6.703124137643801,7.630549441479066,441.7041748372423,17.9192622855362,931.8883927307039,61.11177438258371,3.8091150208694873,1
41.777212986775034,29.18159264362294,42.97498443978644,7.006375407696348,12.77538734487836,134.95202500779638,22.3369051657887,763.4773738953528,44.06229790858453,2.019916694611708,0
51.051713591596254,13.871092266682748,76.65342046842721,6.366638980465794,8.25035836422596,143.36793816617336,28.10474009559616,921.1521852654587,55.227067901855115,1.7406031628901735,1
46.440972867386016,22.909492841271728,55.37032305052553,6.594755506999492,12.34388466651958,356.2468496902232,1.0255149378163742,660.9384876238619,51.68276459294703,2.2159230279171926,1
45.25335451912833,18.241150984214308,40.6701113085477,5.624140273417022,9.910447261879536,481.55243843927514,91.69438921695094,865.1887533305361,69.6700223608635,7.964717758414495,1
40.869776464162435,36.63254574015064,57.540030837895586,5.679715836000094,11.85238946030853,286.3354555676984,68.60959915834789,739.2554374647915,29.67114373443832,6.498127831446574,0
53.63507438865633,11.217571364040852,74.62466537468697,7.158850808372664,9.051101304588528,484.22508065027006,68.96173157844709,846.9096443480487,34.61736205607068,5.5604863258815715,1
42.94030082474383,37.41182482019378,36.4394360283554,5.619343311364993,8.777124776758207,475.2341038064616,57.23306138091213,517.67161466384,36.24456758721217,4.878273310261417,0
36.74185533591543,34.98982415659001,50.307003108240465,5.838798251265215,12.730876791674659,461.1638952937278,68.93108081610592,716.659882893828,69.62104892566113,8.185383151113447,0
47.34133032235603,18.927121493224462,77.52143923470533,7.091665317900883,6.282418036112557,463.94038994563414,98.18625498736364,699.4229258054833,39.80013596227317,6.26297126237321,1
37.27676786953203,33.67871964031314,30.343768597907157,5.502291901256513,13.797895578060059,459.32751733119443,38.51603376344933,989.1156165222467,16.936729453004922,6.13751107927036,0
41.904462856033845,10.936406810162428,63.179835535802695,6.064808657691729,11.185436466122987,427.95575341567286,71.25255868765638,965.1276111744525,89.47368733753258,6.793665438044712,0
45.14823877435617,39.005966508801805,56.86886049217894,6.668077315653243,9.459867105595537,377.99158344213214,35.952900437752824,1127.0869477850665,45.4043677568093,4.070897438045712,1
52.48445049370352,25.79784827769368,60.78050786843809,6.690899862938593,11.0244362492034,109.7632714370433,85.4288798746826,905.6444738265579,10.832327484045674,4.006671830983775,1
44.87093160680237,19.09843078196336,41.07317784005418,7.054305816458947,6.9819275716718625,152.901436862421,85.8028606890035,651.6377038347787,61.32474603934321,3.265965972295582,0
49.045175320633284,20.877496377840313,38.8327624090259,6.511852508984341,10.112419642348382,153.69282181258686,90.2266425423485,1026.5797305882652,67.52461217756353,5.493209134759947,1
54.856336779981405,11.99216060381492,61.05258023530223,6.518803739061941,13.88076418671838,109.41611371183595,0.5463324241878342,797.5981148269011,46.020055501800584,1.1831625857650128,1
37.62978239795963,39.680485421261174,32.93259710627272,6.950621151081401,7.882155502773655,146.68070736945467,29.819144499609486,554.7945685032628,59.18114964495892,0.9594811704709266,0
40.494630510390394,11.178758354520774,45.1792846915403,6.497248926532567,11.778224792290796,467.8985734268425,13.392435120159607,997.9291746617012,16.540737803445694,4.361118184784305,0
42.89152151195293,29.64721369443577,31.29047876317508,6.716982173127233,9.479771006653605,365.52171476431437,45.39861978901568,506.0251165753832,34.113014675234105,4.694926861733428,0
43.43656357077663,23.28207783119375,20.498290467399784,7.295548136510102,11.21966518790363,224.82920731816898,49.54496426792978,542.5226649969034,15.564574303445458,3.7946602342304665,1
43.22042150531092,38.46748654566145,78.20344160228416,6.302902015224744,7.639097829534204,417.34400489467197,25.59040428296555,1007.0047427481178,35.85117307283275,3.360937943466454,0
53.152220051131096,17.379992209203856,45.90217871938514,6.270250141838444,9.76371986094082,295.34779478194037,72.34464920450704,1016.1157552570304,51.65204699682272,4.746379841302587,1
49.28065288933713,25.96260471814034,78.16097686518953,5.507097983729542,13.840741710874202,156.85081476635062,26.976971718896937,1032.6250150433723,40.828546646372196,3.027095415639273,1
47.158104281814076,24.47068625748259,28.419411186069567,6.726852523042464,7.562297208128077,453.8008324905971,85.38913752833585,634.6600995336926,54.38933566621665,4.936869250265942,1
41.18745435725564,31.08599332150304,55.24200676744916,5.559543814814264,11.091560222790058,235.464778494589,17.765936814178684,1093.2699658972151,46.158325603169665,2.41375088333656,0
51.475807684425895,12.040306958572614,32.05844196747438,6.508296979456633,10.604781990134363,379.54369221195765,36.72352947652836,978.1345087696583,29.60329360615807,3.4753185315657182,1
54.101210229699774,15.813673900700646,67.40444761779648,7.108467578064453,10.520412690323226,216.23766419984295,62.223775842430506,1067.1739276410724,13.907439830891093,3.6551939558546365,1
51.42396565100453,16.436944602785495,67.02217932565851,6.599842141039327,10.920986317212936,300.02850026952,60.53350704632533,966.884387797512,23.740557527914948,4.191033806869351,1
35.03130210382946,32.14452264525069,26.75642894235871,6.039272330433352,10.017903789505825,426.5010846121662,7.802911200514351,863.6771669970724,19.06419267051399,3.227652155363345,1
47.728027403668136,15.674160889802202,74.72386717258334,7.072336842898743,6.135446002061264,162.71093856974707,84.62586121909482,487.51581725921545,64.66800643216395,3.497648682442372,1
36.022707628842014,27.2047529167293,31.677778832193475,6.0394340081650775,13.200774491704943,490.90055809571135,59.80649334297752,968.7489695615594,74.79701599711427,7.4109254389383805,0
40.15214440667444,16.45731461502861,56.77864049536162,6.966063561891797,12.615830619872247,128.08636914429047,86.98595487071684,952.3686203665472,65.83497447694832,5.7865657473193215,0
36.19049400695543,35.848748502519356,79.13801720526224,6.7205169103804625,7.393341447368971,313.60356389620165,86.76355782278685,649.9929066294883,58.93607322956424,6.852144869281875,0
47.075909058987754,38.26556363468916,72.94379208598183,5.839992593496002,9.306185419030953,466.4102077407792,54.5918690375031,988.6558152371409,28.706621843239265,5.8288302796347455,1
48.731798269852135,25.554789248267213,77.39383571367014,7.3102677496883715,12.164391845548543,478.27755395301017,91.07814573114379,840.363642745062,64.98870031958602,9.186121146547126,1
37.289752761318105,20.56926652627535,40.55592627308717,5.901287365914391,13.840498523098276,192.84358515191042,84.8407798813456,847.524990834732,55.457511399023176,7.155168541272458,0
42.67677766089959,17.021733250524974,26.3345385331678,7.47917414828134,13.609096371534292,157.59399248592345,95.8122944561771,694.0837430285701,5.220403001886311,6.561953199344131,1
44.12473017911084,11.493430045691312,31.300812397367004,5.514620977309882,13.194873597409394,389.76120012715637,85.04983985594063,493.42803307210926,82.6850906554074,6.809519549216456,0
42.38106043521833,18.05500228592486,50.02969370459683,6.026966754285806,7.266991178393117,116.78942731049484,82.12038510011494,573.5427662927912,8.195845699147535,3.244441659599183,0
37.42050000970386,29.62707339835954,67.59378069639934,5.8997205945483975,13.315800848072039,294.0955876121257,46.93604806769115,1015.0653226688465,46.24371137429549,6.404705906708641,0
43.378955803749506,26.008507939276324,29.009218651032512,5.527986820340925,13.027559303608635,418.5420907172728,21.203106037792775,617.1532403975151,47.17622374471583,4.064936551584195,1
50.02356095616836,38.321238348427826,59.583891935645426,6.964735800294632,9.015599289331117,324.10188980673354,91.0708733075486,401.80244346848923,76.33064698825434,6.173151313644159,1
36.42015329066511,21.888317874751017,39.41465624237071,6.886851604199192,9.156180756290096,175.205306309602,72.25491864460757,1197.61393690524,83.17607509381297,4.272944490983009,0
36.603600281638066,30.815900269851834,40.47212434352921,7.084701928709861,9.679271375641285,294.8177197879853,28.174786419852026,568.5457870802967,85.57082123588135,3.852082535724538,0
42.095425836719684,24.67968242425364,59.71506380947558,6.0133970929291305,11.249405047731337,468.5098865795572,34.09957227556425,924.306519096315,52.27049201310803,5.481711716511233,0
53.8345142323785,25.37728647772635,48.01996517199321,6.38867033416594,8.086684927864127,346.8851912177107,68.60785118572205,1141.537603659995,62.11380071904431,3.9223121224378756,1
48.37145293445828,18.033229438123527,68.72199758155963,6.818227043243095,6.1835874355195575,388.59625102760793,47.781730835367085,879.7701877071496,8.966787617130674,3.5477360343838957,1
48.5733991334513,23.648523305259992,29.355110579769622,6.379537007776287,7.129836196777938,234.50555186500597,8.148256184636827,1039.224492067566,44.912440975962,0.3371555939476152,1
42.2383998167573,24.123549910381218,67.3968961860223,6.894651540635832,9.52092726061419,175.3935100670471,14.1447945745657,1181.097369719052,81.80710338180562,2.280508817347913,0
46.87321582417077,31.199275652468017,23.854114883445252,6.767946816880884,8.256020555409615,202.25689195984143,74.56486835123111,1088.2907407438286,42.0127435934255,3.2956849478141286,1
35.202623680554865,38.219199975583415,31.6432328147363,5.729295606044353,12.116132488289054,313.271037504118,32.856952848183084,846.3232709426893,7.263454189008756,4.683260694401894,0
47.72192092819084,19.879638324475128,59.368982870189924,7.062086242153936,6.853520564394171,212.0880614442815,50.76494284020392,690.9623443856609,19.057702817480823,2.595560443557035,1
53.26573895152474,11.266014057438953,71.29553939066427,6.941352718185037,13.33972180443843,316.78591497044044,76.66214782535258,785.9715593311677,39.655623019194515,6.617140215946787,1
47.25146936689639,24.888853765019192,35.16077766436094,6.811668775234811,13.162617439551289,383.11677095047077,75.11755937060525,1073.4609345524354,22.377547441814716,7.085289193621167,1
52.4739718693269,26.333839964475057,39.631496349734775,5.810187212542004,13.270054535466304,393.75835046812057,16.701502688727388,1082.6836881205122,36.306332680754856,4.072095338790589,1
49.479461109321875,15.053216533957457,52.2272448972044,6.035992897590727,11.916879988826613,165.87397586443737,9.83938643990353,1076.683937886691,30.966568780245314,1.0260351681044173,1
37.411168328073806,32.813938188282,32.69436838935814,6.286354063175201,6.855999771868794,400.17233953354526,59.115229296509,877.7795222000088,29.703614753435687,5.749892629051926,0
53.049066145716836,39.547873253244745,68.66937569525034,6.059859243312887,9.505100570956534,369.07525583694365,74.16328739312395,781.5647342060904,9.204814878115185,5.4192442961591425,1
36.3288768871155,38.37324151025383,66.41819870034564,5.955620581352263,7.05124297444371,104.80205334748267,14.903992199541038,649.0704448765295,80.44432219779277,0.5748749023556708,0
45.67934945095527,15.913181164709567,28.717502717946896,7.1107153403235515,13.901593542088662,123.54887003590034,37.19552873272748,402.68868414554345,63.34356281188718,2.3944606556281736,1
37.84274247586915,36.26089719702282,47.829783908997925,6.776464492720405,8.664307387189385,358.49980074415214,87.02779959676407,1011.5882166887646,57.10437176222122,7.085749846289183,0
35.23413221461808,31.13480909235054,66.48966599927729,6.630944263100501,10.682644335120496,253.48155982548386,94.4223141560321,621.5986240112437,55.58224672858662,8.056549809877849,0
43.44068520255278,23.615396914207345,40.23977186620489,5.951905421706508,12.235144433953774,158.44159983026634,45.406976094968435,663.7423163082699,36.68520022431929,2.886970633134844,0
40.900814153083125,26.218329829741872,57.9864093630639,7.336153124537283,13.364928673805164,117.7586236678533,7.951593403083301,1074.7849798776351,75.09837779663499,1.6187553430137493,0
44.72000987595206,35.488005249473744,23.012787287454366,5.882366078194632,12.044381806730879,163.75933626897233,25.769645620237736,441.80092569809653,84.70359945351449,1.6247509820046706,1
46.54399773469102,24.404048189151197,56.521325631759076,7.089901865649354,11.3960302301299,483.0055857286466,23.296992031553298,1142.0962651659509,1.5055524095897024,4.19709515183818,1
35.87478144617895,21.196221073153808,29.159178800036422,7.433345333410586,9.72785425630521,391.0262566283879,23.896372054105697,401.08953795080515,8.127862915420666,2.8303752021777475,1
37.46006590247491,24.797424790779573,69.83499950686708,6.954185458448472,10.843201070004191,311.08216837371754,49.388170537925,1151.335291860325,61.74780556296513,4.524970009071209,0
46.172847929008505,27.373894121051475,41.326967814828706,7.48571755036926,6.753310470822639,476.61620002183673,58.322565169157116,763.8067928667331,22.246005045076494,4.28054323034125,1
41.86334706345316,15.672329613350465,36.893231763691745,6.802102233955893,13.071380335690101,347.6441750726416,12.250958867993534,481.6981001214557,83.05344988928937,3.841633901451595,0
49.58346975098896,37.027231908009725,70.4533386026891,5.93492068720779,10.350218470719083,390.2580753122669,88.93560065283343,939.3290937929498,61.06717586046294,7.169883120293638,1
48.04583297183879,30.225608464888413,23.00864138430861,5.907638987433023,6.321080403479542,213.06072740234885,61.997382328111485,1116.6851405769776,34.146212964284175,1.3789210438998103,1
51.912087259798135,28.998067520124668,43.796527960060686,6.149128568510953,13.35921700527918,335.5927374356783,59.72517302680054,750.458253478096,38.37541625014872,4.515382211189735,1
48.849856533384504,12.984886785419144,42.20021243450188,5.514260040442013,9.91441579069495,157.3908977191361,98.72789983842841,953.0863232245331,63.179425472190225,4.37203122490341,1
43.59862154780296,28.125218145177755,37.08802245497305,6.86339694016567,12.948713132488013,261.79325807911016,62.81439774931253,1183.4901761514352,13.686769234192898,5.321550942525527,0
48.45933244788865,13.628819867154771,74.70525992008862,6.037335569255655,12.855103633642855,113.29612999464405,92.8959149301185,592.560658970404,80.50706922219484,6.328926414995068,1
40.50762348510837,12.360930255861971,65.05570361100334,7.130366464585506,12.526012699656919,186.6512350330722,28.625697235979175,1056.3595655381505,1.4294528587159996,3.9763280779721986,0
41.126269975564256,25.819326869271798,23.835389851516325,6.2183453011186005,6.491224154362849,129.9474517690699,24.012949034649754,636.1896874777412,89.10522579734796,0.22693367665357125,1
50.779703198415866,22.08356602139485,62.881246966097244,6.459912986926625,7.976533163393671,255.11152780289254,51.65186868244531,741.070079992128,16.08809323267848,3.3561343708160605,1
43.92839032803164,27.664308104686697,51.637947987727635,7.431377833120738,13.004382979723445,437.2140658553961,50.86089476366661,625.4126947978086,67.79002227524941,5.694533549769467,0
50.96760681036705,12.676665041717158,74.05207366409476,5.984344246094555,13.19192844841675,251.17364253802123,22.648364948389688,756.8093987472979,4.593223633884448,3.2630117153660567,1
51.44844747336557,22.929491885417754,38.77673704090151,6.942508194859479,9.664550898950448,432.65585039785736,69.96556568999478,404.07122594262603,39.82860091387834,5.2371146069026935,1
52.15124675322568,15.243601451354738,54.449719976574976,7.010235578610835,9.520331741233619,362.59932503155494,2.963381923669328,642.7510778642172,57.72823140827237,2.2259662986235,1
53.332704716824146,39.6130025777235,50.045316484459164,5.9419963150472705,7.401125071089198,303.8117786523311,69.06304725494526,756.2352511501566,7.3204711833775615,3.7393956707358043,1
43.619704410265925,26.83450637305523,49.37365437365634,6.5019936732243915,13.74728630952921,194.75667730453222,45.71778861233001,905.7921469648768,40.89641760099314,4.207242028744509,0
41.377336366422774,30.62310582822602,47.366323971032756,6.2004038506259365,7.705107802872345,468.86243713766095,68.9007510845079,909.889112940727,28.282276279920026,5.786986747373391,0
46.643974931882276,19.762548420478232,32.337768531936874,7.043812486800178,7.527494274806124,121.6803235368133,47.708063064151894,867.0284947763943,45.84192507704735,1.1609998915469584,1
42.423448468752554,12.842167443380324,65.34259534954356,6.744966638058075,11.285831761193394,375.56520707952615,97.7333782884695,634.4254636738375,46.41188823722333,7.436730838282745,0
47.02148333600466,39.2761258835061,47.080161964357316,6.451966109721094,7.9427544240035814,348.49595712374753,33.46849511031178,1157.9234527485964,71.67084452580778,2.9446465111804767,1
49.11171725287649,18.587771061495495,77.51097650015635,7.058726530095436,13.510172888115118,276.41660890261073,98.25729370023882,713.5758589928795,12.11540756004079,7.46510435751094,1
48.76810036984274,22.714245555207228,35.64850563156658,5.970311140016834,6.087255962542359,196.12838211704212,6.497394247897537,573.5151529912463,8.444764094271981,0.1,1
42.491057740402425,29.49591765107725,60.96463037762247,7.007243761168718,6.0460260985864105,272.2783747381068,68.37607747575566,843.6103517343898,37.170120991491174,4.433466330270834,0
38.337204033975055,10.740918930583339,76.44302477834651,7.230748624185649,10.039014411484796,449.10909022136826,45.42192067849121,999.1429359047308,80.87679274388793,6.254897063911565,0
43.61058676924415,34.30777391551861,59.80749938096555,7.257243193615145,9.904499679307776,434.7064441019817,82.21376255297002,409.786858257813,77.97425677048837,6.20116295482423,0
37.851882881638176,26.097345700858607,72.27637445704369,7.067347186039208,7.306912175207284,476.55249999081167,78.96160697169981,621.0752059164379,51.39936183532681,6.718716343457253,0
52.801940703676166,18.346515612064664,69.64885758542036,6.316028333996537,9.956156503762276,223.11728265009918,80.02101828759373,1059.9822820800239,80.98964370739964,4.491080913248513,1
41.917549214757145,11.848239558774077,41.60706292934023,7.4636160454356535,9.293288841359892,254.84166334754917,9.47385993025197,805.6168747084786,73.48092377938407,1.7851369944116673,0
38.08919494446648,14.874952464233242,56.00743639636979,6.259187287644879,13.12263620273895,107.49046106394533,82.23656998612947,726.7906436639312,26.014551408374444,6.408627911480237,0
35.50895519811502,36.85101576560311,29.375680388681335,6.777250798204851,6.074031361735708,477.1799978880033,21.404015744376093,1144.7210236658493,16.30956524012471,3.483123731155858,1
47.91644772572968,30.58072671807673,52.13155296173597,5.822148356138937,13.810158440263617,231.75603672690755,2.568026385903477,471.62807769827094,28.104085087903528,3.2174228148041757,1
47.738046349094866,17.497051649106695,33.82531830886023,7.460897797272786,10.99514211436674,261.6655286131973,21.77387196844114,892.4561606222792,21.440609059493294,2.683597086801827,1
41.812083331625836,11.968022948350885,64.62420889714673,6.907971843729326,7.214747565162205,463.12184457895785,47.92851046998328,673.7509729950216,57.04469133928274,5.793074171521129,0
36.43423777695302,30.71845937159909,51.683505313527476,7.006755090492737,6.37408011048933,310.6393720667253,74.21113599114321,456.6587186343406,53.64092014971851,5.595093669862958,0
43.19257789790464,27.172231779032956,44.67364175789963,5.631553406822289,10.304845268473855,326.4698167021912,21.86324808328537,570.9956068886561,54.85936451075036,3.165637144023484,0
41.22434990126787,22.13558573374705,36.12782577001865,7.026835628441344,7.879121327774561,170.49313526036673,11.300754809027136,902.3465704138275,18.037318284230395,0.8222109499751092,0
48.542412794700184,20.908343475701916,79.92190891047721,7.049446858441202,8.409324296010073,299.4640083274618,64.59672550239422,422.62154708364596,72.26764527487948,3.7153045358801178,1
47.11558498905381,16.50442827787325,24.30263125309596,6.8435454527244595,7.961057318676109,467.28344036350967,98.38980363600176,873.7990523114808,40.02634751883682,6.123154121707953,1
42.2918745639508,30.088337696125528,22.6136408343452,6.083819227580687,11.201378508580087,323.4872352431704,60.087030208561806,1165.4803369738434,43.52067283298796,4.856589525655348,1
39.3578510850998,39.12004083381612,33.035444029631876,6.479380084321763,10.428231696929068,202.04654585590322,69.10573641234218,1036.0768498962154,90.72656615901157,4.978678758492048,0
54.760719323111836,15.271457375104776,78.26434751766918,5.720868742617433,6.623795388174492,112.47234565390514,56.116744374642,676.4776634670766,26.404460736647334,1.3301757283453084,1
44.0800324239223,27.9134986004651,78.75429009919907,6.443174132918305,10.212212265401403,234.5207093816272,78.23484442285039,510.56611708928665,36.47242036969397,6.126379592472361,0
48.76548471560474,22.725551672379286,59.29566408632816,5.98764770520081,12.3295181245064,329.0363656257832,97.58044202094447,772.0515471303829,61.88168871136786,6.211706851300582,1
37.811059351567216,23.40066165233995,72.80640003238429,6.1981939729881645,6.6495567265625946,117.04531534833205,54.41292294041848,714.3603489427244,80.23717181712172,3.428826891171072,0
44.71179399318795,17.624418403834433,32.837703850447724,5.825200816807397,13.11791180984336,343.9170309164625,41.67905117427259,1177.3863680190816,12.410290601562803,4.649906212998194,0
35.55073439738931,34.754046269842576,78.32252565059741,5.960108735493794,10.626453195581833,309.3655308472451,86.03430611601264,1191.8944436067377,67.15412257844476,7.612281972893906,0
45.109102358209,24.557668124417233,28.56709100837388,5.653137283640232,13.604995754162534,413.37418766662836,96.972834375999,728.467725059033,83.64524733959955,8.337790189811892,1
54.28034814235404,26.302175565947923,26.067511290899496,7.339802732873842,7.185129741779005,111.55526890878474,12.918164086956796,519.0271868239495,39.063215208418214,0.1,1
42.684134259716004,19.142827383919773,26.732692354836374,6.560821375950807,13.948519994826523,412.33893792749495,57.81709654738779,1128.4876397143241,26.80542306401658,6.491504636073032,1
35.77992025149823,15.454253970008493,54.38767539635388,6.293483942525479,11.154182927757414,308.35081830324276,79.24599925459974,1034.8338205335947,61.99634320974435,7.324074047222391,0
35.619115818386874,12.577311646084615,66.85846404308313,6.570058425537567,10.539953595848502,248.21173311188457,53.33394051563908,809.0193653245581,23.146628611446236,5.128099801380952,0
42.75973519893739,31.423574227747476,42.00003067247799,6.756586456963105,10.122236992896683,486.15319054352966,40.91969681929487,692.2837144121131,35.58607718925575,4.405943339215175,0
38.200498729263884,15.887028450635668,78.67375926716758,7.343757586738699,6.189234984786502,164.0478188944212,65.52298211354206,758.532662079782,81.72220366808224,3.200328616143339,0
35.46704192656372,30.702260625663932,46.065208287099765,5.857385904572626,13.517113532396625,316.5300476364426,27.012809451334828,1121.5049402440882,54.12992973322397,4.95894754512726,0
50.124272279003534,21.711293381408616,29.026913046392977,6.091104997270435,11.151955782833586,228.39258943699136,34.91337429383694,547.7147582108307,9.547953993985987,2.15754982486914,1
44.170460177637814,22.473244029689546,47.9580048911682,7.451578672688229,6.73301187599433,310.9945515181343,99.22766588813447,1045.426816898777,30.672777830173384,5.526434988482212,0
40.78489543945309,24.07532488278315,60.74222992534639,6.242385973297049,6.167617362356199,320.9101810321648,63.646533437449534,414.5525062617243,57.45386486056385,4.277802947985068,0
53.00166366032961,21.031255243826294,69.93354683026271,5.545123301514655,6.406269113894011,135.77929936993831,87.29272983110747,1136.457594513668,44.33478734392101,2.33768592573614,1
37.322779204010516,13.018599316677703,47.526097397395574,5.795286985274318,10.875166107457925,364.4540587673399,80.77685130371435,800.2378237169646,60.430538507643156,7.151416516849799,0
54.11837657910638,19.288954300085372,55.61640956295005,5.552677403497104,10.91212331915668,353.79259836760474,65.22725543940241,581.3982610729378,69.52972759123065,4.508908292511684,1
41.279334347547056,29.912030820818153,36.0406827295312,7.479846284841457,9.997338334251529,407.7869098537856,84.07290824587731,402.2852022537459,44.255360818423725,6.887016710195628,0
52.768073446173624,29.97353204406613,58.75499158433084,6.057741697982446,8.454126565223612,136.2633974636684,28.7158495433571,847.6371749958194,89.82565176717445,0.36545857104086943,1
47.05885752958923,18.58672921719983,79.15831663702062,7.347085513872452,10.25394185291713,218.9034187614751,63.71164488122984,595.5902964478705,83.32064881065104,3.456303977451034,1
51.53414719482975,23.803078796730638,22.94321435526763,7.491772551519432,10.130414567010064,360.0442398912405,59.06034895239809,905.0114688086746,6.391666546179067,2.379829039490451,1
54.68026326420929,15.803416840358125,73.19184024231006,6.699682442286228,6.155324479012525,154.6923303662434,62.24196007933448,624.9354251616378,24.978802397519647,1.891468640642047,1
40.768108756374914,16.31116244589507,53.736950166051365,5.566392630131124,8.259753842619984,371.0392843153769,16.86319271467752,470.4192233521815,28.048916107880565,2.8844790868508827,0
54.22270970815186,10.691412652198222,35.125919573737995,5.663183260773854,6.425482731737196,123.6106843281692,27.724303999806843,804.0413038748475,17.586132100300954,0.1,1
42.789637898048404,36.90239649723234,77.29338260055547,6.463178110215756,13.201238011581243,233.9726211838511,28.66583187925391,851.5885890305155,29.08148527454322,4.231361658061399,0
42.71023809473844,16.321199952247184,49.001258183533935,6.312344025822972,11.801785302281083,438.6844489330076,60.19461625727632,762.0720204316406,39.233856964191425,5.8792241555414755,0
41.80774208509011,16.826016308093898,39.90141510040314,6.712354611563535,13.968921361543298,409.71651615246407,97.2546880439786,766.428443463825,5.639588109321197,7.897538625245308,0
45.8281521469517,18.388042979353955,30.88985769625047,6.3776956194227274,8.417370106442302,357.90428609083517,95.40675511821482,871.7201023200123,12.457021251917304,6.316250216008614,1
38.08290086356974,13.82224215086287,34.66713261539972,7.368153698542969,13.027886782055283,448.18336665004045,22.718955298969657,821.0828075281228,9.66212909141354,4.966955834550184,0
46.07422970716023,29.177886495440884,69.97094249548655,6.569479430827022,10.824434143459854,383.7078176688802,30.48452430667725,506.0540310901265,5.168524523198553,4.4167160061230275,1
45.83409624820008,12.254288595327598,56.86460055902995,6.887452122924884,9.62500325522884,307.7500420843212,3.606189227916712,557.6685171880258,44.33473182714566,1.119091622078646,1
50.2380362520974,14.026072789790508,74.79473716929897,7.292970545284993,7.780584890309081,491.88700015431465,39.881558985939414,513.43283314324,31.042277490353055,3.85582696320295,1
51.672999238751714,29.342701797702787,33.918107129467145,5.7937437516664145,11.907137322289142,377.9424319157278,83.46741216803636,954.6364657757966,85.19025066847402,5.949537529716632,1
43.80882700624848,20.189818614443283,27.26831443093409,5.959469308237058,13.233125991234399,340.54687072520125,91.575173898614,822.8787297335728,10.248448189756402,7.30959767694752,1
41.04666498702987,31.238434801035673,20.3652518585354,5.714637320948031,7.882467184602966,263.5482243814258,23.64964795679436,743.8840988247425,84.3431802162105,1.4834454811761701,1
40.18669794634189,26.72274234010426,50.47172225695962,5.779276798459825,7.4031226797889005,460.96499943162013,26.57944734888392,1038.6711962182794,8.789105565951328,4.557656929649938,0
38.892476734097436,17.68063519184539,79.89841582291929,6.525167933868467,11.569775320038936,218.28363824199712,22.084981650875367,660.6357278086441,56.72956119439915,3.729840512677685,0
36.1529516439805,29.524838514679843,61.69791612911834,6.1423585179349285,13.815785301804153,103.68783768436107,35.01035675745787,854.4853304727689,23.29573036386883,4.808034507795711,0
41.84895957669427,13.488210408786419,38.50367551790876,6.34634567905351,11.999640808832623,178.69620897294396,80.47593985905446,459.52608119215876,75.41250818444873,5.670042680247565,0
40.40495384261567,26.092311492400913,72.61151498157031,7.464979663588124,8.276645912381191,143.80699677694366,64.68574698844601,995.5232670600896,6.532734433597288,3.851048902071718,0
54.32834771732814,23.11444315135104,66.90333595927758,5.813408695591896,9.359643393182285,227.59750966922883,78.59409178637,956.1539558524719,86.72573401926628,4.586575338115401,1
46.15417652500088,18.036207484523224,20.924909964592356,6.581624141596151,9.074541083666974,430.351470983382,58.30311063353062,1041.9037034375056,5.253148029961014,4.5305344268952705,1
41.94554078061015,28.120149932185004,69.01162883246135,5.6977423101073015,12.816760144376364,360.61187414600295,25.77330780591468,1107.580766413243,22.700194147120044,4.638536350831048,0
46.609352019873924,36.14000777020848,38.03160543430976,6.136992626527757,12.17096623097779,167.592235693485,22.799418021254414,1006.4226138363349,42.7766253460651,1.4384210928456902,1
37.78393402691391,39.9671409928923,28.980407875016066,6.555051847349198,10.711803478092161,415.5286884369354,0.9000705863749792,1075.591912101835,69.04520979095939,3.8240691721289135,1
43.880874984044056,28.232883062302736,33.57985038422447,7.393263491930675,8.199672883175225,301.68794643976105,78.09821368740725,676.5236791693796,86.60014457890321,4.782946604773329,0
47.524686428421276,22.141176229875107,48.11478826250834,6.282456442566966,13.503908221776449,305.0858496473188,84.71212261647177,674.6698896119517,39.52381881649384,7.377417414178905,1
44.77795663584903,16.75621300648605,45.49207562408066,5.629813392429339,11.226521798153172,244.84487239234932,76.82825996284163,1155.440655919853,69.15790844360855,5.267512763411562,0
43.035576013086484,17.71288268185335,37.33323796245361,6.276322895920634,13.76381317153426,445.84654592880935,7.440205772849073,1131.6596290609639,66.44462990007148,4.950716321029605,0
54.87696777799397,24.38364934449297,30.333099332421963,5.7914823517479554,10.640936264336247,227.33092154231707,76.2221627169866,838.797872884178,52.405200576181585,3.2130982100718706,1
52.60629524297854,21.018331038421277,65.73384737853016,5.959979226582891,12.569542066908912,137.65590426787546,4.5767453150269315,693.2470282181166,63.18272584907377,1.3786039850164586,1
47.4681191631888,37.414435678748326,79.40658702409502,6.736181246329981,12.504843035156213,221.09159758877803,10.559306570639116,1092.8012242070404,4.42600147595601,2.5724727570602535,1
46.387547223645655,21.048864029671286,66.66749482518142,5.634847732407364,8.698630214668736,386.1414185071543,44.04753729326673,658.7289059418929,40.741966080776216,4.164382285639058,1
47.41320959649168,21.203337734363064,37.75621806029247,6.429447512500075,13.712165783657825,363.0327547213315,47.61470089248401,522.9080663155555,71.72746246540274,5.741351731962425,1
39.02624215644867,21.50603537301931,34.688537684728004,6.718923172021529,6.175531740780512,175.20686142143114,81.61186366186963,911.594140004384,43.679903050245784,5.1805131702119445,0
42.90275486528637,35.09860631102974,33.059952563956294,6.343716784734994,12.149687270139314,144.7137196419768,67.95268920409106,434.09744778637355,79.61541258042536,4.903058792355672,0
35.78919065781798,29.523649625407057,28.201704469342175,5.538252701247461,13.724456686112351,364.3463033606985,15.332017863121628,703.2815249331904,76.02740889082392,4.7601227675804365,1
44.510920749736535,28.42506550956678,53.079832981538075,7.471038713805731,8.711265626269782,370.5507342619649,22.61467832288013,1046.1310525556976,78.71014271551292,2.5608157286074293,0
45.86049167915326,20.024290671515864,56.32402231720065,6.23423153468107,11.184884702327775,246.4598548842283,28.567518825868675,636.1729565542678,12.69970170653795,3.2415662323146086,1
39.554994722064194,34.53712530497319,62.330159639788235,7.057154373866534,10.497785998753685,437.1205534116319,12.367263745485834,1145.0523832588265,22.972701210946347,4.229256314182098,0
54.28057694331028,11.150915840671034,60.81280225602008,6.151292984374907,12.09205847741219,491.2820815199667,28.76448863592307,1164.6597332933097,3.6637545890917314,5.313776537433183,1
53.18909221874484,36.12391517014339,37.53999867700295,6.450033513986837,12.929423373160418,182.25808937975816,72.8598155539733,1052.653040612095,89.45206541767497,4.313822915741555,1
49.44286470911812,25.382496993817888,39.81866032381079,6.276927285221993,10.824356554396385,330.8274862824113,24.140147010728295,1190.1146551936502,22.25243254750858,3.5057555114647005,1
45.667732575307255,21.947507045902384,60.89087212654027,6.185078459019215,12.527236691051655,102.13853160157566,83.53596470603864,824.6112892091501,34.0384001034018,4.594837556580026,1
52.3993831929537,24.91501842153057,40.9668584470177,5.543702754415557,8.49828460711404,385.22175841051495,46.95169951252078,855.3596417111772,25.743380250559255,3.7794833144220537,1
37.613046876469255,30.022465916014934,32.75739137715878,6.220041875709007,7.828696469638535,265.71284542532715,32.293576124438886,1068.9334522163826,4.581426056087559,2.4121541650077805,0
50.8101958854977,10.38296279553692,42.46016922180438,7.27897998079906,9.445341516262722,177.30769076126592,41.24181045488731,794.2442046304723,24.513220864909762,2.1197903879104985,1
37.49641627933697,36.14655569374743,36.32504945467866,6.880786677187367,11.421892796646265,400.88876870575046,70.94967405934915,725.3760054664556,9.837609958693653,6.535462482938931,0
50.88421325098811,23.402185759341783,25.298763273114666,5.79084571819088,7.497975591509789,424.25951902243224,51.679270324599024,891.8028729396312,36.48547777461262,3.599582773986604,1
40.515351365027136,20.288995591002347,69.80833413659921,6.682310009245478,11.44281753721513,144.4666004703749,0.7278663975058053,926.1276086791056,88.01417065030981,1.3971543461507117,0
52.541811620363774,14.147366969021713,71.18668334942218,7.2844617198977435,9.15274918857654,116.3983047352136,92.2323846585075,1000.7166573569331,63.8436134857436,4.584192543094876,1
53.88084187650796,23.183961230753262,33.18501801001277,6.900068081929711,12.364602191141056,233.63137666764692,6.5996003001851715,934.5605578080683,64.6210710827093,1.4066165502459176,1
37.97591938810231,24.889683138531367,23.886331971512107,5.7973687847133935,6.294686536826426,350.3961863044142,93.86213488143858,996.5774362106628,41.78583399621297,5.413157576399128,1
44.25351210130787,22.109400834804333,64.32964624107078,7.235664993468993,11.343861102635156,417.36781087545324,2.8152823620054668,939.6477367110019,74.01736096205029,3.6653164083453342,0
54.6197475632537,30.359802814806912,32.69171755180482,6.103088026577731,11.198578693199742,318.4249986521831,77.09793349574484,784.356190800143,82.74557502258028,5.228990204125449,1
44.668148719462934,22.62689586277678,43.60612936621162,6.408152288624684,13.527483809002515,332.2995105227923,53.46747081832882,507.9476674691763,87.53950054754387,5.2877391006779835,0
52.270950450290904,38.8425273353972,23.848115134242995,6.552285519378293,11.706940428512564,419.94328870115646,50.572618060410605,1028.3545831482068,9.90912004717767,4.106982417020943,1
46.774630442626396,27.978325534707757,33.57617508550611,7.2010132087563905,12.370415171386249,311.53734968750376,7.2778502544004535,424.62332111014643,80.167960778183,1.675217349220775,1
42.50659815839204,34.22433806955727,67.57413669977814,7.363214990295322,13.236728126825348,344.46179609052024,23.874501033791628,1194.0000734090718,21.257459521827474,3.983151931282248,0
40.715671110517405,13.280677093284366,68.26378681491211,7.359305755581112,11.400415346335903,306.4869359906237,77.7547317065192,1062.766791951744,36.754021179175055,6.085766001600872,0
39.06446182172174,21.91873878837717,32.425089493262625,5.515908362557081,8.321229079679796,452.1832933470816,89.1259829922494,936.728486385044,32.09294752408237,7.282538113841339,0
50.235963827553945,20.105431043414583,40.15483070640137,7.343776971170914,12.958190396668176,194.20664743403555,52.911868105297955,1173.2854174835627,61.76170360781154,3.7232403601568054,1
42.730810136460555,27.084471644097754,28.054305145624614,5.608773932003144,11.980624955807802,205.59743381620376,35.334339636259536,889.9762251649674,54.81320862104124,2.0000749007571508,1
45.22550924401502,35.83340560184277,24.450357817095345,6.031547313634871,9.395500832007148,151.1845846407303,5.994320806421083,445.14630459547845,10.819438729123238,0.1,1
44.84650960002364,12.350146532860201,79.53030286690458,6.529975709455666,11.684233381199697,427.7867005977687,68.21785260663404,847.5057392116161,71.4540366563065,6.850505197720012,0
46.54558058466262,12.177243941341324,59.335637074690354,6.459851378008788,12.941511017449137,264.71091622494293,27.844661068628263,621.7633485255542,40.568086162134655,4.33521915875206,1
52.31154291249105,35.50953124472797,52.52579055189913,6.709419587774784,13.805217051130171,239.15757635249753,5.50137149921468,695.5820223875494,1.199965899668203,1.8197231589282095,1
54.614786871668585,16.385502581150725,65.92991002431796,6.458892457474011,13.618812031672443,492.5394868348625,66.58517290986221,767.6681246800231,38.305294017474814,6.419570180319974,1
43.15168417147634,30.062597633494413,70.40462958126345,7.368751359280841,8.602622614113132,470.7213465759142,48.57197935337584,1019.6805971110268,47.4698418172472,5.518787553232549,0
51.55037844212606,26.286343970824156,68.40288608268365,5.981097696429174,9.373549709745454,488.79507284990456,1.1962149701723934,802.3433714967649,7.1987216687406335,3.0390510239528283,1
50.29055589309435,34.986807846616884,20.992366957392598,6.048049388076972,6.87629283981897,156.91959870347713,11.092403910634708,779.7442326600631,14.60217334745814,0.1,1
46.47057902911146,13.752667295092106,31.20847389142991,7.341475871386113,7.980354296144368,456.5007252592665,69.92019292459442,641.5777101934768,90.42149543417749,4.966037418030851,1
54.12094287223866,13.893488971678337,59.294318127069864,5.653479027490512,13.059369667895602,231.48383975498058,6.367133306578854,831.8977934821623,79.4075861820237,0.9873721304801322,1
39.009490310568054,26.704550808349225,42.54556086823777,6.71912164380962,8.886799410234872,105.062708084745,86.59630648429902,598.7126835482525,12.999467741198304,5.298781872425902,0
37.18528420619243,38.39135960075113,78.94895906366642,6.863471904131222,10.964421268759049,256.5193343932275,31.132627741993268,608.7950523265824,53.227845972663076,4.3611481830257075,0
52.07923933910844,22.449932751122628,59.92428755829524,6.5110834468594785,11.327724946456266,303.6785412552239,8.866647043642462,1005.8070201156164,35.13189674956089,1.8951791613549145,1
43.78299633267497,19.808263007640846,77.39293452375239,6.888463757646274,12.254634201146496,143.28816942696216,75.97573781680654,674.037811607272,49.93663678299277,5.571146938059814,0
51.93937708414121,28.200679695936575,32.08678889874763,5.845509292023934,7.462400241965048,315.07104674970253,52.44272344530238,441.11973835128947,43.34816742106485,2.398202669441597,1
52.8618041039083,37.91345801635093,71.8374216869014,7.205264465543079,8.438505076915483,427.7854336706926,30.66400323792976,674.9418287159847,5.333403252311622,3.6292176418453335,1
36.24915187238143,35.10783498533871,39.281138348913515,5.780051378939771,9.586690731665445,251.0603803356776,40.609834166926795,910.8577662932952,29.387827989170475,4.323738852705851,0
52.66929525972121,39.864508321996595,79.37388849426841,6.301624888631499,8.918728489906188,241.05792261372088,2.1412395604825885,1051.1884693418579,12.2968523825314,1.5443162196459999,1
43.96638110738844,10.677057496071313,29.461320324388836,5.650515202616411,13.86324186287752,235.52416809227097,66.2698537539429,1169.549345113889,45.00712830616729,4.933550808059469,1
45.20864978008464,13.385744341382868,50.9803891302996,6.5904221576348005,12.6795264257097,469.23777835347676,36.57736889634445,996.9763371799808,82.6585047981589,5.992717141711902,1
47.531850221864204,28.28403290099866,67.57067203022731,6.839491614851278,9.83749403696389,119.50323951607965,71.40375697281297,743.0812875334695,90.59794953125895,4.650194541996162,1
53.52765213460174,34.617293180015494,45.95854883624215,7.382443270190581,13.034149008691744,278.0304567971821,62.81711459525472,639.2954233639662,85.98277616342243,5.164027619104596,1
35.38232188859528,18.557330269202996,48.0850436112588,6.978672391792002,8.781223580666374,205.83978165988674,65.1254185909738,503.7039921367115,89.7127412477329,4.283535667150575,0
44.53686936635634,17.176332641026562,79.18134773034447,6.582205832908302,12.286626591122117,457.52281015499767,79.28927110044324,902.1491475568915,2.372168420231966,8.695593723437556,0
48.75444084861121,33.609273981436026,45.518489018069204,7.365234034340667,7.789404784851629,138.42090543352157,63.115807837625105,807.906651287205,66.6502280599625,2.4138905355207587,1
49.45413915396457,11.691455615596947,56.244326035943814,6.456873676081753,12.178576361810928,264.5771066721643,41.87259292418924,942.161213155313,25.565392915888264,4.4849226237157,1
48.85064863074216,21.081479427477554,23.272379640509044,6.622411306197739,9.651627225565827,262.7264608124343,38.99275617346356,589.7065251640556,78.90561804422234,3.0879235233983904,1
37.688702588162435,25.174276677769893,70.5326048126156,6.692197055340191,6.859994567937939,455.35776701880906,11.958210676485582,658.9153344879564,74.23601415616382,3.323966345475003,0
40.98791176743362,26.810460230509705,58.89008293877261,6.3199594517731335,8.18609963644466,186.1973780163878,77.94434131562417,633.6762795989112,39.13071182946587,4.486277036247078,0
42.17431050834027,31.858454703783305,44.24120617176881,7.176965381131648,9.218196992188517,357.9581641206444,76.11084417546218,1038.1214737395285,43.59346075928418,6.217381379584141,0
51.0887441535901,20.645371702919746,20.970172397271185,5.870351877690118,11.994343293315497,153.76245075511562,24.629836708552343,536.9838518906774,24.8582502093285,1.1296147783196568,1
40.575197448291064,28.380530340238217,55.50012923561023,6.609684380743216,6.583861717847607,481.5902856322171,86.26819126981447,886.7776936195964,26.992363259827172,6.025310409636324,0
39.21409927734406,27.56126268372869,20.759469709049732,6.9444665123743885,11.276375960741117,337.20598370891435,58.900325779062825,441.0840126072854,89.30569810244361,4.463981936033285,1
54.14896038076192,26.428483019612415,20.072216834541074,7.307952343753154,11.728109127462748,350.5026921282681,47.86868423945673,839.6220607213756,80.9967599803157,3.6297471846253453,1
35.17726570226938,29.214498794266365,56.96591372896128,7.2678367928685566,11.23137095940601,273.5093606641889,1.749630162549587,451.1311806024447,18.26820749034773,3.3021964504666292,0
54.95641711363956,17.78347513204229,31.341024040073258,6.517480578860284,12.085357105340446,236.9130850665289,38.27411858643163,540.7012726303899,25.797221007843966,1.8823123693231811,1
48.536425977147914,12.53946260753887,31.513252983085717,6.786322902326683,7.425348928182706,185.07057179795052,64.06707682356631,490.42024164284976,10.778319375603402,3.0945678858642336,1
51.56938598898234,13.578150161192303,59.19629394996462,6.288475472258602,10.696826840504299,341.5951015329035,8.974783768838346,677.3802831067412,89.99837046817223,2.213199403540968,1
40.89238792692386,16.73747147961703,23.221831276362458,6.4363555257604,13.529159577631038,481.8246981392952,45.95673088875483,674.9851341661833,82.6488865477493,6.043320533662462,1
35.2863055533412,25.00593806568356,38.80433368847338,7.312531585146099,10.8862741584363,243.9163816369612,99.3435951361596,1061.135424582605,50.68881882886577,6.745435438272597,0
49.7573903712306,35.2132825163806,28.965914128521142,7.361407986384948,10.890690775623625,453.2627554648217,71.65386372090676,580.5499611044229,63.36037935524131,5.037506101681486,1
51.68289194001352,31.038800262651524,54.81058218779203,7.29082811613404,11.891517136906153,159.51052513889988,54.68708875016044,469.1093934191816,68.31522456315889,2.802446679688003,1
49.80952263907038,33.67121812606142,59.70590928364375,5.776741723627277,8.665633857006872,474.4504083527203,53.303288493907665,882.8094326513037,19.343010471420246,3.977545646754372,1
37.857005746016775,20.52926871778274,63.26815121594261,7.200168042661272,11.603807210572324,240.19451355923061,4.3765082258194425,949.9605596800054,85.11997035980417,2.714185636823995,0
50.06855844513938,22.139612249456505,35.31387301511393,7.396727462042961,13.32987066650572,251.89088463733827,95.73144374079361,635.858892817163,48.406844234945495,6.345277692820961,1
50.378455642152815,21.810456579718384,25.35498509819504,6.22249938914721,6.087163784202744,285.1369028137313,92.8177660285043,882.2512930891018,9.32063837503842,3.404924007788766,1
48.1708103134011,15.756195532135045,24.72101941651387,6.5372925788433385,12.960904328870923,387.2977079790601,68.24047106754465,1020.8452544053152,36.73743470503022,6.0658797187509625,1
50.32231865591172,11.836499744307162,45.56909290704343,7.058190511625992,7.748946650070873,387.8613734756141,9.901164968154996,678.0423512608899,55.14819005589102,1.1203619538824152,1
51.91842879355464,27.727482784816804,76.7506645437629,6.6241562751312975,9.647386189603,291.8354338878661,20.78338967494382,820.2830719464894,32.754087232003286,2.8835615033672832,1
47.27208228474917,39.676500502617586,33.063742054821475,7.486967043412498,12.818782407621104,309.2611597255744,18.390953587558524,517.306618937856,63.9283984976648,1.5226512247346637,1
36.772094279393585,15.004891148507884,35.40449608049296,6.411426730313657,12.591297019653032,112.00419510965646,51.957848510121885,418.9174408561443,80.38449823671593,4.613853375131085,0
44.75255619334422,11.400544596978213,26.053328126351538,6.9278854224147555,13.135419825008448,221.71868062333027,20.780387450198557,1185.0943798486637,70.47029119439188,1.6763846982578252,1
36.5529866934321,33.385950454717985,56.33421643363582,7.085182280393088,13.52333434106021,238.40682969224378,69.58005615441982,639.7846804290959,58.83922180875735,6.517082093598269,0
43.150860620648615,17.577580200541725,60.79237243683049,6.488200831516879,9.577255654174069,323.49090749030375,54.5229885969389,623.1216405774574,47.094173327049866,4.727656130210434,0
43.142129782512555,34.88931416058785,58.5758724896456,7.213967611422752,11.250910486408056,323.3199069485218,1.7658177042655487,1178.5961065384702,23.9017137209122,2.3700924891497186,0
36.32019688280483,31.118100011035462,71.66781458268687,6.592309182414393,9.123827524208853,383.95991909114923,74.40572370356516,982.5868190104933,41.94515484976899,6.519600428947449,0
41.97641067938959,38.37020611152414,49.1855501015643,6.323301593603263,8.805733739937327,386.81091848723236,18.88287366539485,868.2383103523866,27.365761642435942,4.208140704299649,0
37.219961975826294,22.26781707270016,28.067422446023865,5.715647347703894,9.452763284781355,194.0842896848332,82.48851196806768,959.4587160746855,85.06210429807524,4.316823287701081,1
51.164704200184445,29.859095183519024,37.36430784226476,6.286827152700848,11.944609078261408,408.0748604419299,35.504543712297895,967.9412533563221,82.65800412879949,3.5436113028181673,1
53.95376051928942,23.94564342439812,59.74579840528111,6.967872909466569,10.011525977132422,107.84142721851282,33.86196799816364,1010.668704234386,15.02437449732216,2.0223013647821655,1
36.44632950515877,28.917660919256306,56.78731842449359,7.342572823360214,12.512477395586735,386.4647538426882,1.1817335778210536,453.75138513593595,75.03581990747979,4.1357257526402975,0
54.102304145834026,23.48796718023212,51.86018778457775,6.003358807720621,11.961747817569247,140.82444140776926,98.77289829230172,730.2651358263104,64.26232270801663,4.405289274386177,1
45.451531986734906,15.658967392722245,60.97786512132123,6.210471034661005,6.163827688995195,391.8592833684876,61.20043391718638,636.1042542664131,88.76905485045442,4.509290052637291,1
40.991313559077476,25.236922480101427,58.24345102239796,5.807921988208852,11.041905256849294,310.8472362273617,42.273016618599065,456.45571081360436,42.697591174016075,4.514834221805373,0
36.53724150552327,25.857526043123272,72.8794933678971,6.881445788457937,9.49256898646873,274.90180027323686,9.662140446133904,730.079197477143,65.99569342729448,2.2994095242225394,0
45.01248536140835,34.31811544780483,55.1609826486978,7.42037686001985,9.653031913209134,376.2665559045716,69.91480641510168,892.9387883305174,47.609552811553876,5.1644337317684785,1
50.89031088981497,32.065621173807436,66.71608152203339,6.781904439696351,12.546984430959156,114.54833349889309,28.273046999193884,542.7981439795351,7.246044702312013,2.1852823129119296,1
49.14172954533396,29.913748718243323,34.92242935798807,6.734153060012453,10.380863888677414,189.38813027023133,98.8280818375529,644.021395110283,5.208827476309093,5.8711763561816355,1
36.00452022927948,13.401612866577176,60.69095507534408,6.606979861000868,13.084974587671578,346.57605698706163,95.05473591493231,911.3366575337232,11.990029859180723,8.916299854410067,0
36.45803670735807,31.61848871991145,74.13164710296054,5.676911481371073,11.702444739133522,438.8861626523272,73.52966788027886,863.4597260457707,27.65719574671752,8.066768525174556,0
43.05746565265274,25.00915469063544,43.14393967398999,6.959007652858768,10.422720070112423,252.4430547780468,97.1071930282969,1095.028370538579,24.320179523068777,5.9217651769779875,0
40.90580988095886,36.82298608318477,66.7462512403188,6.704099087098702,12.03630380920883,203.50458905342282,10.563386245376282,1032.9847757203067,66.549400183531,3.4573370512241013,0
39.647686461120955,37.59612802391628,63.48735807172612,6.822953537712574,6.306792407403258,307.49457431559773,27.99153605365452,1172.4888418288238,65.43304614299117,3.3462337416451007,0
40.62008997817427,11.654697718053564,23.571571812309347,7.297622186054843,6.216669238625662,348.9261009547365,25.324328879117907,877.7546480907017,88.42551218644347,2.3279047550735825,1
51.06965486593769,34.619246810634365,54.89049857744434,7.067921574122035,6.6667946153668165,268.0412125622986,7.20126584593025,958.7738931293011,28.935174289815656,0.26723450783383773,1
53.58456107263708,11.130921712680118,27.811360952048144,7.061830504309052,9.500522601177142,450.684273063902,97.22265979714558,1088.4050070515223,85.46068754025336,5.434333033392527,1
43.10205389055133,21.01508877085068,78.03915033383547,7.354367537758695,7.883601165015545,309.37548354400536,5.997408664689385,1071.9939558602146,56.15655431389616,2.506683449254921,0
53.12222004264994,26.268999268632374,68.68445016203937,7.479869902926,13.874090355326278,114.329435028234,85.66889039943297,974.9773136209875,45.577783989110834,4.960504028277088,1
41.42991402495764,14.443023958813823,26.583428074827207,6.662565463922119,10.338321112090934,189.22158188247616,76.81614245768392,800.20496749918,61.10572400318942,4.6091747778678345,1
44.528739726875834,32.3894143770723,27.305119858860706,5.717763232062332,11.299325968649267,280.2588123671258,37.58670874714595,618.5655105845831,64.24799064270282,3.4375432983561955,1
39.52057995631999,10.250641125164158,55.668431294757134,6.418259815550873,8.230561089973573,379.09020760677333,1.8807362629798985,1101.7726031483248,16.47361259733173,2.828462190947841,0
47.80952084351688,15.057971453021105,40.693350450390994,7.075202292923288,8.57437526870087,187.90089751703553,0.6095904981869515,1021.3243537898439,68.65439531817317,0.1,1
54.57962230349618,27.42390489560427,22.094351544386555,5.555450649523698,8.683695313129247,490.50297588696844,20.399384069392323,1070.3255615667833,66.2655488020279,1.900352799061077,1
47.069861920867574,31.431626861118772,52.49849046998319,5.613774876712299,11.589885641202404,227.4233032752334,49.38765800337931,512.6314545177634,90.7779055553901,2.7135596781927793,1
42.15628168227098,37.49929308081748,43.27070598115081,5.634315564765643,9.789649661514467,312.99208274423535,45.79099781851513,651.8503025514196,83.0753002605228,3.990338502412199,0
47.956348919810566,31.164899558038716,26.06458954230456,6.962071516656621,10.141469220240594,107.58655389241648,58.52925765649275,739.9080303197209,62.619420851586234,2.989281104223442,1
37.45841356930775,30.153378107645977,68.11522353535895,6.502333257126344,10.736023857274763,453.95628857232174,77.1959309660762,1070.6815778404484,65.11273417869876,7.429742930543806,0
52.77318160530797,21.83023439051993,74.90460591672836,6.237795887041187,12.150493249905736,415.53386141007337,37.73546148602057,1114.3093381717244,86.13870704511267,5.010177876783439,1
45.061679015596724,10.038532765804042,65.39563604084779,5.711234090523472,6.722957988099825,178.18320171823706,16.036369550931738,627.914171404229,88.04604456857574,0.9857726191387124,1
43.98699484079284,13.604777762068657,69.34533860097665,6.964480500411778,12.214991297750572,473.29467649593715,80.0048916828424,949.1433338126118,75.42686774936146,8.615244915031383,0
46.71729576907038,26.036636342681174,32.989434035967044,6.1420396211018,10.50588055100144,226.33590551896185,33.26906813312108,462.2513649220507,70.06541909564447,2.0618888500609436,1
47.49567725578805,30.25389657533259,35.81437705511606,6.030648140129334,11.352763558842057,376.87451535204684,28.688189779335072,727.658617575009,11.022924102840198,3.036163200191427,1
36.43551612453026,22.523448516893875,32.51165241795127,6.804638403107102,8.620414118726096,427.59052720663993,76.43120384292354,789.3352862015081,75.72899723325722,6.389244897208307,0
48.65234442446805,31.920370345851705,65.90380588193383,6.618021785193683,9.275094694531592,396.36578449487234,93.41394380831444,1012.5062519192927,23.787611061021146,7.613418172308934,1
39.838633606310594,25.655868859965363,76.87502473606983,6.2248212836266035,7.849326557231362,467.03311361193647,91.49612820107569,1113.5777894696962,51.74058664172916,7.227139239360342,0
49.279052650131796,12.225285867829367,63.010232404034156,6.782974941611176,13.834399979339242,445.7099041362834,13.744242585717858,669.826588659565,37.48352233940518,3.986039770913941,1
51.450695887683935,15.760487529038464,72.88800589277335,6.042443040768236,9.976023780082533,497.844605636644,50.31581534692996,822.191111953521,32.10465705735169,5.345882053672712,1
51.079170151050405,35.19994669731829,58.321945692990354,7.089660523208654,13.968615326372783,173.04456503045822,9.28702837281734,917.9585778940193,28.922500132035406,1.3151485649907384,1
46.05001934815778,31.747382398733183,43.25959403352795,5.958637900615308,9.91828782449013,221.90472049068,96.09759589063998,662.9497831574517,77.98843725917408,5.5242764342598925,1
45.40339784621502,36.842859610374845,45.54569689581831,5.817675390764031,7.758010115072539,354.490346972652,21.522788587683937,1188.4305705392355,70.22225086046598,2.9761400580784305,1
37.857519226788234,13.526717473628096,24.51928593004429,7.06487881899775,10.059619173894854,393.2188743566335,19.742957476577473,1100.6195036560198,48.11038771678313,2.9710697838694635,1
50.506923008062714,39.706676038452215,21.887431714761565,6.9157840613958665,6.316764574392622,313.84202182228364,88.88856730064795,637.1222630932933,60.80324444780111,3.9561751264705958,1
40.42818760893429,16.28220141849801,61.72853625134464,5.865277951403597,13.238158411375611,129.57134595464598,96.7850555121965,806.3569847992387,89.60751553096081,6.717536521794701,0
44.933908456358935,10.35339628859926,46.30573352067084,5.732491505379876,12.548402009555529,436.63809072015283,69.76322592952566,584.6724905977956,36.77816222001488,6.627463078287646,0
40.68548185855033,39.92268817160662,53.13290408327777,7.176798176973384,11.806564165554278,484.3497424085088,12.100503369922489,811.6031351226678,50.59905454086175,3.888290676713697,0
37.67656725999386,18.432216563353393,53.45967485734498,7.053196964393376,10.87861372353968,262.2067375305579,48.585561054067384,946.6658758586279,49.017134131703685,4.496541597872117,0
47.59115393783473,30.040583575376797,36.64254879999808,6.154514747399329,10.638673869362904,189.92499267953843,81.66050940616037,468.41687423439026,85.23751376365617,4.277602352694451,1
36.086640696458076,15.300469425289156,48.55355064976944,6.816394816426733,13.973825712635703,107.72550198483502,57.247718370824515,1096.0937638458174,32.64061758497732,5.437299161165619,0
49.972904682524,27.406855965974252,48.24561330006213,5.748320373095622,8.223979472159503,194.91961443743412,13.259485472833465,874.9966947572668,89.76292751959708,0.49109666393490137,1
41.351735905222334,37.121049593636776,43.30563327367142,6.5140953180953565,12.237474922924623,379.9675099353689,17.18877495032278,1191.6823188616013,28.422785221586643,3.518364845014595,0
35.00269386008971,19.605435022853158,69.24052300406423,5.53746058412084,10.651238161709259,464.63575506909217,86.4141675834805,420.47320579960257,10.801633179162891,8.442869055363882,0
45.222582784744596,30.107619281330777,47.06984022125575,6.283203761843111,13.80704435007108,137.40522657270634,52.70291636874834,1065.1986808785857,18.22361907178505,3.937113738820725,1
35.937038170552064,15.637107663952495,56.21867147035927,5.64968564294281,12.62242546638602,321.30367486477195,70.58367737667123,1033.5704386036382,39.35992076777963,7.969200983349548,0
40.523391156417986,28.74386196156176,73.73120722284956,6.450294360313765,13.988200903916741,378.21249940473297,37.30625262330648,506.28200963202585,59.47803548499226,6.631061696701094,0
49.139529749114324,20.093510554525302,71.97401737153535,6.343363293705789,10.70659995569957,210.55232844250745,53.24855829188415,668.2445080667253,47.514269802161756,3.46731633870104,1
36.253792432437315,16.33624775763855,73.4253322267499,6.388770053276112,7.63635166035948,327.9588156681208,97.71031403876917,1107.8369624353381,34.8650358917,7.1992051920197655,0
51.78676984712005,19.395461521109056,36.20029978790084,5.590662604095988,10.02949628555787,386.09937040230915,32.97030369681381,814.7634360578033,51.58299391360981,2.6475466472228364,1
35.07639845317166,15.365232055233982,22.09894929848377,6.223232682563665,11.688889072404596,435.0876972541507,67.47885275082744,721.0251899737912,76.49256486832014,7.338450206926071,1
39.93647738403804,37.05748323513649,35.66400799371975,7.012967698199833,12.194883089452706,280.99994032799236,17.250555719522975,1124.3971458006736,76.50379248746317,3.474601280887692,0
49.81808112304143,21.915606589513864,36.72244073724252,6.23782874670724,6.0040799121275485,399.14288756758424,12.17398852603333,474.67561958164913,66.36050993640076,1.3248628976206545,1
41.325402994586135,17.35837914923102,74.56161960349809,6.9303439052191615,10.040216708018352,220.7131886959399,78.36401112590298,778.4982263218051,86.72036124190082,5.734608595451809,0
37.03784776132027,23.45223523047799,58.95456397027824,6.238957447267467,7.8818766397651725,185.21869870886346,84.41082099871656,921.8992783802819,54.118420069405424,5.343638696348386,0
42.20467837600856,19.616085004194865,24.902237576133725,6.346478882980373,12.999294666038306,174.92549843626696,66.83116953494155,886.8331512120101,1.68918738886801,4.777082606253651,1
40.40786572769051,32.33257761439978,28.12271576066607,6.627784225658532,7.223243552401828,243.54909273029048,15.819583754447509,611.4211635271132,27.18366695309419,0.4726656762573085,1
51.8542380432111,39.136597356564835,29.340567532518524,7.401363873614165,11.331649996598667,114.35187271553961,24.05879656425386,850.6503236274691,30.540043404109063,0.437309607616947,1
41.26695835170286,23.141009700929406,57.82530489013539,5.71772089329331,8.1284975225994,213.1967350660999,91.11757080951116,966.8494114287854,50.2593469573031,5.050045359166069,0
50.778649435520144,35.83100199916721,64.12484153042018,5.565827537322347,8.852337145714177,360.88912977729126,28.87040487997563,867.9083258613587,82.44005242487339,1.8974649712565608,1
52.8374428962147,26.975892206788586,71.57863463392377,6.7159143676200905,13.52447408605476,359.1676188640547,81.88605161971175,947.5697807818578,76.43034671887847,8.273798265979655,1
43.67634839153059,14.717069952827003,76.43819304837459,7.398194177856853,7.923585003264636,129.4215225965965,28.59372889104016,604.8629915110323,21.895568677747708,1.709817862183736,0
53.19886287708784,30.718682262440247,32.102273443186505,7.47944626510943,6.760022094583445,214.96624683224806,93.94625693234346,1066.2791602174261,47.74512123496623,3.2840371273895705,1
42.54636107926386,25.403034913774604,38.58634908344294,6.468328494784004,6.554279211553807,327.82306587116864,91.4452912837003,759.7516295879759,60.32337718860655,5.476823980457086,0
54.28156832980216,29.518195697563105,34.41937284468984,6.436163242170197,10.036920880795698,227.42085500124114,4.326317362878795,1189.779075283655,89.87603865680327,0.6401824467155997,1
36.78579049051146,36.69062237714995,41.525694047968265,6.789927541490393,11.133691858274304,267.1952096755494,77.04139868674086,418.62825653355003,3.817253742427719,5.755560100783246,0
48.74038533006485,23.21303711968138,74.87990644542496,6.61126951440994,8.618349148567098,385.1243028463056,16.946176023440707,704.2522969981146,42.748958509328766,2.9253806612382465,1
44.87628080913858,37.035328696520665,54.50675401636169,6.768176115228236,11.522077934344647,103.70673178265201,21.52716259063815,544.3800418440887,89.92977886069481,1.3549688645587383,0
42.75297610911294,32.52007042844964,64.29151383946994,7.2479988510757885,6.488269748585902,210.55741763537222,45.98452123314758,844.4876215952427,88.94852173252855,2.927480994492015,0
47.654237574972015,24.658147776339543,49.40715416760692,6.992612338975219,12.858677159383014,156.94889751400666,57.63181497494501,594.5640754988901,30.765386583786626,3.557827660115209,1
49.07714183268662,28.09666406973891,21.731474800167472,6.493754783373591,12.532537677913902,151.0436731057967,32.5799718970492,989.9823572539855,1.0015062632141272,2.671565893311335,1
35.087265393006184,19.76743397557034,23.85172915986886,6.423728918000339,13.883970171136685,483.61608657889883,57.53833655542092,1105.492689870015,53.80611264571007,7.791571380838275,1
38.33906177494397,39.507918992163226,52.27538187607315,6.7792034970262325,13.492039847214762,250.6241326249671,17.06583713411366,568.7074828656887,79.02449657136015,4.365141631797327,0
49.260921012686374,30.02053489151188,63.12734208920154,6.4114125688405945,8.849577311351425,310.83543396385596,2.2337654381037075,528.5420946414388,30.18675017601003,1.7453354041425884,1
48.32770827156413,11.315405574898897,32.91983165172389,6.41555870253128,9.194203072124617,393.52875482785305,57.122438836176315,1100.2857485827828,85.08429683503931,5.07564047621049,1
54.32095010257355,19.798657172440265,63.31457443953824,5.53261180357301,11.967718779826075,118.97898994402007,51.741525996231886,689.0175320708045,30.94321934001367,2.0121379356172304,1
50.220755805015656,28.699433012771724,68.63994640901075,5.848128274814616,7.0726621756398655,196.40905542307934,68.9653964075925,747.666907967224,55.91811879753122,3.6189399940154963,1
54.01545415462676,11.689998333977194,44.713848701726675,6.477027279991506,8.512117681958678,432.859114937485,64.98220619678246,576.7756019548285,65.98414658634715,3.815569405879584,1
49.05081003069614,10.716525739574283,64.78515397064629,7.145306918100738,6.948327495805186,444.79624527115243,89.74863802339554,740.2518944409178,32.087418804582555,6.219832110430335,1
40.96104417278886,23.500727185834076,44.24179701970759,6.057454013454248,9.639091592582652,249.1803682563208,45.94686201615459,585.0400584623976,32.69857708173521,3.477011088323974,0
37.10729844501713,19.980705390780102,60.7010377673012,6.545286866262298,10.416034239082542,249.9446398607073,0.8369474692942025,932.7419525073448,43.29953467153966,1.9445915497907733,0
50.63647726689871,23.14895824099498,65.83982295917258,6.189924169518465,7.689283759702019,402.7587508435528,63.0652681596854,799.1011299840698,76.17010852941175,4.333468297399441,1
47.88298442951832,17.880799296400156,79.51559709848665,5.709607979079178,6.21305349531284,218.02809069994765,67.51324296032183,1030.448356770327,10.07656908060056,3.070292547627348,1
35.96372024786592,14.941532408289428,40.723799723815766,7.416596966142601,11.754846654004185,146.83763245599923,52.149498939596974,650.1824928538356,57.83314468589124,3.970159648395586,0
42.201009318019565,30.67430070941013,44.66244683447669,7.209347740500603,6.160041315409348,203.01418009623336,68.93048702412156,804.4760123672302,61.9613136378334,2.974699495311428,0
54.13599630968572,25.437133488034014,29.93720356461028,5.656984848933813,13.78722087142685,254.93789265430996,32.35838132361527,607.6186583817075,51.2085483990223,2.597238320403665,1
45.00802291420403,16.004626337481007,32.24438350410841,6.939574524936569,7.772858053939164,120.8818838380393,14.880830319107918,1147.5791441973051,85.22545486380604,0.1,1
43.65458272039409,19.58768278779995,61.603700155902665,6.195159808715,11.311200736930328,291.47210168006995,66.45536639564065,817.5485342328825,55.17916452410921,5.523672139237168,0
44.15399210318588,27.75423722989978,75.02273540926856,7.489699614123586,9.478013809919913,396.00300510911137,24.518642921552868,538.7699970543545,58.11190759693337,3.6830329882110675,0
39.17765448010327,12.166880448174336,43.67629709967443,6.104797039657956,6.477390882696858,305.4980577921847,45.631590928420486,618.2125273680233,54.97840251233561,3.5179883985450764,0
42.374143417295905,14.423590277985387,30.790666810132475,5.9774768907252,9.777468853075739,128.75813620580277,49.16227306116486,466.32157129924815,65.98168974353503,2.9629804793818275,0
42.39626511974353,12.197368123221704,37.10596996297964,6.635781096610811,10.134085074374397,276.05985253838344,47.71995504683885,422.2527964781867,13.186847408850507,4.496135937473852,0
36.04710040374945,34.369519981423565,47.30310228848832,7.170252326686408,12.837465664742947,383.5618432171331,59.844914367995585,820.7374608565367,81.48486911718763,7.036948001512426,0
50.351352570358365,32.57227699636027,37.439019761922104,5.885037743639596,11.858792557183182,123.23866159607597,2.9453708925858857,669.6983380204842,4.824309062714793,0.312106122878059,1
43.330088638077584,32.59938795637771,34.01474498731197,6.9188055394386625,6.634419798027091,123.93887589075541,98.96824949300881,1171.018764208245,58.666956404858404,4.224066145326499,0
51.44359773632847,31.489760304280843,64.15906932542478,5.622813166282244,7.673301467458121,248.24056127239308,71.63104739385713,537.0651170891874,56.39328389827972,3.4123744081944345,1
52.006960022397905,30.081562710096076,20.470695274437393,7.3378694862209946,8.495101473719583,177.98558564948365,42.53877817987627,1035.1301221895562,19.730901468398812,1.3394286977529564,1
39.23988109397316,24.30975746134525,52.353831640188986,5.662149832294597,6.931261491718556,473.91231652336813,19.13300302902443,652.7771537543222,4.663987631572291,3.074250024465614,0
48.147069643402574,29.26834490521345,67.62600842178523,7.328462752688325,9.655192567315925,332.53744149589727,8.01773224433563,578.8299088469641,13.49518573432982,1.0572530079780988,1
44.445636083259636,11.15084664363924,35.97369717904809,6.481614498905405,13.874473526900285,214.93015976235847,67.21904206261219,1175.7094552010458,25.450484945609944,4.987708330630085,0
52.603134758429704,28.64393267970354,56.19749063672104,6.39618222559184,10.116902329902093,381.9106916459803,31.695561495855827,1042.0612789966126,80.38951215031395,4.1884221641707775,1
39.31481358352908,33.33633116610632,60.134006337117064,7.446614159000753,11.935057346585355,249.97162054373155,22.9478458249868,904.4967131562653,78.01609637619912,3.377857579215016,0
48.556264006200884,25.010750811531707,59.3014817843054,7.480768355396438,11.463502381594768,152.846257751604,37.99543871123334,957.6968297790016,6.747001683944654,2.538676272512613,1
47.15504244505445,20.72539985281711,46.75097805192306,6.8003562519220235,12.799291480737104,194.89289193743215,59.29230878077101,1193.105179880472,27.03412072276164,4.295908201046039,1
40.90602955143665,18.322802044029373,40.79467927254675,5.754238583714097,7.725787923724876,357.0989137837503,67.17052166840011,874.5659270599094,81.03846189241484,5.166296357384967,0
37.732018073023454,29.284061504862475,70.15544438166881,6.512340171310405,12.030610093544226,120.75044239879666,64.51700693545301,481.5203606455681,22.299312560015824,5.460130241705307,0
48.03279520954553,30.784035958897263,65.50675741999186,6.558326201911325,13.050841922445997,209.0756160192255,86.32655834919736,451.8929013611051,90.6368773438798,6.347581944220965,1
49.771949162646614,36.12902799587628,39.275310404834755,6.52889285627062,7.372078583841942,183.32459105686985,21.875743107011523,933.2854219790987,24.115617620857588,0.8727614901800647,1
41.312546875267,20.27002247382972,26.181151666532365,6.638983677040019,8.774417758304029,180.4540442706128,63.67461631971355,926.0809151401186,67.52019310038997,3.3497260356163148,1
47.89665208044627,33.093169221567564,24.308452726728152,5.537449427588781,13.760814114652492,373.10496479038846,10.11143761860941,998.5390343824708,38.53532562142542,3.0199232852821787,1
42.90261815223006,26.840674725680138,25.65655867393616,6.922454562941005,12.24630276783834,430.3267667017458,54.793468989917784,487.022984186091,13.26200968400721,5.780459659707662,1
49.264137665652356,36.485094720342374,54.97216167152257,6.924788603905976,8.260726660300259,386.3466432257035,58.395840248967126,1155.9218198041374,23.963915199592346,4.395705194649841,1
38.98430549788106,25.834363248868623,23.09973054973938,5.730939550355776,10.511534157155896,358.29112632020485,21.623729893417366,840.9267311285158,61.76062680593063,2.870710839102209,1
52.80430005272349,25.528894851939015,40.2156124978423,6.640478884891602,9.23460898279583,466.5807087271456,39.16931299912368,919.6444168169724,31.335076183280503,3.8071589921576554,1
40.748191929311595,27.33631244322727,65.19198211485376,6.636722364871549,9.91972141061704,123.35695216971874,82.71928895838025,427.8819067025042,55.37153985404305,4.988774480268425,0
42.35571975512306,32.47946065427303,37.66088999092268,6.8649008403808,8.841329531125668,166.9932343904963,14.840905375296343,1168.779371612459,19.497793849206367,1.6305454967227813,0
36.161839041606996,38.94071436485383,65.79848463080779,5.670795384270162,8.234648148242725,265.76274226821283,43.45061976158402,850.0734789951589,41.372287496452074,3.212175019358879,0
37.23024424642553,12.206900626472969,64.72802229242332,6.753006614532193,11.39810433113135,248.9806574015471,93.2733071211452,850.6904903957029,47.10212022558029,7.96460457427109,0
45.31723805424656,11.603038071730515,34.74962795799298,6.061503901492682,12.22833452068894,267.220641185209,50.41089276996009,1154.8442529843037,38.15061069828919,3.3987019883234115,1
40.35185353455943,38.126510122220154,63.72933080556473,6.514005980992344,12.991656981978759,182.58196201708242,72.5133711833287,1143.480142546934,18.812622821553443,6.484827440860882,0
51.70960451484389,25.896268765546182,64.86659829632605,7.046647105408153,7.242639738545504,159.80132623209133,82.6866039555551,576.2388734537933,42.53981721460639,3.019715573829978,1
35.29386777309908,28.447090437008082,43.847235540021614,6.911291872726027,12.582844189161925,303.6772989831712,20.377437484549244,1144.8790575247435,63.361050448512735,4.64821665205309,0
42.58188097343872,24.472708047841866,32.62522902449109,5.7378060353559865,8.038406595816507,471.22100962751745,21.82172355329324,989.2970315040492,87.8415096543275,3.224916230245615,0
41.746910935381855,12.809723578224235,51.27624841351215,6.682369574232147,9.418691119280405,256.7877849399668,75.85914560983835,415.12058186513394,72.05694584301546,4.716339305467364,0
35.38655261835202,33.042681352559995,75.28385528001178,7.438233061881477,13.211549486793974,117.34128564781123,75.33067381764009,591.8745189906707,15.532343336714177,6.845943404848889,0
37.487367980010205,32.41673935265761,58.37700394592372,5.813538874670004,9.636028807860816,382.46693715580983,6.018332063961907,730.384116377157,25.543166482318604,3.7153566159830955,0
43.272853498372704,19.35109964478436,30.375349857635673,7.20581417545083,7.57650827235453,216.44196221086997,32.249824069496434,866.2579644046039,8.094150590801501,1.7958816709575958,0
44.85729168894893,19.18717735685201,60.965415484011196,6.905096161107554,7.278949241896942,198.03800292195683,39.8532491908438,961.0637843909511,13.208457183407013,1.971497443524548,0
43.08579494509738,35.13524142716555,45.632181636910076,7.04800662581952,9.783870133217071,229.70320027918484,82.90404034711537,568.1683151655195,23.56146683816028,5.653591791599304,0
45.61875356824188,12.170717732239797,55.49172784132238,6.063916654285291,12.101379391812433,389.52620956315053,42.186225542973744,1069.3604114189511,18.9574629668398,4.544226487543405,1
46.90263349811363,36.433154450696975,64.04384210138647,6.075777858759685,13.97764115179441,427.52775474812165,92.59288904032438,1076.5722591113238,20.2284325689973,7.507838195882059,1
35.19847642255671,17.699850696877434,50.89684109086669,7.3120389115529765,12.299269027447215,335.2224269355855,99.66077771406401,907.9990554084618,21.769320379535923,7.665505798611122,0
44.28190318907008,27.789542432664817,68.83903847439852,6.2196640641851175,13.016095671542828,228.99150148782064,78.07261656943496,1136.8751284125588,28.061082620525024,5.987820006347475,0
54.26998481775176,38.07982537005333,63.32933475899767,5.626030781385621,11.982658887479104,224.19129324691127,66.63866895672574,1050.3859415177503,12.302746176408283,3.7454466221076292,1
45.380645602590974,30.343675046099392,56.90440040111064,6.7011934071589,13.163480806048849,149.7233399621852,39.18971659871227,577.2989274348326,26.00514854364655,3.3883217512083696,1
48.55084534917906,22.4328943740111,29.047568949941088,5.749635338083685,6.610348346511306,473.3204192940778,6.703944605203338,1038.9414930482885,62.95706445538509,1.2603329843791196,1
41.23727715833766,30.686026267162454,70.1569466546941,7.093192482815816,13.439452791853164,355.2557595875278,57.31387563961305,1162.561663002484,22.276089984291204,6.397471530943516,0
50.47982756305525,20.319389089491104,76.15433511918897,6.783492885002115,9.171249229805248,110.7898479423456,36.170490554399095,510.08515761474473,16.465458488741866,0.7214181976944025,1
50.4584296375223,18.317752490475584,28.217907428557687,7.249453010442417,13.372913786243558,364.94683807467226,35.089807583234354,1182.9583078328233,7.092609596601469,3.9257895830352036,1
45.42592095308278,39.90049833804039,49.29446776600584,7.06967449956527,6.6058626996758045,278.86136967740316,68.77092527094356,419.9942374160722,45.997433757733454,3.6773186643726814,1
54.520276465584274,32.52370693539363,35.53332451823027,5.724227296676393,11.721943656969087,489.02318521876776,46.36393585966358,817.7337958190178,76.77844550850487,4.269546071694729,1
37.511004295253066,29.341599321454527,65.27139844553388,6.262141352868845,11.885509989361637,427.6275299225628,75.20938447714501,1019.1145111827874,6.311497983736758,8.881551321552385,0
35.33895329779162,20.658689296579563,63.297778160282,7.049120499829175,13.975287114382182,168.52630153311927,39.817322268537914,1032.3504820370035,49.80934245143342,4.868079961240713,0
50.403164235141915,11.474824874651445,28.45310723422392,6.334682946532651,12.15084216551851,388.0444475499466,15.086338548656265,987.7380553170143,59.555702388024834,2.97927821815264,1
51.143110747297655,10.931706281054668,72.62163627569822,7.444730969559957,9.060589646524853,294.2264015341053,46.13475261902465,823.4810982025296,54.32154911009595,3.6424069790773164,1
37.404144582411526,26.625437663463963,30.858383838680137,6.971480899786899,10.457988412948364,174.81806546797128,95.10125143253633,920.7714576563163,79.9860883209266,5.18708596678035,0
40.31165665917212,32.86098163117153,67.83554153888645,5.530999833380642,8.932407505332723,379.49596293197965,80.15246291165583,959.945748522491,78.9756022187707,6.553053155355332,0
35.351047267332575,26.12137571331565,47.41882157768029,7.259971383121673,7.568149162438865,318.9550314776982,20.574925507336673,795.6313793711165,6.157683327561337,3.2803912161879043,0
40.86617221561129,35.22355215817343,39.69633761348908,5.701609569737116,7.988018620018188,112.14955150862819,39.130050164494264,876.5479801077101,33.48495723013182,1.5125543705269482,0
50.46283747837343,11.00279599279665,29.494355760452812,5.781047448360171,7.7760842741945675,358.6351802115304,92.77920952205378,1077.0944427660584,61.37468474479774,4.373322998262306,1
45.359210554251575,21.0025622927782,30.056855368797763,6.968984801222102,10.390522641305704,353.9948359449763,12.36990587265665,650.3032169166618,86.72001899432779,2.157096702451463,1
41.96191186336576,17.11211173522534,59.71343328205402,7.229937118860961,13.249285076255147,157.63406442058505,25.395024186493597,818.5650615749059,73.4216316807747,3.233211490311751,0
42.434785898126606,23.41818904471366,53.02582327682723,6.572699255799112,13.301813008707182,239.59509079867715,26.222264587189635,406.7837768204063,16.89303794804374,2.945667161110815,0
35.02707251430936,12.171291795823674,27.32512529907396,6.078099465891558,6.438110220206604,334.35958830041596,57.09328756619835,949.9491198214346,26.128795397256948,3.617488640720926,1
40.99601055130472,38.623949247132174,26.76187162629951,6.202631090506351,6.639195207615148,155.51320564269196,41.073331971132276,556.3083716918734,69.72344772613647,2.5632511765989423,1
47.92917483275861,16.697662032080828,24.33863448636749,6.185778659192112,7.960952457378748,441.0893511339026,7.9870673996299875,784.8010029710151,43.432736254540806,2.095393566156345,1
54.48388887632714,37.66923326450754,64.62604084241265,6.153356207619025,8.0404756197558,110.99441851508152,62.91814545770856,568.1641730243674,50.25721978199387,2.858550620316011,1
51.94121653967799,22.776794651100452,62.71292511375735,5.9858193436433,6.759113401914009,141.13496598774196,9.90778645201502,418.8269716627938,55.808183815813635,0.1,1
35.471899292910585,39.56572399765654,23.50585945127451,6.717734189258466,9.107706729387523,146.44276794195363,60.64149319790781,786.5764413584133,10.296236595316547,3.9469808089395406,1
52.97121209349679,26.621751503806323,53.616204535818376,7.300810637130135,10.701803141530299,311.24285039002206,50.70083802260258,739.8668852885656,78.03658300899288,3.455783590039262,1
50.66396826597252,37.92498592527423,25.080569314561394,6.114164826166682,10.625297604795708,348.0456048674501,49.36686607253126,740.1196108195045,78.68209954390545,3.8732013339745994,1
50.60752247141961,10.160469660826685,74.2247462365365,5.873388594922824,10.347437450068742,261.4963186005946,6.749624529922982,567.0449279430962,43.141549971553054,2.3691020808028873,1
44.15991518007143,32.447164185427,74.42704515080794,7.177155332742849,8.709375399099978,215.4667310672665,63.92204468835359,1157.7636717985433,57.41606966505968,4.67938988290711,0
42.960105859090056,37.09151959307546,61.893979388787805,6.983566661779406,11.651645482532645,423.72695025022296,43.132025858933076,402.8057214485556,60.39137080229411,5.825401363108669,0
41.058314576663854,14.191617009368622,75.571335286367,7.361674063119821,12.611871527848571,127.31439349056805,41.110612228568655,1113.2363599978707,18.07503262568957,3.7461918996087693,0
36.31389717908731,12.883775551964545,68.68718182482144,5.831039471209819,8.770194131819267,212.11674445311667,59.645139641853675,989.5215385115857,11.132634561965144,4.967284625191436,0
39.564707269873985,22.737178215578666,69.71231455562295,5.788502628233183,6.684282874395696,115.6462315215883,60.62480599465474,537.6576268266172,2.8605651763375253,2.777700588820519,0
39.93207269956049,38.01036718398805,54.18247103419599,6.582858788609993,8.370642008734851,105.55605398650721,1.503329576198853,777.7535890428436,83.15936440998411,0.7290574749525554,0
44.68154139420403,26.271596805713163,38.36355189297055,6.728867309670191,7.098949236599222,241.3519547728805,12.522590120320665,1191.0800652066182,32.11419600502222,0.522335413284731,0
49.94888813193388,25.823693911651965,33.0679469069853,6.460346883719179,9.738869817817447,177.9294649779728,23.651822084472062,914.9585895874458,8.724784150990272,0.9973708924558153,1
44.47619656795894,14.233783548979655,39.63200132233575,6.6979332726477505,7.247481210528626,207.3463419352985,67.79773333459791,501.901379054934,42.92199806481744,2.9551027655895674,0
36.15688898894321,10.023685332796564,57.70972580534372,5.860759537750143,9.702758061263818,428.37886298198725,57.67411270296074,766.1137910851455,7.806260201155765,6.2205678214235425,0
54.15579601976408,34.30420272236384,30.359392149943936,6.4592275083281665,7.768023138597182,165.19203849968855,75.76291323847538,774.5624772582498,8.672567752625945,2.2694470774438633,1
53.854486381882246,12.627236889587147,35.5184141982393,6.816185121879336,11.909848843699223,412.0933468607204,74.0607805543857,1041.8106663064868,44.99968111340726,6.585525236106262,1
50.70379086296817,29.015494562059718,48.083651767727865,6.365412898497407,6.220545926686765,370.0202492585454,85.31828692061507,1132.9303462609241,46.79529937449716,4.468992637797695,1
54.82655803128441,37.43849363545574,33.98300591147694,6.8588946716331955,10.437970430655405,230.5782100563331,37.68148612724139,465.7932346309876,53.212877679511955,2.0700657430978,1
45.889646656005254,16.25955739475293,55.3186201829637,6.402382561107679,7.3559061993604535,318.6224580705151,34.506386618330275,651.2298295622659,60.06803320077415,2.4762287142245665,1
54.25536700506412,29.958185087107324,75.39056170737979,6.167199161684555,6.0079349157570165,277.7742439098155,83.10154030534632,638.7505015080919,61.14406331612073,4.118973574094463,1
36.512100812335014,12.360957301225284,64.88536194218759,6.107210094174185,12.953600704518458,151.35812619906613,23.760153386718454,1196.8384999352147,39.96970187963658,3.880012795958527,0
42.31361496522743,28.11265431512839,59.98559684893478,6.321804117977176,11.37222230251254,462.8741286936703,46.117237367360694,847.3816933531198,58.91797526836387,5.374222251153848,0
39.507625360135314,14.917951628596082,54.96328855902673,5.546179245364401,6.791542576404187,327.84718703430406,19.43256520222497,1103.8651968959875,28.42657805930643,1.6046106429950395,0
38.9166616826854,32.078606815455345,49.276874555423895,6.837050276892228,11.312578941470845,452.09601831818196,91.38407421392137,740.8262795558592,40.717737203962415,8.027755128457608,0
37.81605897785352,19.036938843817246,31.193831578079582,7.190211281960524,10.893178661900787,429.5306047253161,40.78030130966253,978.1785203271492,36.399434367905236,4.5887601576276,0
47.44827283131993,23.90173026413939,73.68262732561193,6.209254188886237,9.786853496345627,131.9103701237693,21.248689823082834,629.2685138433169,30.61990010967728,1.679268459844106,1
50.6264371149461,27.982916260828652,34.91216012077018,5.5920662722834376,9.354064787404912,182.90826640738098,69.2013390568912,1129.4288187913867,22.47137430498696,3.032475251765027,1
46.56596798840721,15.138202319987187,25.478532654689644,7.473551194771115,13.09655810332588,158.10444574993232,24.464467821047865,764.116992789227,8.061310048678585,1.2516886672333618,1
37.93925419176419,32.249134558528624,65.00091075372171,6.027396510902134,7.96118415917961,432.3118131147675,94.35036031702234,1042.9803978528698,46.531943000712616,7.8962580383385,0
51.22247539866942,19.079210219104436,30.536932059869983,5.753242243381546,9.186480456107066,444.97865058208095,36.76170148094114,604.6535066740519,49.35593675853053,3.056931331671363,1
47.71909414327457,29.871155797382606,42.313759972470564,6.239505015946056,8.632923303158618,311.18860392334636,66.4640712101837,954.8834735375033,31.25395396918511,4.2969696591540805,1
42.76331412253991,14.74849152098121,21.697095697458785,6.977114081267113,12.169608232293069,141.67122900320277,34.524493115741336,724.1267235200287,88.82594767319011,2.115318773759279,1
48.48260591072126,30.64352977619051,28.224076552426887,6.087833193781131,13.331722449860315,154.24664741720647,80.72455829934736,425.15153837963766,51.12650892758125,5.023683732361165,1
40.19809958485666,13.845642184313853,30.392217845594725,6.649406407838976,12.798253589921844,425.41952497530696,89.69227410227758,730.4066030072509,81.01094670237141,9.058241804868468,0
41.90384416988421,22.760694888099508,23.264607665010676,6.331119988874285,12.381631442398149,471.67605461173207,78.79183594147861,840.0173134043364,52.30767785694579,8.005124505245455,1
53.34971686263981,17.416182212166305,59.39941739737071,5.7355279845532365,13.894319564560664,179.79027404426267,84.849901872752,521.4092911305402,18.092426767449503,6.016589233659509,1
40.81009011342841,32.45125748284548,70.22046774818703,6.1605740249842205,11.57715640328308,104.45503058886922,10.188082793763598,547.1304841540921,88.71602856417279,1.2704662699439218,0
44.399765363158735,17.861050135206238,42.39892438195646,6.9497410114281335,12.00843032970827,232.38116206031117,92.40646770330663,771.8902386585255,80.6801509404143,5.927178675032918,0
52.80282274792029,36.45151919186189,72.47458860309204,6.724007794662891,13.86242031764015,112.19975585915253,62.430072887528034,674.1837699467253,43.414631059390565,4.517651302879039,1
49.15442700535055,36.754606342198386,32.80079447360759,5.739556759767122,6.055926283193393,431.18996643121517,86.92175321661996,752.5924304026901,22.875210262658296,5.726883933501116,1
36.24406452329406,15.893239456683576,39.52342541367437,5.826644819428617,11.072387011490921,296.6049028905006,68.44367641854154,768.6615914581782,21.040265463836583,6.271343826610036,0
37.946060885579406,28.415378350231727,29.044219581870102,6.781466718614891,11.911772255626317,356.7443115052079,20.184766854371038,512.0608349622045,73.54183844496306,3.569157412533195,1
35.15683181543834,12.63152925159893,57.23355172513992,7.1268308286417374,13.34261643005756,264.5939504546169,60.95551016456765,544.9556602160918,7.220675030613347,6.265555812111241,0
47.61843580458327,21.746112988048875,45.19217545221841,6.198948991916339,13.070754433474743,238.20301880499275,9.094623972314098,1078.5323147835954,58.42543432721939,2.4397583219363494,1
43.95346850820837,31.399651885038168,56.79700081051392,6.6906215036869,12.735685449870354,188.88016523043393,69.57230302181586,530.1749514483872,58.61214311876518,5.373314760625989,0
37.68549701804551,29.782697405497487,65.70049432365101,5.841287177504211,13.56633017553363,408.21301881525824,40.900114108057274,932.7314664066087,17.420909295322794,6.197326453146406,0
54.15868242113541,28.74102008219824,52.742180961976906,6.1227526738106475,10.29903350330966,378.21903376621174,15.173317310020895,734.8224374142337,64.44211315911967,2.1793526789827413,1
45.593194478912395,18.476225909873307,57.65782129410727,5.540540411346106,6.055360764678614,244.29159379843446,97.9229815868414,1174.5893487757126,64.48656602759328,4.773979233417299,1
39.83786588225779,21.34074848303206,76.11501886365997,7.036551895599045,6.088435189576076,228.44645371967317,90.10844242106812,452.88348951059004,32.50277806972453,4.887301496192722,0
45.01207142309415,13.088384341008584,37.94385857653059,6.302019639545934,10.357112444942864,100.4971514594716,89.35437134032537,1064.3110928246097,44.50383214452925,5.029763897437433,1
48.59240665470216,31.57068461300803,41.54983631803719,7.132251147307908,9.482177910911531,125.42085201818898,78.88203063522529,793.1593848820971,75.94871960340944,3.227944797137288,1
36.52478435947129,25.116663903738207,63.062201702560216,6.916745992045453,9.609960426923589,349.30220995705395,69.19811251435176,404.2818966913509,48.083794612052074,6.501415922377049,0
40.49407630095784,31.262968970369638,56.6783310233232,7.157488531456954,9.203237897680296,305.8429240941847,65.50794802922452,610.928175151643,56.63413908864784,5.756053240022989,0
51.13930981767987,17.468305743906182,30.71197427238289,6.071317339165765,13.341806472729886,273.921281794009,10.609383770385527,726.1574820394155,38.14926854376501,1.9478492248998893,1
44.193297408053226,19.733146859051985,42.56883860062941,5.870217460855691,8.87336280935832,431.0008963206634,90.05662353184542,651.35580275914,14.463918024841185,7.220182365820978,0
45.931542840645896,20.02646011780344,48.0702807874829,7.4438113653033415,12.849815534104666,301.55928176113866,88.11283963046104,689.9595712111466,90.82599684706818,6.054806114418596,1
43.656320044189385,10.772272292416487,45.163390278103364,6.934655574081739,13.222918350333128,253.79743256292798,74.78526265248534,1133.337527309744,48.83828682543467,6.27330406963803,0
35.8779988528601,20.231436184918707,30.69648849932245,7.168084535853341,9.996014159991638,164.502539009994,92.73149590751225,688.7472259138622,31.280181527845976,6.0631481500838005,0
38.31499559640312,34.099137205541005,75.46580550705573,5.526266747419868,9.575504298920706,428.2752032858477,55.3083451397992,735.0635035221862,65.24085933938206,5.8402860979241655,0
43.910832774837814,36.91895487249215,65.73912570163856,6.208923240591773,12.088164833723575,330.4993000484751,44.76423347175553,1008.9052428624902,56.87395899953519,5.197631584754323,0
39.183709308158555,25.546549469077824,48.88134992647113,6.985633381154663,11.663772061119058,136.98398636910292,96.79474021662787,1035.0668525987003,21.961745226942035,6.17234210494088,0
35.999580573193576,23.665050856576606,60.803661698410195,5.655965665979966,8.628280932769648,359.55935919883035,46.413118779765604,467.2717214293557,79.9232949457798,5.084532710623501,0
51.87299328103647,10.924738560981108,73.83696032813131,6.634679859137871,6.820385007397173,270.02829819536396,64.13244410671577,963.2560276536034,7.381264322911315,3.8724648506777792,1
54.62385058328232,36.37613012756148,28.170448541694274,6.3581455349100064,8.118819201459843,424.5544894351983,37.3062146858439,786.0575629414207,55.5128426652313,2.2718859908612363,1
50.86285747993479,10.390306402776181,35.02238304241866,5.535233014282214,7.048228046498392,467.5658387983985,63.63262260197279,507.0831145901243,44.00996423305005,4.138377245280689,1
52.07569843409334,38.34250240630635,52.562074835398704,5.971951154238903,8.357858206213532,340.1863252704984,72.00989956256876,611.7684511575075,29.63785724067898,5.204649359361865,1
39.839542606340906,24.67648746064272,67.94062228114151,6.069583978133428,8.094572524646392,392.6451277253466,62.46555252885504,436.02839784521495,75.37421154342178,6.379398975507296,0
54.212539510263994,20.2580348072418,22.175293726491642,5.723719892692645,11.10169139109371,122.63633904086629,51.45629412161977,688.1897510494682,60.064936686033676,1.9154466282077052,1
38.93851408906857,37.7265530452798,79.04108901178162,6.763073819485321,13.635968227638237,324.1021820004629,30.011079762523284,604.3251522672193,69.35495471898179,5.643205575040138,0
54.028596207236646,10.731729793302902,47.29439617294383,5.9847957525037785,11.485949858643869,402.13599134218964,64.38456761362234,705.6827179040141,38.31928683800692,6.231942860362457,1
54.89638587931902,27.442746846072612,41.55386843730338,6.055238999238776,13.413195264516556,298.70485979124146,90.84288952613629,864.2724380246054,85.81584981758594,6.589707308678397,1
49.234456114920974,26.46797573498013,37.563466270386314,7.296477196400295,12.273058068867547,337.4200358017349,0.6912591169667359,985.8716416292959,32.02510804471,1.8641352126026771,1
54.62287463583644,16.579612036341462,30.461402459052298,6.434246185386279,11.823020976569385,459.57927423241773,13.392902742969037,884.2815892476237,48.79404320100811,3.117454660064501,1
46.39079559134207,22.866622940506318,67.49443453580167,6.284256293938545,9.312495521706731,179.23982881247977,11.97731584998557,942.7018418079566,85.0285100630403,1.2000455306927142,1
40.19083566352181,29.567920178313106,77.3248498847658,6.947742076629434,8.598356022906948,139.29860302076474,92.3205302892854,1092.5112964950347,8.487006209704818,5.810150384110043,0
43.739917713312416,31.813935906457825,44.81868529072389,7.319227593765824,12.770218979783355,376.2574452558004,66.27476889626148,1099.0595547692087,10.792939345026193,6.564169355258263,0
46.87121870757572,10.021505761197393,77.14524168520737,5.5500726724748874,13.243145863432042,429.1395622089776,95.17881064701506,1088.5754786873392,90.47689896911207,8.897124130509754,1
36.4616312405403,38.10560290273046,69.42785692610205,6.396477693110793,9.615059949207456,440.1960754330254,58.28132732124283,522.5351323836213,88.42520412600939,6.920443869216763,0
47.446865292344924,14.935761171784371,48.8630676485791,6.721562712155895,6.072504785493155,356.6577988364881,46.17328971592537,600.8553068749163,70.45314452534225,2.3686221109814274,1
54.62355673524589,17.007413026670775,60.441570747567965,6.137126196251979,12.340248471251764,433.28536726832135,79.23429118143625,801.8602439420577,44.57694484640483,6.8160050512365835,1
38.802152995674554,17.904203370815445,46.099050750227775,7.044815444246483,8.280550723778333,380.2656822893161,16.094226747522455,686.9914352128217,46.54547637727989,3.453756759103314,0
50.85190232576767,11.134604096561059,53.523404492753144,7.4429541405405475,6.079102920135366,134.9507663627163,38.13381163173214,505.3351746239706,24.149158618369203,0.1,1
53.157975875592385,13.691563707709747,23.48278022111023,7.3868547325005665,12.439908471808977,404.81740315399526,46.627424053422374,630.2001876845211,39.94579325217924,3.9668973310607702,1
53.874031856404414,39.59049768832486,61.77580851803199,6.0319650787598835,10.139313510535185,171.74387582013185,29.84583945121182,1180.3430093325114,39.82144400796991,2.1928654690025375,1
54.202712088108946,19.456502121318582,23.169478669048203,5.952676556874972,11.481685970707753,194.6437370363891,37.128561240847844,677.5414043972289,4.248101703406482,1.0258028635183631,1
45.42919277442944,13.459032710171481,69.02509681517897,7.414981062042442,13.317518569155819,257.8602507994659,7.810518692441826,735.1312546367692,41.78423872303025,2.6868884647097473,1
54.54615815983007,13.2097378352387,69.49681576763345,6.417256974862932,10.329390641104844,225.82682653053476,19.798358944955798,405.1211374858376,44.18149676657204,2.532868312593822,1
50.146204142688774,31.583799030099158,34.224637253372876,5.916595446169383,10.025552580631725,228.6606953211648,33.54967203309284,975.531903832159,60.92048568068765,1.9714626693536341,1
38.23342872473924,35.637059920979226,39.419766862148016,6.913993927260837,8.325296970786109,167.7038096816183,79.58904332331343,730.8400524363038,47.48076220489098,4.313721321872949,0
44.5380021293594,17.708568985254097,48.8786227134976,6.068840647807583,8.441550675519622,217.54841884381773,18.24973548428639,482.51205031612886,78.55146391376825,1.490016096303347,0
49.36662350744008,10.627285370057049,55.79977441594889,6.034493950142105,12.372336528237167,107.86503599035271,34.664037398422465,1174.8453906437376,34.08056427176413,2.667361795100258,1
39.94680631638167,16.692700553360673,37.24121970451981,7.258498086155569,9.592233964687496,289.1643786753304,6.492028819693518,1021.9465700680695,37.874583208504205,1.7847286115761345,0
47.81230367097775,11.69547072390272,55.5491842779155,5.824958306753807,7.308209668864963,407.4363835079227,55.710434482660595,980.9200715461815,52.4334262290467,4.528499222162876,1
48.332009580932386,13.101848098901245,37.86722439375794,5.628785892932473,6.756230112003965,444.8989476899359,61.12508881409278,1166.2978678733357,19.245045206015153,4.2483466114113435,1
38.25399487617132,22.94524359542927,23.32944326426364,6.038372880343374,9.783360934894235,428.1714235837754,86.5516463462167,725.9840676137103,36.41482770239975,7.256877009463457,1
46.30170624905513,16.897551125848977,20.15165298991454,6.713890825676407,9.719640188941844,266.58308759804527,81.91159985019641,974.8268322339587,62.75507245779949,5.140824527535378,1
50.43253821957215,25.478376355762702,26.069063475105715,5.746175706806541,11.22766622564317,392.1705924655425,28.53779546838805,564.9663179083609,38.06278653473237,2.886355640298217,1
44.97791329071884,17.60481259771571,67.53504200984109,6.443189344553588,9.768539821961125,215.156309638085,13.695368918985974,957.696437961696,82.5954859008962,1.6888296766079047,0
35.24206233552215,38.21611903308843,77.68587874300023,6.75467422085064,7.147805633073718,122.22498908704718,15.608318221040374,411.26327375008225,56.37704688463987,2.0419295472765335,0
35.18076938158585,37.17831903778794,45.617971956873156,7.197473985186348,10.062423078388107,370.3886101565066,96.89639430404445,501.0443043524913,14.839097492922779,7.8059989719680285,0
42.140586879400246,27.00418315031398,50.76103720699656,5.959739182404508,13.254315231088201,359.5184658945624,67.32258140073574,740.2071348822788,44.869990689042524,6.525547400965216,0
53.52388136863564,20.632719759621587,28.81089014440557,7.134692646765579,7.275531292961699,420.65175818515024,4.257078780323931,409.67415584480653,69.83008710361894,0.9304033796816897,1
39.573535592072176,21.434406461042066,53.06188116080942,5.969812522262477,11.51803712782199,346.44248268115194,13.677925504509458,769.5726843603354,58.901064877588254,4.3883111407583435,0
47.687273777433745,22.35556849433491,28.67929412041861,6.853533082479281,10.750874119724212,162.75664998956657,48.58000651009557,818.2333992520032,80.67372163049079,2.5071185332545407,1
39.441517413866414,31.827379664048323,56.6728598719298,6.36134714296491,11.98868581369442,441.26495682007925,20.78288042931198,897.2852780696657,68.49846068703549,5.290073216948023,0
41.43339979319097,23.549169865565137,75.99552005485123,5.72936248475734,7.204802187420742,350.9011152074803,80.36589850000189,480.3093415948931,6.545239534889799,5.387312557479568,0
51.96084179202968,35.701898395176926,31.741912358182375,6.928526925643697,13.532842695247957,423.0438796140016,57.32171175693649,544.8095305017698,11.126138431433986,5.42343273426612,1
49.577228845398935,38.32284357791094,65.87382308342612,5.935525237098036,10.96773142213727,409.64284815041634,61.26322077892984,890.6266965737561,59.47738288939885,5.818784669894075,1
36.907985546264214,20.078384601368015,21.410145369099443,5.853246852049183,12.776569101529095,219.14579489003535,46.28255480492118,926.5501699701115,22.456716266074476,4.304070559261359,1
43.574040419728675,26.820834441270403,42.529834479297264,6.216645857178767,7.972854109441885,129.82118994082094,25.60627754263155,420.720182568221,53.90514123753137,0.88117728926612,0
35.58339527290529,12.851696104976932,26.644910469830542,6.806580489518967,11.915303115183693,170.60176363583395,58.94036132025465,832.2938896920306,72.2995832884579,5.070612382067893,1
44.61780293206018,16.014071432990768,41.14852649574196,5.967992957581256,12.248245634671353,137.1449337253003,71.69700461607317,1027.985385599066,52.92384290263468,4.480673945796061,0
48.248680234021364,22.403973001304806,30.41221517833301,5.867323077563771,9.179482179096606,197.36497283205455,37.09480776301669,455.28070222831525,38.393971300566044,2.948944202673488,1
37.37005247196303,16.186081477053364,42.398299407373244,5.519907251426728,9.071627623067377,283.81290921039715,50.49436306178353,730.5382921972158,59.16432800014471,4.241483712785145,0
40.777698778183314,36.29681472366153,45.051368366451825,6.443286194203447,11.262370120205993,462.72424199251316,83.96839704720333,661.2090184240815,13.925749984716852,6.700573984629278,0
42.95673251004314,14.748587681772943,38.0354673668551,6.357291138630366,6.747261454081728,448.80750236825384,14.868176182246028,1130.9325002816133,66.08871959529536,2.195713125563249,0
53.39062049312099,23.669824646592758,59.39731696838775,5.967735487274752,11.884993201740071,387.4399260382912,54.522441927410036,548.6419145651643,63.73226023408199,5.239951138526736,1
54.865100308459276,28.17097721379627,75.13112307553459,5.6073043280193815,6.343094078715287,109.64494381913039,34.841266182922816,654.6883305155841,47.29630284570602,0.1,1
35.89822597991232,30.755917244825334,44.03572244631634,6.358511749191674,7.524722408966608,236.5556805282214,70.27947582172305,1118.7557959930423,26.093214551185508,4.593368549618066,0
50.220158469907844,21.4920810917952,31.540589388501285,7.076410222143263,11.313150057930937,372.9393705938079,1.8810243162394658,664.5226448479782,72.78074079667749,1.172487105672963,1
42.434481328046864,36.07297206174185,36.243365491759,6.930564262654354,6.786589336735711,151.61155873562734,67.04732998031886,825.0779524684755,46.949527290521544,2.6290065802998286,0
42.8491637245896,27.049574532337765,71.24004940978213,7.2215897797203406,13.77473673181432,420.43514000636344,10.28977340161874,426.4282697847035,6.32592152735219,4.886444413489794,0
50.085299466940455,23.185233413426552,54.29838339620888,5.5191653754263115,12.947169675695205,465.82947199503747,6.4767752993658,1187.9219489400289,83.6751296656594,3.7145637097743984,1
53.368528642908174,12.017219021561099,47.300661938417434,7.432838633609197,11.010418659253892,241.6417786551302,72.46233009586129,1059.9573662969515,70.09447928382028,3.4921695637343197,1
54.018571890050964,23.94068405335495,28.978203290535603,6.182824505254897,12.552459645354798,382.3372247455334,64.03421529040735,907.520755797341,53.63246329144135,5.4479686421823805,1
46.542451720766415,34.62207522447191,46.98363849942692,7.480795592183929,13.100640388716542,159.28165306748534,89.49359308926587,448.60421847198427,40.314296555461105,4.87847025253561,1
42.142423186010056,28.436230546639464,36.7095202014432,6.005238921203549,8.075805196574548,376.3265796452108,51.96549558006451,459.89596909822455,87.39097282375216,4.523174575662534,0
50.750981717175584,34.96487361187355,76.58978767120095,6.443072775156489,12.795292703594555,108.58216491481731,53.00244255271671,835.9789046325518,70.75185168388613,3.9541246146357936,1
40.020027665246005,24.820350117979167,73.04420656494388,6.207855353150608,7.558350269100814,160.3086027244404,70.70178355765505,628.0515489627473,49.14937605581528,3.930693029240858,0
46.281480576670354,13.553851152834454,25.03415250969188,6.211521429988605,9.306738113190523,383.95257864346803,32.339757635325114,898.2315580025387,59.78385056654975,2.6822678893502836,1
42.17156923049746,10.409195375076433,50.99920935567457,7.184564197496432,10.466077049988794,384.74008915052246,3.6912455421932555,878.5539854782179,26.267536155681924,3.0539964909284523,0
48.132621474157524,19.096586401557737,33.503500730880326,6.992837879474678,11.71112770459226,356.46508233807083,23.004582571905786,1070.9211186234384,18.614434847399632,2.845735766840703,1
39.80797825787014,30.939714144933774,44.64662537145743,7.4843028704600965,6.241130541780224,290.9456097536813,23.80134118963666,625.1016485701139,25.598759257367075,1.7147046738024891,0
38.83185891469652,33.70779711825081,72.61087989508738,6.727029365435025,8.324075302225513,369.963236468778,33.565885027819384,862.290819592794,27.38224893544541,4.934407666480825,0
53.36478173350874,18.872585038609884,51.65087119331269,6.426513208789006,10.868152785683122,409.5203193155153,94.34627330404629,1021.8906550710087,67.57646055748397,7.153286490956744,1
37.03607365899074,24.869617626497416,40.052917602245586,5.680147725893782,8.85894943319295,486.5926636146975,80.4842798663148,792.618389057861,13.605493664730927,6.804192723736649,0
45.11915815469863,22.63356713302245,32.473301246299826,7.493122839027714,12.200200445035946,455.456412619442,93.59562452051921,1064.5149319511556,70.9828481545911,7.597691855286145,1
39.41705565926018,22.315683530542834,68.01949156438936,6.603061305864566,11.21321728920573,417.81368102644984,99.86095901130004,505.02096125901835,48.105578202509115,8.599318597021385,0
35.778599266513346,16.940461396004515,57.47108092186083,6.900954939380283,7.875211629789886,377.9030066857492,43.37790040870445,987.1182121177146,35.611579393912166,5.3607362599320885,0
35.72037636582853,14.091133150883751,48.08392762557387,6.313484774382623,7.167431836738665,329.6622181729469,22.707331668030463,1154.3856732167828,28.03564986343198,3.9875356150674843,0
38.504435442116545,15.900656746936393,33.04906123177868,6.595431416358472,11.032375948696403,148.2435293407665,56.00041612552491,665.5066567948529,47.188054409207965,3.6359561402592857,0
52.33540709012,11.659971614900384,40.054782449427876,7.385155463785774,9.603738621638062,166.2227368393572,88.11344139481187,693.0691539295719,29.57666163670445,3.725969207047357,1
40.64957487954053,15.94392225470731,77.59060560431111,5.832838875863206,7.351656328810549,428.1118242683598,46.57318610145782,466.8397417526838,39.65067931860883,5.57105536559226,0
54.009183411505916,10.276026928761384,51.205396256350056,6.084745168660509,8.610993642547019,421.3251648828882,50.53993025722535,913.1942236597694,67.51137607141146,3.9085635971592936,1
46.63244585978387,28.817752019079347,44.04195687459517,5.804119455556065,8.424373986548693,345.7835703893452,13.443910592782672,841.9605805078961,57.33986557178355,2.116183211700265,1
43.732283795375324,19.491262221630485,51.28532254089943,7.084431807609549,6.865055778715001,275.5360530864614,42.045549256776106,432.2766069858942,68.31841388258648,2.75214795437615,0
46.60177669338909,39.19434134280726,66.73931035397652,5.624090520843659,10.375272154121824,110.41305992944226,38.699480980857814,1001.7696215770494,65.16763206788099,1.6391121189338715,1
45.33396770452536,15.811511523288935,40.406536190172126,5.663263299702677,12.109189071300433,230.87077701141757,35.16885028654496,1063.42759659602,74.35652439906296,3.153993563599899,1
50.1755250751465,20.374857109287817,30.72236725595653,6.096988225574737,10.603735110823896,268.25586302612714,88.72986699241999,1125.6956833126033,19.15209637360416,5.722691557085558,1
40.64992131945704,20.735234759245998,55.09616710034287,6.528376361842023,12.610330919498818,294.32651446936825,5.930143321233294,836.5872689365137,90.56106995259712,3.6141076217101875,0
42.06100783200605,10.253544881873816,59.91224620886403,6.312549601119173,7.0205483777234505,471.72983942448366,97.21471828973469,762.0640279214059,43.81934048844093,8.450995226630498,0
52.88188605066502,35.17623859118377,62.763080177512975,5.5896326213416145,9.484894862577791,143.48375992005714,0.8246825273136027,1100.909723625662,65.64096442727836,0.1,1
53.929130263008105,10.959833804329742,72.91925544596778,7.414983115741903,10.875320829264794,307.54676791190815,94.5594013949809,718.9574552545112,61.997514670118946,6.2484447113914445,1
52.85116454972949,38.20539504187724,42.27044724134679,7.405739040716167,11.40801248753526,247.16891878331188,54.804750283854354,924.3545001876494,51.95350761553256,2.9234115876241042,1
43.38895987914627,36.762230532808616,24.521293773733507,6.05871264648152,11.566290451387417,496.03924768642065,70.24452444001157,892.289805120741,90.62345967452808,6.443497969146088,1
50.607310060137635,26.065657482578906,77.50091501785653,6.963051230537163,11.83172341678305,444.7456065131621,18.713284969512323,697.7288798548095,20.55842646731979,4.968117108976477,1
44.526714666021974,26.307867247338763,46.10071564624851,6.6571508227664475,11.211438497568134,275.51434169556836,65.4211539016607,469.51195005283853,38.95559805511253,5.101868924012883,0
44.95079704292205,29.61333768868469,57.39545058038788,5.974953390011248,6.753824711526941,499.87824374190416,88.19576685277326,417.13243093654853,12.495750330288878,6.649495077686505,0
39.09360218114568,21.61150035804661,59.97831938769754,6.024343103483231,11.56244542081837,305.6252985885985,13.94801398336516,742.5901924283098,17.36519247842945,3.8353023780629982,0
46.82260606517033,29.416668501935664,52.79082252207221,6.4823063486209005,11.7982612541951,166.84711863656028,12.708161227328995,784.9612598586855,65.16676572190899,0.7981131784291728,1
38.72271795506696,11.343051660654606,32.315451784176204,6.3384738829947205,13.947839474669017,322.3498767306858,30.397790914947276,1058.1426145519135,1.4358410886952035,5.653747553609579,0
41.63129398134387,11.621428820491797,65.30858300696849,6.082458656462529,11.546899493609008,190.48230632145862,16.172589247539815,731.529319929177,81.08385862326854,3.683044508324677,0
52.10060403239871,23.716912588586332,68.2251184582449,7.115023192610298,11.494643166012391,354.5251360305008,11.06458480933471,624.9278997867755,57.986603494178645,3.142310370645453,1
39.1415161842171,26.488669033181047,53.17853516104639,6.46292583527477,10.118506321455776,474.97606995357023,67.83190359852918,769.6771744601226,40.681454834469704,7.5638325087140545,0
36.423165703468655,36.634529210074575,49.31366963509049,6.809696124778256,12.943383268680911,414.4794307340113,21.38266139124908,590.392384339217,30.822499652223303,5.348804542433901,0
36.380151852256326,13.139819017236888,26.83629098767912,5.878547000335751,13.974678095689267,209.26547616762207,66.70148994019863,473.0884888919652,12.364664373992458,5.251979710362422,1
53.81569041006216,34.679437815816684,25.03709968998703,6.5670153250329735,12.232358961579457,218.74344998640285,86.19292271158163,490.4344269488858,83.94063278084879,5.411998622087562,1
45.1384087592367,16.30142011876209,40.37389073381172,6.1359520988932434,10.900003022862467,127.71528123612481,65.20247914130005,655.323567917542,65.10900925317344,4.121630913646364,1
43.18824143634036,21.822509455300956,38.65076933104359,6.552827220789757,6.6316386154525455,214.34713425851095,11.936706991540092,410.14113404679256,31.2753699033437,0.9539397683315056,0
51.21757162015837,19.498073044822387,77.21938705779627,7.061651666821856,11.81391305383702,137.0499198711269,57.357757404744504,576.1626293449905,7.384256149655842,3.817080335810677,1
51.716518558210325,22.00465818596197,67.01736454660579,7.037826420182523,11.668492548655603,299.77948773025713,39.362868421155085,1030.018512745883,30.311454838691585,3.9170055194489666,1
41.643820662312095,14.514864942177567,59.595457715543596,6.208441356068552,12.204545182475453,383.338831799303,34.33709367224947,587.6937539442487,17.61708653281751,5.063708298968809,0
48.87236114947591,25.107102232106648,51.0588853410563,6.888554234159278,6.996443107195915,400.4724645996634,31.853146862983216,488.5836088316127,71.76459819080881,4.085618880865045,1
50.42245631703773,34.04927769494102,30.04205184359908,7.382579900788554,11.229860001009147,123.81169289927163,92.94322238196455,1159.2644479956311,65.76388162807237,3.981106347107918,1
48.09301373731909,23.24602031136691,78.70740033105703,6.751338659849813,8.365791239613397,235.98235929528082,74.25074566777278,897.9760930812955,45.83445645906326,4.535958735860009,1
38.031901496001986,24.718407276945975,42.5024418944126,5.796820246765274,12.08216994722267,215.26870661897348,13.3848789580295,448.0207595485327,80.72569927819077,3.2716165527133287,0
52.51766167034114,35.46302755843943,26.41553614683469,6.8594172585581905,7.92299163225173,141.72012919493383,47.60054797324638,449.79517319592225,17.26126193251756,0.9729189623086185,1
45.78189105472018,31.181743439140924,49.62793374294476,5.709808772698622,11.471829414563285,244.98852437280226,31.822307525391956,889.6977005593358,41.676902689014504,3.0023490937307695,1
40.649448527400075,24.71363225559354,72.439880696785,7.244220817586054,8.359943575871839,219.72804365569445,97.79383125459582,832.1030416519293,64.95582735677084,6.874526023179464,0
43.50456370875388,17.73086944567539,73.23746010663976,6.533320991603881,6.071954342539449,353.79969173571067,97.80289729531695,454.6998179143879,7.102211474681124,6.979068659644024,0
35.75142180797815,36.547802405349,20.657954963386835,6.270281472623159,11.066863295784763,453.32106549348515,31.953447433303495,579.4523799786683,34.54096248052399,5.6321668125171325,1
37.557336024448354,27.31061205071675,73.17774468508398,5.614013189299385,6.906152665271379,281.9366883492863,35.21131161454547,1143.2343315884705,52.449832196396216,2.6438775259131555,0
50.310935010317216,16.634428303320803,36.28905304999151,6.26156746918422,11.274331782305712,398.66606910672743,59.94142071365456,857.6086483848139,34.01231848633213,5.344440507093002,1
35.00023269510732,18.07359257914031,22.338341838105386,7.306413335831579,13.4048755868555,158.40414684426972,47.93070143275001,752.2603185182642,44.217909034547574,3.725963853986455,1
43.33131656964584,34.09399266808738,70.86741622177246,5.541965992572607,13.753967473688721,457.98655145754583,21.310087215844142,600.1243295362929,55.73065144303646,5.233289674943898,0
45.450203621711765,11.324366862623664,71.8320053592925,6.449296315563609,7.887384698620901,161.03789528603693,66.04121669886113,506.9584338414968,34.155155276162645,3.9106679443955104,1
36.09268840001945,39.762765610864605,55.773864790541,7.362316182221244,12.474025821205238,176.8404722397557,33.41286438752385,722.1053472885449,10.54129203302214,3.884520207316269,0
54.461563259446656,13.910550391443753,54.466025437781504,6.289681999530043,8.828426214979523,142.5855214350706,65.37164983321676,1137.8932474650405,13.550004760791914,2.922908863225631,1
39.52250662499344,33.88205576190812,68.78721635728516,6.356351374924301,13.203656581983859,223.87180060821458,38.36815223277997,438.96911654203336,48.43035725987773,5.407498169129189,0
41.083974392725615,21.843259503150485,67.17857316261679,6.65712011039824,12.29991654903499,320.9641786862104,70.02098938562716,1192.7830527542933,16.726602306870753,7.3381687519035035,0
41.07885024510055,24.766485498624007,73.40632840656224,6.425874667154367,6.591373733166109,495.1976445625307,66.77994708896506,566.2501761616063,81.08503049295071,5.929069036526624,0
39.608333242347,36.419517323937335,53.16484685580221,5.837203382475105,9.257095951018218,417.34721386301754,50.881275592100074,727.0138883192074,76.07671166114434,6.612364710951945,0
35.02947644172623,22.387335687676398,78.05882556396853,5.537111078139721,8.698542608077393,252.1743211567928,70.47399907108309,436.04104653257406,32.41288621054138,5.715152277020385,0
49.58689588175993,26.124812610197033,79.7688098560003,6.719623315957403,12.281448165786216,330.3384231614282,46.09656762320152,867.825762486425,75.7888454795437,5.765311843986282,1
54.33690999598571,11.478989872275099,26.992676599917957,7.341613174015624,9.282285685225272,349.32321237568306,11.61382996501229,786.8442123207933,48.98690473069855,0.1,1
39.4858696657009,10.070424216023595,70.97262557324733,5.712728266054331,11.47670718122467,429.09088849893885,18.210625333735464,933.3656277878239,15.3145835742647,4.730835807085852,0
48.26094383606845,17.343996190051776,49.98933546491534,5.921905438505506,10.819482044723523,394.5807141679202,24.599313416561287,834.1425018331781,56.27906690871913,2.7867599936972267,1
49.837926539174305,30.41749278756302,43.253980297989926,6.240458971649947,13.805109752781071,327.71645078845614,6.322892822569659,718.5422277176551,62.150600549476586,2.400242926158285,1
51.9685075818105,13.6379468007741,56.7843385929629,7.11748445804224,13.50227965441292,367.67321081586266,71.13812206306702,990.2053582493365,8.550242062314274,6.204347346453124,1
43.452583940272184,13.412858764136484,23.357933435720422,6.038520632941955,9.42159611790975,398.3670443851599,36.739022683161835,420.0169022295662,29.300778137983436,3.5741521965100325,1
41.05861811280859,22.328818241077098,50.387667126024795,7.264108808557537,11.788625693129195,153.25762365336175,9.35232963269973,832.8232166996761,1.4845588850727045,2.4071108093270492,0
41.50590268046062,29.435111158246794,72.2534342016,5.609915749300133,12.635680751849774,180.18218452215197,81.99581207255802,491.1009630632075,29.47859230205137,7.065884594482728,0
49.252426661970254,31.362159767437916,32.80769096833813,7.38191324251787,13.19108603089716,375.43371556300673,68.36542844635748,748.8066664686667,31.190079962732383,5.185604381635863,1
51.335589330112725,15.353520222951243,45.58339368616551,6.62149415574753,6.5450741102118695,440.17022479505283,45.22242371277009,1032.900253486413,57.718776410117634,3.21948449721683,1
38.632279355132056,12.387644421161273,76.36885326289253,6.817555356975409,8.416630394187974,263.7049130799071,24.74253350927342,513.9685970083201,18.91389516842485,2.861582430500219,0
42.4188201631553,38.21191101836632,45.71383026834184,6.2353790450727065,8.561840327748175,491.9561289884824,15.174589379284676,1148.6482790179882,3.7081888055013383,4.380964800492933,0
53.038803934983,17.819991476863052,41.502057939943896,7.06398857102212,9.475567609759029,186.42869306934915,45.8374191755062,1110.8037539131237,29.407108014395327,1.9496590684092028,1
51.13387039389478,35.600394928261714,46.43219888740269,5.833132500168812,7.354118005723352,266.67971281737556,88.52457430105623,731.9240566933588,75.30575916330315,4.263890592732976,1
54.69716805524952,35.90474351388455,51.16716599105338,5.597823650556974,9.969647039600066,251.40921738530128,18.839532327196995,404.77987258074927,36.923068500204344,1.2029160122605482,1
50.084965193641615,33.17567775287633,57.91948064788813,6.291033886215114,11.305714618387649,472.11837629057163,56.86592289914879,1031.7958613395888,38.358439285061785,5.90178213197481,1
42.863904020558444,15.065008199577102,68.04156805500386,7.207391427962079,9.978911361733742,214.1514070290158,96.16859952222559,1104.7166427298262,43.21248065619421,5.807824873008458,0
46.81275667989276,34.654043777626015,47.126132345858856,7.009853673275389,11.326344761580927,288.3163112168862,63.71165747646129,539.790473884346,68.66099477289879,4.921864311218038,1
48.220285084946404,33.0775167772476,69.04885610540842,6.534311940977916,6.531533054543202,174.89353584613178,43.99647301558684,1132.9537670532457,44.20224031407147,1.9667203145172085,1
36.56911632634248,27.901689703186513,52.023239681124835,6.6442754943307065,13.007898653659282,308.5064954249775,71.63729729389084,1131.2778218357569,9.215447728310417,7.4372138766523825,0
45.8899391820773,20.116061055068585,40.30883062207866,5.759785652597511,13.512553536808547,442.9616677854364,82.45779190187065,777.0326808273524,19.575981963968463,6.751435234692076,1
49.18641656945219,17.875258127996325,59.47704968716485,7.181363017235165,10.943259392949189,221.61578475622568,59.05162978868421,1038.4278486382736,17.910763029331758,4.031882704905914,1
38.34642608002121,13.656676362410769,63.06333528460948,7.073919365928393,13.051127989095175,424.3168288651313,87.18323589929926,755.9583826175907,46.707698656390214,8.464076234438751,0
50.61263434851114,25.292712007026143,53.48293853776925,6.8129407877738855,7.051568133185699,464.5246328702504,51.45917593757376,851.2370127348943,3.693651855870268,4.332203710520508,1
46.675455610282235,27.557826265295397,23.396898388083404,6.432382072657877,12.379591360610481,129.18315588582544,83.00290022062566,655.8712078478106,26.525494766148725,5.11661591404879,1
54.04443571395189,20.78016971547362,30.192972509649493,7.428918536559025,6.953185547780752,402.5698145277004,95.20192404056952,527.5754762566596,55.64754469388517,4.523443117544992,1
35.84844596413783,24.260772030426057,37.11786325341369,7.258063943752942,9.264081851980293,202.13737446019633,50.12434670235171,997.2292670512255,32.91856079784415,4.279381841056352,0
40.30652275110934,20.905433721078,36.95753635708959,6.788860987029237,8.590548276466201,170.13106501465165,60.50017155853252,401.11427561530854,64.69409425769395,2.6569082469951386,0
47.031077585996485,29.230181719621037,60.40524801481224,6.243601995434576,10.684734601763633,340.4489568100144,60.9467542949835,863.6421517190252,36.209920317111134,6.125062364432957,1
40.93119824411861,37.0377762338969,21.100919700417954,6.736044557363025,8.41211628191627,382.2410464914799,78.14348635982907,1091.748821102771,89.13317755400006,6.318860891587117,1
49.288483281424845,14.917607861408346,65.34090662297119,6.650881853061331,11.098509037337061,257.9043942940855,82.29658401774228,577.0218294211604,87.88206583524828,5.3668511262719605,1
50.18010565043862,21.4422642970937,35.92054848841599,6.288483975669832,8.939098313215663,115.66948283287624,2.7229316206060727,666.3195654384019,72.98566430181322,0.1,1
37.050319281329486,14.22605811852584,38.601310772966144,6.113347943376152,12.886323048243716,463.48180967871724,73.33595640903879,869.9886822915703,86.895147524636,7.366739494824635,0
45.27708928413536,28.74831311223496,51.674589676635456,6.314021584474645,11.071070721756893,392.29876673899804,78.38152446302377,597.4961972249121,19.43004174558967,7.252270627007057,1
45.177811111821114,31.866115284657873,32.95553605633745,6.647822812066796,7.722386378571569,208.66672267320587,70.0429439458237,1077.9894858646264,68.58308492167062,3.3904096898184433,1
42.38561540431082,37.957381977923674,73.06827881453165,6.356269689422189,8.689035376224696,298.74554229789595,71.36956593230961,693.282533690044,29.949276998751127,5.5142071784072995,0
53.65849725139344,18.366157787828946,25.122126759593918,6.027148976402768,12.779367101013246,111.11711598683121,4.140285918426945,865.290975855909,66.27648870486314,0.1,1
51.550126397464425,38.5063361759629,46.66294173806389,7.021926635521617,9.091837999899667,235.71311272237674,44.20386619489061,580.896918079367,34.65041154698793,3.2467194359651854,1
48.94418763819274,11.897880154620244,70.9653361672934,6.562934991914826,10.286392524525162,309.0140942340473,81.81796497217407,433.10906959278856,27.047859376976696,5.655968758582874,1
49.28653271469995,28.090415900937646,56.95063366527415,5.6353503264512,11.191535487618662,306.8894460465001,93.40071412951036,538.9602128109285,87.2915585699494,6.2727295555568245,1
44.23432287626238,11.7139815802999,37.53977095055801,6.236633011252251,8.782477196687335,183.27395120341646,22.946792057193477,436.9591500870426,19.88968975802543,1.5519388633671007,0
53.41989042193151,36.81322563285835,45.245612466587644,7.269826914423987,8.351829046064546,410.6989464735563,57.919494035279506,774.8831196905753,69.27117351459064,3.665789145877244,1
48.891908545065704,25.894271712101624,62.401662820550875,7.010473062399904,9.802039220864229,219.54486341065737,80.43302395505837,869.3099127344395,61.72049468840997,4.5217823841893985,1
49.57962123311633,30.080450522883883,78.39564460183396,6.146493567888014,7.719047776742313,332.16400927118906,75.24076428591857,435.74016614836216,28.312987762725783,4.983631451970457,1
52.2338180757469,34.947217777313575,73.58832310276601,7.376366304089018,8.273684695352507,208.60889021518992,61.88901169800791,472.38577723034626,42.25087157430516,3.338295284040286,1
40.48143178684382,14.509318674519063,40.54596850294261,5.6532058167164205,6.496627872256289,270.06714919470807,1.8691188262000225,788.4200214482807,13.864878633189626,0.36883201877129607,0
51.14141807733406,11.157746858144016,79.89187275727144,7.422469407784378,8.431762207768044,183.0058501000921,72.38858401115658,1039.343945760781,83.90877439336504,4.448238450858577,1
38.90481205912984,36.366434377385566,20.210279811863497,5.991410184969351,8.565632746908555,353.2031170128153,77.3242503278815,902.4073431325754,88.13078213746876,5.1324374164763285,1
41.90683904489776,19.447996823767973,21.657785348504905,5.518188360604839,13.694665330330558,270.2337440565403,72.2849506625635,483.76817608309557,66.92167285762237,6.013136443797577,1
41.71220908539685,13.869367237814958,69.43043091027164,6.367616073036654,10.717830603727041,106.44692179510571,76.58091614899567,1110.033819073196,77.44783094493668,4.168966753195536,0
54.57050936778281,24.053837112612598,31.96776120998312,6.217940859374018,12.299059403326446,111.26599760670643,43.09148926788603,1133.9601878317974,8.43556877211868,1.3872324649362824,1
52.13074447495853,27.949182270880563,23.64615610377445,6.578178010413588,6.36301802224258,288.45372738856884,99.3752145925391,659.9654622795688,35.557175616075234,3.997909541741515,1
49.02339723180519,10.929118102675304,34.22888439419013,7.093545721139691,6.852293548866975,173.29034676214175,77.0786915872659,892.8142335050898,30.773000339399335,2.2294537556721283,1
49.5411352323078,18.24686974771263,45.56600923885161,7.184861604300894,12.516295686900738,334.01681925789694,57.868000527998554,793.8617201477695,51.84564090571621,5.0769353995569295,1
46.24145588805142,10.98399622830688,63.83397622600429,6.302459999223384,10.988396395341086,263.27671270880853,93.41912697466239,1153.6190149038578,17.50197652067661,6.572359307536477,1
53.94181334217038,22.61006167586497,57.46013159307233,6.3596914874127,7.527856244321623,361.7679342158891,90.81983394580183,806.9988263589887,51.704318856429786,4.238945226737998,1
44.92517505764723,36.853000871987334,34.25727305362523,5.796355460658948,9.238363246893906,480.9580696255806,81.4567065334265,1167.9726509696513,59.892882901892946,7.530582263007654,0
42.61035419739789,39.479572344807075,50.19622688603506,5.595095217762327,10.309379999852982,311.49445391810144,56.36949189837664,559.4740404241649,12.911778267153647,4.781689050253496,0
38.26070673863182,29.111426605108825,75.57284632391412,6.78242998047005,12.748878633099533,414.95144143603983,52.71010191467135,676.429406156544,12.854863797889957,7.324540156789694,0
50.72411304522116,14.849130813537755,68.90046661902547,5.628875251105384,6.4832959335559535,401.21639852637486,32.87079319745207,1025.07619207691,4.188105085883597,3.323354705859966,1
49.68887864151183,37.17548169997917,39.3913870899076,6.967660238842912,10.773778314938898,468.7164417295461,25.087797910394837,1026.8885884746942,69.48032046617298,4.315795126759043,1
42.6871007704827,25.487434696001813,78.93587368134177,6.578180290044495,11.736287372693472,185.60714689520248,51.23595169750865,985.7466191653641,30.790768315492425,4.689371576452162,0
35.50386827918459,14.612479363087543,62.51722402610786,5.897165956452167,13.823134863283675,430.93078831397634,57.77817617119738,1087.6891717322433,21.287841017032196,6.90557967503598,0
51.779946554360215,37.651800083549844,23.746961340006905,6.579045887025299,12.457280626337475,462.2081514018747,24.452643145884558,962.0369383550498,71.0284955540706,4.197096006904666,1
35.22835966908147,32.72407152169309,22.109642797318322,5.865995433204198,8.209818508522186,257.10519237903105,92.26012436534788,908.8681155777871,13.893012108058558,5.253724828122291,1
49.07399559258102,31.951158181694545,30.1044769406018,6.377474415020824,11.676633551026121,225.52647783958724,55.727399673431854,767.1400104620097,39.44650843875745,4.346631288055185,1
54.40514219452114,31.27542111383214,63.671352083008806,7.099120632484458,12.106223079415816,480.8143638713151,52.650532538214655,773.6701946634615,68.03080079666745,5.2561791363729835,1
43.75322656296407,16.01019463289327,31.024335550545672,6.423838586821275,11.837883999347161,351.0531288555472,43.563838836614025,724.9291945633934,52.64490858284589,4.519132073009383,0
39.69946809991906,16.33020075122578,50.68920615253001,5.797398636595096,12.56115254361496,252.27059409658733,5.807129571686054,896.1694397630563,50.86001291431808,2.097813078478062,0
49.09742020086763,30.64878995281765,25.595607210849906,6.94765736364589,13.229839809709102,416.7310883726521,88.24013344598492,725.3311433863948,15.171706964442258,6.462001083999065,1
51.3425628403117,16.591682503311908,75.25316946981171,5.873536832540018,6.787438951914722,221.78956064628602,31.699422644302977,517.9954512692775,17.28394550512669,1.3985571342454732,1
45.92860632155695,23.160150904091466,40.637636815014055,6.977099748740219,6.838110861448951,170.56303442794484,64.24603344682944,485.2236929669174,53.4302914518767,2.5084516717277254,1
54.340705505122926,33.46005476781824,74.48792339363786,6.458704578431666,12.371199910165167,317.5878543190822,60.74335589700354,1139.5778201950222,3.1210174972594076,5.086329502268258,1
36.033374433159224,33.518575542935224,76.69253851463266,6.407483518188603,8.018979812171768,326.48481796424136,58.44868253845268,419.7911260303065,79.22061900670694,6.850767512363567,0
45.09591196609056,23.59785317577579,20.36771883882085,7.20287007571495,6.4683313756006235,430.2985929069352,52.57122020115841,484.37380944452195,32.54237205768773,3.85960049136343,1
49.369078946451,33.76569814825736,47.84811123192392,6.9172070486813375,9.209833447844847,282.810942008172,18.14398334313281,756.2438997164693,38.49545953155944,1.7492092046913057,1
52.252809422983574,35.1586538859417,21.479363342413574,5.565821593909878,12.559015294608624,425.8346158021366,28.060574104796554,610.3410135235039,24.25891012593401,1.9359644664094928,1
38.5851122381558,29.643272538527807,74.52156597817435,6.0923486292032045,7.012520190511843,224.5290717393354,52.41880712703001,724.6791203217167,79.9003989336793,4.361907512116403,0
51.00006963527363,16.852775569252607,51.10445268407455,7.241841321699797,11.37473577443574,330.1472808711168,78.9342451596926,493.95790527510667,58.825366552531456,7.048740815645571,1
46.054141514370905,18.220353411566425,24.49664076190981,5.5366523370903975,6.028926894172542,183.38911156028632,43.19889706504186,504.72554947789916,41.49176221315601,0.7446055185714299,1
42.931073639799266,19.44523466226206,26.616603696594012,6.5905068925239405,6.8778995776995995,254.17838036663855,20.392255304613084,1040.526326980092,53.677791609376705,0.9051246835975348,1
37.634300571581875,13.50412323201856,43.010541469564345,6.955651338347888,8.806802766147895,443.01587913314046,8.794442480542596,1007.2869952802431,35.23326363778518,3.5765074173663276,0
52.30591517817825,18.194788611098353,76.41405157237337,6.743712170969152,6.668818248195312,186.395277374302,66.30110034940242,483.40229257969145,42.90242304559709,2.26699177274209,1
38.145464163594305,16.28557672937596,61.57454909408485,7.021064404208873,12.767213339496903,424.0957851597071,42.33399706211646,934.232331919216,33.186897407285606,6.727072771783692,0
41.195757184181986,23.659862494258064,72.05713197134794,6.951383697829492,12.91256402516375,213.1486631389625,12.537089262264189,887.4490586843867,37.96073147897518,4.051797529836669,0
40.80091063924874,37.253126436167946,41.98739878039878,6.884061390306226,12.044565624796194,113.79588787178147,67.44668799869838,970.6901781441837,29.347888960848728,4.128231856610835,0
52.428280683817086,13.134409502618743,22.5928219729999,7.143079721851304,7.93983705116494,143.9738280227385,20.757873085437318,779.5591236499793,7.9876969791419805,0.1,1
48.45405988417796,31.60803771842187,78.45905823226485,6.791381336899077,10.185976601919839,398.35181812831524,50.90160483036771,615.9894620267527,4.361165034685194,5.3259243605336515,1
50.933627943827446,30.61849013239383,21.030379439742173,6.304836988513964,7.473508204186971,204.8283706008593,30.618797507686047,930.9433354852223,16.669558384096476,0.39067297416747926,1
40.00935797584998,12.87262595990073,76.85909918486534,6.443818219829176,8.250227600584886,361.65823689650887,93.16900644340004,697.0859412182576,23.647396944585736,6.77878118960654,0
47.49748199213998,37.677172147174005,42.120645430948684,6.933449565362901,10.12804233739033,379.6795611028932,22.82880662711656,575.1623208097284,81.14246745307142,2.9006106018273226,1
46.434919662874975,27.05416606470459,20.60542430131289,7.252612059333588,11.880110467686382,238.04738577387394,41.991852154202846,726.9032109754265,56.01237890707942,2.6668107146249964,1
51.65660753576542,20.911765634070527,61.3494339034705,6.044437601679551,6.757235043149113,289.9675948844561,95.94935968280058,1010.6158684807632,87.24674526615918,5.661203413160194,1
53.12174120962521,32.6961575048592,78.83241824188124,6.184153591942142,8.37357358102469,261.50683618232426,31.87251799383154,780.6345572289615,31.568217417606665,2.8819910626970913,1
35.243135429547735,17.720963752049023,77.93754337025555,7.361478792724825,13.412970788575379,478.9395985418136,64.45931630110002,639.8914107467376,37.15642034203933,9.380728255673514,0
48.48039838117585,30.80529511138961,29.656220672145107,6.657023584818891,9.432986542255104,227.97954494063495,31.67270437063252,1065.4948918590626,65.77779048308713,2.3048028244974623,1
36.03671598239458,11.191336227167417,30.8748683639693,5.857923634270002,13.510957391274516,173.3292168899843,11.0674979117249,1105.315004144748,53.01118698706274,2.7889748900039404,0
45.97717330154712,35.18224112827816,53.932334877179606,6.827390277824765,13.931204332417085,246.2371371502313,62.75472326842928,746.6003390181397,48.50920723438886,5.167024775102752,1
40.75265458087357,23.445125410639555,58.23828958569946,7.4815243110787595,10.213278608891327,367.8062830408049,91.60315352853404,699.7504165815158,52.800763740753275,7.848387515333857,0
41.13553199044282,29.10078743073825,64.36507481995193,7.1469071289408,8.304352078278804,378.9450761445861,45.25646672340918,890.159157615172,53.57217810488138,4.809879020067264,0
42.059170069047134,16.63713459420051,30.863021628328852,6.991482273102806,12.326214468580632,469.62292614400275,62.617654269246714,446.3795568463304,69.91663817840782,6.127317578431481,0
47.4258489809922,30.31221137975344,77.54042520586607,5.916093308532538,7.27448588420012,452.7017939503237,60.88984132566231,953.0585284540778,61.12738245835081,4.907788347336157,1
41.68099931337538,33.1672082767983,58.32435537735427,7.252279569368015,8.016374877376563,215.3282081669102,41.50897026278759,1025.8300843017973,87.15828238138613,2.193361442181396,0
49.65398101180561,24.19639560653196,70.82281513223329,6.551577687071093,12.279039275994258,282.06529958703857,61.48966387647305,717.9535418057374,86.31667162507898,4.413972250938501,1
43.09054771147739,28.53180772185383,52.40394291705031,7.2785800441439115,9.46916739785624,398.9075952733736,25.931808441897218,539.6926800059172,38.973056471040664,3.872596561234597,0
36.36706400619917,23.689777714671955,44.85661085539296,6.159655658849759,7.612303495901334,466.61491224081004,37.80379046030521,423.0547001126908,4.215034856071938,4.378115829708687,0
50.675196849682145,36.822741077735365,78.63097439569975,5.6241021052708655,11.209005959618596,234.86600514275673,44.231885636237514,909.7964795896798,1.9967303996854537,3.142402326005347,1
40.71516649185412,24.936075415429574,54.927282249190164,6.4519519373194925,11.862094891053463,277.77657367079837,86.40086835624805,615.1947253079278,12.087406439909,7.123309253276849,0
43.65533759198525,35.25426127086457,72.01241496795073,6.039675209635755,7.000569915604553,459.7913081814435,34.833289483325494,771.1116696970274,7.740765900828599,4.270771597333928,0
48.708877664438035,34.04056174810746,77.1975437819774,6.930458579552596,8.215842079799472,243.39354926336907,63.51370481158264,709.0844173260247,34.60294440737817,3.6886991573812873,1
41.64912314297424,22.315144640450697,60.521277620519555,7.414213105712065,7.770214042977866,292.2051944766943,21.340383741889866,539.9078367579701,5.758713899560263,3.083596147589221,0
36.131713122934315,16.90253475572425,52.936320711120494,6.881948302303128,9.038837030099618,461.8016564872315,25.256972905392672,806.6949347685633,57.24226325234062,4.1601667110986105,0
42.47842094025627,22.18246397679313,20.210651054639037,7.273867859418407,12.107559164608515,420.89728719593927,64.84288754599777,767.6748181925904,18.11568033957495,5.269344347432705,1
53.88897165388607,34.786521273256604,22.40117844434036,6.406048027202413,11.709664818194593,197.3723700039211,76.23099273666037,899.3180982958659,47.25687867126288,4.1445004132164405,1
47.83468794597116,16.82897607458177,32.05107296306698,7.043281474390604,11.300191283069632,229.91802616477335,46.211717652628145,601.5079956238294,10.277090437036165,2.8128329221640884,1
48.42958297334414,25.73309037573248,31.160505911359714,7.186086873343407,6.05028436694873,241.18349098373562,33.50996967777665,571.7112638827247,75.49561592454627,0.5246362178301538,1
47.6456430727528,34.182902438822424,35.285527711990724,6.921751255167084,7.1371465070431155,465.0953893724239,91.02715559322725,1051.4760478051776,71.19629453739844,5.6040174505617,1
38.979842779188736,20.604324253851363,38.29607826185965,6.515554572139129,7.786380392816534,499.57349484181566,13.580781504904271,961.7537959712332,35.78384989462558,4.040801746311937,0
43.3666772820456,29.266289110080923,41.6039296130437,6.751732219230736,8.175646768310797,409.60172086217597,72.0714237649347,1017.7651613532506,82.95339992730256,5.8154396773848935,0
50.018795967266364,17.368947221464435,45.23226140413259,6.901013991357761,7.1714123331912,293.73052099740266,69.0170749747103,498.63184940402243,17.713058156683946,3.7139418066859546,1
37.027457951063184,13.278383361044797,25.93198030736088,6.006168806442854,9.282524411791117,104.06952722699158,69.02451627277941,579.2317146616141,74.25430346917325,3.34603910859406,1
40.55705552179425,33.83152675278569,22.541715917166922,7.11915852182997,6.601444680112207,378.995222639183,93.54204444235243,860.4252129629119,50.126989093897414,5.399532110808025,1
40.526382169317074,12.969058702261204,60.43666694438141,7.400649077934546,12.000177523102245,255.74446579911387,72.81903009807922,1085.7610774983264,30.66220614688665,5.911184151930268,0
43.64037855189012,18.141441852387537,52.240089490584666,6.430478630359872,12.30176629836884,353.19458809144214,30.15651894095841,1113.691714534776,8.592484142584699,5.153185695710981,0
54.6073748188437,35.65328265992321,46.64865213320718,6.902134366219755,10.594133516807185,342.6775853849715,35.34092242323092,1065.5279698039417,16.418001376697582,3.741954936021652,1
36.35005093367644,20.394078612360016,58.06639647010114,6.974051811580708,6.717639016335743,292.3328226297549,39.111097319989426,434.7183568675419,78.65763448201189,4.154483738697174,0
45.3740198876119,39.19136048542484,69.66076443221243,6.824495095042961,13.120665356374065,477.7549590905292,3.080867409810606,1056.703347724581,55.619746767254384,4.858717073436544,1
38.58729364024421,39.3920300432158,45.661574546972275,6.594230216657271,13.725086629664915,109.25853814213666,91.3510315408257,1119.2729420168653,22.33860025568496,7.057620976083507,0
54.413530908194886,18.0482806136067,58.467167903118764,7.263295909149621,7.618908482574315,384.8529937890353,7.3552603864803885,445.39927212212166,45.62675897100082,0.4876338921330503,1
37.266070094549285,11.229346667496714,77.21433343010952,6.397853418537789,11.637118555525758,263.9359473198184,69.97942820974717,733.0247150215905,10.705300284271768,6.511315786826908,0
43.072020047231824,31.151898526161375,70.37746975169364,5.622205912973207,12.735509045139885,385.5161801966445,73.01610048433118,829.2882586373613,9.895824250173344,7.479236778979407,0
49.75769969669212,23.52959507945031,45.560048630144564,7.189112751424321,10.318748180341618,370.08785901585276,84.37150506305396,586.2002983067997,82.69881864734513,5.806696773079307,1
49.091088560548904,13.02258531878729,58.68301026888458,6.847962544633101,8.586584796213991,104.09520103039816,55.336225559552254,813.3485248296885,42.20706603366183,2.4348715918344186,1
43.45457273787865,31.225684569341283,30.624255314956386,7.198517252999293,9.828469720642822,214.1353980698685,72.5264423856537,1108.7646303688516,33.541043855602325,4.695448021558049,0
41.930483359054364,10.935247273357637,53.63133109370539,5.777094884889388,10.098150006275617,175.63660820151216,30.272292446595106,1093.5540050766117,86.41646439798346,2.878292360453316,0
42.95224757105741,36.10590071476726,78.87969746830657,5.561505881019433,9.205096353504224,166.79454117699692,74.55840109127901,1151.8698250059847,36.910061074645284,4.091445667768201,0
40.28552526317279,14.159575873399112,51.098906912151335,7.368749080765003,13.43873994906965,391.3906736484531,34.34157372618859,787.2878387156336,31.26179152482223,5.4447992848104665,0
39.106658774135994,13.81935636240175,75.65829795140884,5.795456611701148,11.951064887540017,195.82053963724985,90.2838478426696,728.4535562351361,25.568755404205806,6.455893272027942,0
44.6607939511778,15.270168939057536,44.44009523019564,7.119304664140904,7.930413138039712,289.89504599492034,16.33818077663828,932.6302552258827,51.85565386723858,1.2396045062988297,0
40.37067512135215,38.807990754761995,79.93068963107787,7.146419884361272,10.684457498558949,198.7955981142718,31.575731067395353,733.4084620808273,51.25695330481403,2.757390423614022,0
40.749233297945004,30.79508080761538,54.75320211365347,6.917410401098006,11.50951320744934,332.093529374132,49.87694515551306,433.55567680068623,2.457475839726544,5.481685188110353,0
48.13512126949114,34.041146063909096,22.536139654156074,5.7625244221857415,7.121251373617042,388.2295072239872,77.58505571480978,975.937161736364,59.86560915615759,3.497549848278361,1
54.37074663399784,21.92904957198259,55.20528780148329,6.834797249121615,8.867405939041191,232.4298954792706,74.87991051030319,624.787153026259,71.94763927238083,3.9603555585568446,1
47.0727440111875,20.089381825148667,36.4743617407758,7.2781731666537315,13.244386252831328,341.2083393148488,21.071687432450346,439.2682498137524,56.43680881873506,4.06891701785199,1
36.539589341299326,17.0345202034951,21.948879322153683,6.3510632896017665,10.537384801481611,429.9419097654956,14.423569661179636,416.4968612215233,79.2899324455634,4.297647558231711,1
36.51167227708134,24.41944084937227,69.25119828167979,6.327033708757198,7.735981968482535,137.68971406579666,30.396960429409823,1145.0890148618546,25.87747249330083,2.6154780957635655,0
54.02846441691132,26.554862006025054,36.543778218845354,6.385716619158838,6.982278384953206,384.2682396165085,48.375415167590255,601.6608069153351,18.278146249186822,3.625711685764284,1
40.94581580614667,28.953245309582663,67.79291324278991,5.664543781352413,10.145815147799022,229.2579777741521,53.90050448257506,758.3193540184509,63.755028443797634,4.580105014263794,0
36.84133972164951,17.713555119960837,37.293054977352014,7.284051138059947,10.381485784233153,149.0599826099777,42.913759095527915,1160.4611623190845,17.97031919802946,2.690943449634844,0
46.98089174300763,38.45962242708972,31.659581232426458,7.238365727961021,8.675315610836899,318.2616830457395,66.30901166480069,774.0135830245802,9.199439143773672,4.092611543089853,1
47.47297556580532,15.092754946214075,78.43613444626564,7.495818643580573,11.043328227352948,190.5049277070927,42.75589435972377,462.88745882104905,9.695356168569566,4.278194168700383,1
47.97009640237376,38.96959524299237,41.69871966530117,6.670366282996827,6.54947748975511,428.54471706766304,94.63290099387946,841.5488377973275,70.15541439031462,5.530308227410886,1
40.348040557150824,10.445683675225114,56.08257268658963,7.0023832729027715,7.161117546129125,117.15836381243045,26.096884798153596,470.55892276325216,3.5863571501293956,0.5360402359438218,0
35.3022136842895,24.433770754505368,56.598889568868294,5.90534381261461,10.370190568090074,139.46115850835898,62.73721206700947,476.0703026988291,27.051103435527995,4.975489694770858,0
54.30030738908944,20.001035143496885,53.62840893041011,6.835057636448339,6.494525550755632,308.3984503943268,61.137793866013176,1081.1816590419678,12.626776894966914,2.8354169991755076,1
40.01786091382205,23.473702417907525,74.88174461127288,6.799465697514782,13.047270119928804,335.5767136307827,28.157472188228404,631.5372346916715,68.94191321195547,5.0867833687722595,0
48.52052576105095,27.11993736942367,60.46646428201211,7.302417471683225,7.137170963652134,391.95466580909874,41.16876245140273,942.936160089949,46.31437770156856,2.6617050017311827,1
49.13259739757419,23.06767474038127,44.22398024629581,7.161585445678148,11.391358992676292,203.70429130087751,36.54736194399708,807.1394682629294,19.494317304790048,1.5397811487458128,1
47.20014834158971,22.44540550904785,71.74282307145644,7.3769329252355265,9.129627533715402,436.7041632853167,17.24990600204893,577.8613529635313,68.53698087861405,2.643177011736285,1
41.258147884272965,31.981702462399195,30.863773946957863,7.237666945403215,9.198301980337988,481.2569359095133,47.729521263154396,814.2562389225661,68.53298582243471,5.926112125009154,0
40.421925075281315,30.57628825259394,52.65420545662505,7.237387789797704,12.119116228889151,299.61572143794547,38.666225302184145,455.1948287198022,48.07203823617856,4.603732490412795,0
46.95336565405406,34.998138461075435,77.03302231662539,5.6274466533774365,9.995697073383312,404.21254598792046,17.831736006715936,677.7698796717675,25.826480834968873,2.5518612568432544,1
52.32191267223383,17.49876943718487,57.523857792824764,7.191923905391912,11.80524370915093,309.93934181751706,44.98800454177615,818.2689800163932,53.76493893359994,4.43485497947076,1
53.93467457846791,28.285855292621907,69.01810702849258,6.714956789006236,10.041529830022153,127.78681176488425,42.18439682587392,582.7154704685216,85.01770906787726,2.6408065561463436,1
37.118116088075155,27.555843561785615,59.21364353271157,6.260888903531923,10.743242731242107,230.44460513704843,13.136567765945973,928.1505041450883,5.647274886359693,3.6908807402204133,0
38.0965722519544,21.092134326180663,70.36225181227343,5.613029248776124,12.085717022957313,134.994675850806,13.118754191801084,441.4495373570454,25.02548619596131,2.304447003979787,0
53.89472517566159,24.581726257080426,76.66927279071461,6.855347549536093,10.858469943370203,495.55164770200537,64.75073798456974,787.8479182965016,26.647227585341025,6.291324921464391,1
49.73070456669585,19.413464299171864,36.37530365196421,6.156403501075235,10.92492087511031,191.61036482935089,70.65808047171039,971.9966250315067,57.863049722639445,3.994714503514779,1
52.65987649659546,14.255331928509555,30.179664875403134,6.435552529972069,12.313756731420757,354.36016776628753,94.11804199089048,743.9568471654183,59.604795699575256,7.240815627932944,1
39.052652682706864,16.414036319881987,49.039445019952396,6.863456874110269,13.592694526554986,213.73804077797493,8.700469046109982,1099.6691322551505,19.56838554493421,2.839080822024704,0
46.75171742218804,13.165409392036032,62.11174560945295,7.3235490940482855,9.013729231482694,361.29848614237034,11.786149237825349,905.7542249925325,20.44905378962596,1.9618961211307937,1
49.022791888349474,30.492087255703723,33.63147519093297,7.150873831209997,10.61693725780761,184.16067634819296,5.1818128467911,1166.79433284699,84.53914160672525,0.7102090640246744,1
48.602237708939455,29.821821793274545,20.246087025810024,6.4011942582072,6.690185261868365,414.1080263640298,53.22284307569301,627.2974502199829,69.06689358965298,4.080984408908084,1
43.16303381733396,38.51819114739618,40.576106950202316,6.275566314892758,8.870431044550935,144.3246411346542,62.27466142952265,1151.0314646837978,85.08427286785475,3.286066081527398,0
35.30789783382617,31.89035240941724,78.1315601280673,5.979559477688095,9.296393807115088,458.0601600361121,40.35234519321577,885.4580719085574,75.66966893464286,6.577857794007959,0
46.65852113608526,11.561375162683943,61.6980476363508,6.244853502351937,12.681898534592408,436.16867701631776,79.79022209611327,996.1431193707189,37.19061822373286,7.780189053645403,1
40.06203078359218,36.527355217868624,44.07952663647343,5.722092774583796,10.107139217005415,371.5229374553542,68.66994360038001,1121.7288936347577,11.971687316065132,5.798633983373347,0
44.005084922857804,35.88025488837177,31.55456584081042,7.442211016729509,11.848530986387662,126.96585085713915,98.584042094686,840.9577503934568,57.6595329631064,4.844326424430459,0
54.151620301676346,23.29960962318096,41.36538042528482,6.647834887919158,6.152059200205371,183.4276113315713,13.789498329967865,1089.7446335597324,32.67919560318889,0.1,1
42.98070635284869,27.575891515837647,30.190365998074878,5.755611685590425,9.715941357026525,443.7446382764304,5.831566434250135,833.3575516704443,39.28707915326367,2.3824773316184924,0
51.796032133288534,39.28234997417557,26.378349278777087,6.205612018531811,13.210541321308675,148.78977372103805,27.480370556938784,879.3591420937902,39.32917668496524,1.2402393025861775,1
38.77081211498502,25.969130915444985,74.40454235435323,6.594078287241312,7.794511274446281,162.37283852320803,1.9050195316844043,756.0788583179085,85.28676594977915,1.43829882560139,0
48.449209960500575,37.159654851282696,79.85902030252842,6.565771273281739,6.252177482456903,317.6013295022083,93.26114278665126,516.5108414720823,7.197617727333426,6.407667677155336,1
54.54013908877887,12.491162734305593,29.846866375747418,5.571006737437265,9.467269869707811,209.6709758697375,30.395165868817543,842.8025866790933,18.379338532276456,0.8177385243522628,1
37.037862017458735,15.731556061260486,23.271353532696782,7.401682068458223,11.635454565180762,188.83027997757182,55.24301669714588,1181.958584212945,55.71485839134479,3.613877609067712,1
35.16639884454384,23.222648303239534,39.78386642877274,6.050751362949889,9.635708054731756,330.3253727392722,31.80696328787419,1029.7487965858274,80.53822592982041,4.6057652288364075,0
43.671655852652286,27.54270425011914,47.69955084568492,5.532369337863782,9.679826508090127,249.03067058321162,24.580862198882347,997.9987878027491,83.61483866829919,2.3766872756670625,0
36.85250966102734,34.48683555588401,32.28927482455127,5.652888017900565,11.358440329906557,156.2239587078675,15.236472397487999,914.6470421837037,51.28236338634372,2.203538938203771,0
49.96768699352462,39.6478634542956,38.08549470791351,6.660389806495954,8.035110466264392,313.9415070181858,32.03659203291356,678.3269387897956,4.1105096950957005,1.948957233687133,1
53.29097327697118,21.665544894223494,32.05224414149946,5.775571041350194,12.01511833313582,254.8049613114491,61.541893040797454,535.6921555827028,33.65929309055265,4.236491204439426,1
43.68041945417518,11.422469084202548,66.45563410594707,5.583449585707006,7.224908247245867,393.80670970950774,97.16211996875278,579.6412813141519,83.6949962955411,7.2429605289318655,0
40.17423284310882,34.03514509885974,62.754676594835644,6.259252932825422,9.1660048422879,141.10217692823568,55.809204036714945,405.0576716341201,45.994967737578314,3.6943422116173252,0
43.6880663801322,28.131421572484243,58.097090945658906,6.745522384680378,11.248064867767344,348.24529757838957,53.270906609900514,938.7843367186838,66.39519512651357,5.853527083313578,0
49.468956357000025,15.95628576604605,43.23307142475228,5.7236796096832245,12.626952057841581,274.5973307772991,3.526301810514687,1049.502046845147,25.22740784045452,2.241529527769091,1
35.18108323160742,24.844853698642606,74.54245647885415,6.126655664302631,12.332248569320441,262.42475002096165,84.00990156676927,615.1290809584478,3.250627330231504,7.552950174825685,0
46.78907978969394,32.26930736601173,78.1719524921012,6.335521343249084,11.773484794461583,192.91507520333647,4.484137499757324,473.4803197154175,53.052416760540176,2.0612453336328023,1
47.26583369774758,33.11235361205931,30.41835875752472,5.818920195573535,8.87277106829113,112.17041128108445,90.62322741034792,668.5816542575343,76.14829039927784,3.6714955630171184,1
47.75376493791871,24.98855235996286,33.380758484712686,6.51214779693342,6.978434530349791,439.07567774585823,53.86717253567179,633.6409835335824,90.12418272010537,3.6367491061681667,1
39.84044159961754,19.156435903865773,51.537861680022175,5.670428173803542,7.734673741543925,230.56403441377034,16.846660523403546,760.7010886221855,77.19643970549853,1.8600058402611814,0
49.281054467562534,39.212277461154805,25.47503415693472,5.593036992690138,12.91867051661188,372.43641589193885,45.17073920064587,611.2816434568088,50.85949260890128,4.752804582678581,1
36.82782972663553,29.900878328694784,46.18690392938677,6.53967073431027,12.858650961061276,479.03495991068297,99.49844806831983,671.7861642760233,55.78548299204841,9.81397410167996,0
38.98540672933601,22.24712558038896,54.90747588666261,5.9957939455017515,13.612486820312126,325.99611923285266,30.5082852044093,1126.0438234793942,75.17476358840491,5.334560104903587,0
52.54940093308964,18.413896726139573,51.32441426823999,5.690747615796055,6.607909215164333,258.85876100794655,26.945976854857868,667.8682823116849,2.7829627144854543,1.4667540932687175,1
49.77446301453133,31.933089490106862,39.854514984681565,6.347825174975265,10.294472682219649,207.30942653948148,11.800589504250592,1028.4144373839176,86.6479913375018,0.8778273405209334,1
35.27491108022691,17.265503367813032,52.54674836463241,7.33028147903479,11.189464359233869,473.61751705899735,59.71423487908388,900.6669601795675,48.80991212634083,7.419926806762398,0
39.96752520739601,15.151299669210644,77.52805725553087,6.94838489330831,11.685259016534854,372.83072722045716,8.922699901396292,670.030356505099,86.68470200409288,3.979068594675952,0
39.28812965986329,25.89501666886211,32.36104425748256,7.131231830694055,11.150905880083442,366.1125573026238,76.60080638040772,1054.2306158242804,69.80663499227481,6.208451395747996,0
40.41612656073945,18.699621779324254,59.28988150364022,7.243827977517273,12.160091119218256,270.4633300581108,91.92235143305581,876.0608556770119,14.708591075323122,7.351069163859769,0
39.95119540559773,28.86715434770845,22.60380164936311,7.445255482792838,8.875772610314733,438.0194851469723,93.18711112154993,406.89498207912027,15.873383317566462,6.931256755035409,1
36.250525914856915,13.538160246227005,23.984984268886095,7.026493147028346,7.435462177083857,385.46887480379485,10.791625287743777,454.9825612579198,32.8281378411442,2.722906356084411,1
44.178810331936404,29.64823313701965,53.109693453415105,6.716815843878959,7.636666977203508,213.27330871240645,55.82625973529688,1002.1116475618551,24.758921974221757,3.362483838372556,0
49.654669495723304,18.498895839931066,26.296350819676967,6.230851760604494,6.095829515761315,339.8314640100192,9.710985490216661,757.2222316681555,40.536888336777366,0.6914071970924134,1
47.13463449434873,10.007288033035382,21.340807305611442,5.863286473115432,8.80257497684978,272.07758184050624,57.20161414842973,724.4062333948325,55.35134837878509,3.905229274471227,1
48.4574333719616,13.808081730225291,30.29077985888133,6.873319747966589,6.733952407039818,102.63606513188522,81.49805852095811,516.6617473566464,40.29215495380675,3.019544757865893,1
36.622983570724784,38.00846133505282,53.89095025997447,7.489899972243884,8.571909542321528,423.0493726007189,53.779016230328466,525.8548751690162,6.07785262364969,5.734680166395947,0
54.02981420353574,36.02063917346074,62.200457271135946,6.434717369237838,11.025680617329982,149.1321395678803,87.20538261066811,1038.2019600767203,88.80684536358119,4.921870341131842,1
51.76983667686049,17.008270961087106,32.1487138484828,6.947358736185615,13.15582444469456,303.9818024010457,80.16743548493777,1063.213707169164,39.26099207812146,5.479833761302319,1
51.101806369913255,33.35115713636473,60.09556623249047,6.490184899986312,12.716843607924131,234.49047723392624,27.65483499399284,848.0020325109833,77.59675038895485,3.080947242030966,1
51.45967610083535,28.25714779521923,30.94857986595376,6.363866846726953,8.021393695660615,236.835616480271,63.010228288244164,636.10224784455,7.655886303503692,3.1027823308873104,1
53.654210162655225,39.127141343496085,56.80744559787543,6.32061122711983,7.072665137584376,290.9459533655232,0.7412126476131431,1146.1606533342642,73.90583917450138,0.21128642218998672,1
45.88507932227395,21.208169786021774,44.71758079374793,6.509249365863395,7.5445781903738505,498.809241607898,39.60419159248644,899.1699127961813,16.60641739401745,4.931785308431285,1
39.00564035735252,30.44381837551514,59.227970560017006,6.23379132373075,13.767893215228856,263.3518722525903,23.796016778429518,1037.3136955614304,62.14644486972659,5.211411320564331,0
47.33567215705082,11.906071672717557,79.70316514875483,6.997546643643616,10.395795837483927,172.93169192662896,93.71163459434861,402.62633623057235,60.56260266295812,5.748613801326964,1
49.85762987335878,21.88742040449218,76.26901791395372,7.248544053183033,7.460017784004599,345.4425352197476,40.538901172316,760.2556807002884,82.88260464401736,2.1892277503683375,1
49.75834786708051,38.91452983564541,20.256905470166217,7.2657706132903686,12.725969237494521,194.5150832158085,65.40644284224805,1096.7592690559645,29.860901231566473,4.7077460580326225,1
45.428980483337604,26.169426233503618,73.12632586173834,5.955397426851652,9.16152995450044,142.21965468518016,73.19816092736072,670.5866265861771,10.80637839240783,3.8672042359908168,1
36.36917438667156,18.636385100045338,23.98944771048599,7.291818277462982,13.19377721579782,120.06966882637164,77.32125386815075,981.2409414978248,78.81092346338879,5.329296437118269,1
42.42225876860256,13.608128893858206,77.18279516959069,6.18310246371021,8.085417014675892,109.15250960787355,73.57751920175288,926.1398601029164,30.841977667633042,4.484448543103549,0
53.415332169267145,31.10585020544591,36.90954074598108,6.118615330970595,9.14577407043389,272.4658593244255,28.916506098773475,521.7746930834395,21.928041015442236,2.2797364335639894,1
46.68897819514852,29.345681302891805,42.922089824676256,6.953512114796472,10.039582102320676,270.69031194935746,68.60676967292221,1019.9230618035241,44.758775078952624,5.4735406338026715,1
45.76663886511427,21.21816140811324,25.498292310543672,6.109392680172579,13.140922672712254,174.21816003118118,54.90094822622833,490.0214322502391,14.152212101061085,3.637131224276548,1
40.37707028764387,38.52824055597503,26.736365499734575,5.60593281121942,12.950059452840446,413.6076215084837,59.73726647975188,982.3312772575525,27.726701776477217,6.825573702219076,1
42.36897839833158,10.66608438963551,63.60443391375918,6.247235544620616,10.594840562431024,151.70825116795152,0.08146173087548725,1192.7746694232756,35.675257065818776,1.4039898320564603,0
52.90692178306338,19.111715548954773,76.6599341448975,6.942931200716698,7.774204078247125,466.12687705572097,25.825760095285656,1166.3851454494102,25.952976414196243,4.745206984023639,1
48.329260950536714,37.63208458898744,56.64490969725857,6.153916840540353,9.226855773903,335.030391057309,93.06836967156555,1040.1933944456036,41.523355066877386,6.778871225499345,1
50.74774053504666,19.628063149583213,62.95100093160866,6.759118111990293,13.805064522924043,111.04655044197185,29.007608330572577,827.6139393837617,35.618560505571224,2.446222041867818,1
44.086908461353104,17.567585015655112,65.7181846758292,6.82023888852626,10.862185791019217,485.1890502970866,43.801552224964254,939.8596606565919,70.71319279995396,5.679262745451369,0
47.60494438912316,26.02661229793742,35.7688564731765,6.9674720234527125,12.248782040993573,223.17650381834144,18.667398219574103,982.4867122752742,83.65678092322389,0.8012683703913901,1
39.96767217486415,34.71405249761614,22.713777855212896,7.294260932621873,9.598917562891359,279.98998383114133,13.860255190368974,406.72121942259093,10.08308950730673,2.2103237372819624,1
49.10921660566973,13.094402826350832,20.112364635150115,6.365128998536862,10.256058203734451,213.70747719782088,20.866896863870508,481.89297676236515,75.09722890997719,1.7579366322962642,1
43.552026674066745,38.29062128937208,41.03895697724112,5.832864153324914,9.431632897860354,391.36851921351104,55.3647328866973,877.6473056630899,84.8594086931742,5.233413438401642,0
43.85091029629491,33.852186435434916,34.487853691952964,6.137851430863779,11.623367984495744,294.27208828781545,91.90286513901081,405.22763211432726,62.79518313718083,5.383214894558639,0
47.986446491537635,15.437507666546558,23.73906350295114,6.364334510347971,12.81176811109502,152.94918376100105,32.619917989619026,1127.1245206187978,90.67777085536196,1.677418184131977,1
53.72561242937853,31.36023883594488,30.771697549620004,6.927782938656226,10.058908345796508,141.6815809437815,32.340795220797105,791.7301705800622,31.153869969840283,1.037557890003887,1
36.28012693217242,21.548761679126713,27.469933896076867,5.526244251123267,9.846939669089807,390.1501653298299,56.41405868868683,606.2136604840973,75.72789474264688,6.223256135806247,1
51.49486474694015,22.068840342289562,74.89270283704222,6.131570766879758,8.722291736787176,194.83256197250859,35.67427176931353,715.0569356780794,61.633225420920006,2.095437669407254,1
40.84766220824386,33.49870277316599,28.416032807550135,7.059685162038633,7.4167735543526705,155.11734985538902,91.0416047983988,1080.6211285120023,30.108590847771183,4.767522087671994,1
43.878389090127556,38.883544239421965,52.25890783926075,6.8417154066613906,13.51398178300087,299.7710387991371,37.78480426422619,1141.7542990112925,64.42088351593107,4.310881191227183,0
35.43826657550018,13.799676185415818,55.58635730672987,6.96347994717121,8.52863774943604,421.1061150145216,49.044225251946706,492.98798438185605,46.86596551518021,5.819376038869457,0
41.02092155668626,22.61890710636458,52.60936746251802,7.123621538878389,12.405531708594284,211.51309834925218,53.33892839704109,1022.3685071644613,18.00765017174103,4.581665077888644,0
45.052624852602605,24.428248242529108,25.943386052959276,7.066471437755925,11.722776170299793,210.5726446803231,78.20677951304712,862.5816945732242,16.649171416851644,5.435917238021294,1
36.12352154694878,21.28935450864993,39.12790170503307,6.864366332305556,12.327340802225033,433.5525041041508,56.39059394148836,868.4022061315893,65.20589620892633,6.704256518359948,0
44.8219145876633,20.89567371148675,23.076219947789195,6.379323064741181,13.49414506697682,159.13351782751306,23.915510014732412,1023.5616975166611,65.07374160850601,3.274587977942285,1
53.54221257716854,11.568060026847895,43.74019484577896,7.467196657756308,10.986966081767179,346.6910367146189,12.39872066263673,578.275749428766,48.76963848652901,1.5726822198895172,1
37.10786436215611,30.5661586168787,31.31593587629552,6.638146391180148,13.183602747056357,482.0053931930342,93.7774546688964,824.8359743799666,46.12741005499724,8.811524290750144,0
50.28881456151009,23.08643251360136,53.69795199706279,5.905538418737678,7.341578583298349,436.52125983092304,80.15629946391074,655.4820923606474,17.203460111997565,4.932151761122553,1
43.19342106751985,15.843814079317802,61.56850363094603,6.085625710209569,11.0137006076543,124.72609351189168,2.296521028891574,475.60987598121187,39.63575107038744,0.8103722366337933,0
48.10347429048676,34.48100506906205,51.927191612282385,6.88712491194094,12.178204903316901,227.96435062465017,82.15289843235476,484.0635564452831,79.42577689279909,5.804738808797869,1
40.20473195970459,34.07682244454884,46.05420179668374,7.349479130398927,8.173129045953392,156.94978623704654,59.059779390476876,509.1771765001206,77.92545754856359,2.8314072604494247,0
38.18984525082717,24.591748842666814,43.24000525140154,5.8574402584117955,11.92603041033572,479.6962550748559,51.889423503494335,891.9198791238704,60.48270116272889,6.324147360200006,0
38.209252285424526,18.953519834432818,70.50150608582022,5.664692991491573,12.227814632929896,494.37662648883247,1.2229179023558912,484.664158701848,90.76210101727598,5.300858711594364,0
36.409838912862895,29.14278177389357,33.162083903916205,7.263062096084012,12.649503648131558,193.99720821601517,78.08640563844152,856.0830740721389,81.38605120206584,4.28626647562046,0
38.71293409802486,18.644564073322094,64.05310037173213,7.330555957825669,8.503063300767462,367.879617931501,19.80650142412501,870.6376463818078,14.07073812112918,3.2638308053899947,0
48.284387699779366,17.08023790971136,65.44893948440713,6.052758690631799,11.452852721346474,436.65269281884736,72.7981213194079,1123.117208097513,36.92227627843326,6.158783716083651,1
52.633812236870156,31.9154396207898,45.152000436244066,6.25457144874248,8.434026267278096,193.4721137657906,1.5868247365817267,901.1012770604113,12.874373628334693,0.1,1
51.282513711823235,11.20975719162852,37.83803595353836,6.820375994995716,11.912323099987642,175.072253728391,79.63536496661861,1188.470272705201,42.94806547862828,4.54623952033948,1
48.70268619748968,12.84305413103782,48.23248916275851,6.15986004168495,9.703789321165697,104.48440929891211,2.303946835504056,424.79406395266784,70.87445422703487,0.1,1
37.208637268222056,10.203645220707694,25.592835553561912,7.254317416540106,10.78035499621776,264.7849827766104,23.589290407251905,963.3169093160951,15.020983893588353,2.7979021751845696,1
40.783748925919,14.588295594262785,22.7558019337454,5.715157405427726,9.326719851444551,459.7749849578866,26.827821251271345,421.18406244243465,80.2379829177913,4.396681185939029,1
41.19613750644938,12.069700261313784,26.696191967113506,5.575964441920391,7.295863415438594,461.19185962253954,15.750863810692639,983.5020622997629,52.215179638645566,2.6113203219308434,1
39.99913892795242,39.874071033397556,31.22870188773357,5.9169724134855795,7.424236236842909,151.09725100360652,48.1058196195369,708.6801673632283,68.40500093175206,3.0775146485642444,0
45.300113194194466,18.66429909862269,50.250609220282584,6.072175556409938,6.620551258097076,181.740992211358,28.36879596167089,889.0462123140717,5.06402308968403,1.475717645395088,1
45.71107629759345,14.478040380077418,70.94819816966734,5.72585318257775,10.944581437773294,263.21893237381346,99.32879757272566,647.6304576706702,9.445433801578458,6.332993833115501,1
42.137719503422204,17.22988773987754,34.13853991998122,5.631380858681293,12.789107183624473,412.2498180654808,57.99687933654389,527.2840313221193,56.87750677578943,7.036309928978861,0
42.07578317472872,38.08376714620404,76.10972064480669,7.011215427003597,6.1666946100966475,344.7405934126914,56.64778250542405,978.8100144714259,76.43727216359088,4.638383309768698,0
51.57111195812163,25.60480669073187,77.29447453610021,5.828553131804515,6.529916016706828,305.5398974080865,22.086963010645523,1123.6963042160694,79.64785760726957,2.496570925241055,1
50.78585696639371,20.944542889235706,77.53427629071231,7.3278443981326085,9.659735938423282,336.7727536890412,40.86894387149114,546.8659549600279,62.953239274037344,3.560679863206064,1
41.155916633614915,36.20174373727658,70.25376408057943,6.235999322896192,11.901765889345516,138.47987752091865,12.397799436000001,1136.5624009628805,19.084484813260914,2.59185791217316,0
53.27576887746518,21.849708116470975,41.829502447863234,6.84121161944269,7.2616611576956105,291.06545690196276,76.25292522503862,512.145687363635,18.551954319462705,3.8741326979282538,1
54.05630034005012,20.050257098730874,24.361034660157383,5.9508042295376,8.17321055639355,496.8253158156513,33.115924615347694,988.529506039625,80.32264726214385,2.8052978110687357,1
41.53485084060082,16.218475676492066,54.129123905989694,5.980645536983734,7.856049610254457,135.37845877563512,75.19658333932104,1167.5561265432048,11.191184696554787,4.5050518805924895,0
42.0884989758611,21.333904717282344,53.520886636234025,6.649418405735151,9.192409749369233,307.69867105395457,37.169599992947546,517.8967054049901,62.74637776976287,4.8309419294129325,0
45.112683068439175,19.50053068050778,70.99854602657572,6.621285850291972,7.799989416140569,218.25970466294984,98.87572401148455,748.0720374042827,49.01561551330709,4.7312072119533575,1
53.82241625067347,30.31911877894423,79.75946305676631,7.037458456024162,8.820789428358024,315.9653187447836,17.11216222546218,669.9659858867196,38.927808652337696,2.3811950852904378,1
52.52638866284623,18.68748114012181,50.48943839360885,7.015626611388532,11.828340789295552,329.5275040134986,0.15238938833312954,710.7822001472784,40.630110954747,1.244426429281006,1
37.0513592516718,27.315992392676844,40.71224186238706,6.841375529327323,10.888073987633513,330.9891592477903,59.48255413783857,1002.5117913054213,86.06866264616716,4.5304800976463175,0
42.854614865428324,11.976764950959181,31.154102693376018,6.398261131786982,6.649453643133543,440.88351412435463,95.29532000878382,928.9511460444475,78.52988799072965,6.831930467824365,0
46.067423794995435,15.73867470089543,20.287989489042243,7.281280772561234,11.101965329965742,255.89896586946438,64.70540549059794,1174.9495715702553,78.84854774935714,4.281065373225957,1
45.0626494510308,22.222158148340462,50.54682154933275,6.745156980442598,9.816617372473708,306.5416650665984,8.572352274818096,548.3836026851378,37.595647732926,2.5480927292090225,1
38.877261358737854,38.10847761726086,53.33112000215574,7.480396980924715,13.47652459765711,104.37135958709942,54.04803824662254,834.6086954607041,10.628308786357659,4.45454188098379,0
52.17633542336309,21.317559571470863,69.49630878904384,7.138739635868717,8.314434536832426,415.8202406319067,90.94869361377273,759.3009163352214,90.80554898058766,6.658762393945664,1
48.538815659936745,29.922223635995024,50.274618073568035,5.588619622476653,11.80933135759328,203.79508295034117,0.6506067880012734,1135.0848871405997,14.080877852993336,0.6000866163246674,1
51.75816749703607,17.652616672641944,74.98810091996339,6.141187814160635,11.84688658435656,426.6220096162066,16.69122128377988,408.49538598156795,47.402409729579205,4.077809486779052,1
52.175285586989446,13.811007279196952,57.68500859428613,6.643751432941904,7.772006248073499,206.25546655212688,81.45615561026163,1191.3363206136753,24.815726973855284,4.267832418282258,1
49.967117073314796,11.756098002401504,70.42017429326499,6.9429390757429745,13.225788999767488,104.31539850499689,89.39071065774829,783.7874514980231,46.96685754849175,6.138495722799657,1
43.784212024994346,19.16240495628254,28.898104088464827,6.600672995523883,9.929465603436824,161.9325272773787,70.7160620868271,900.4317177868779,28.443987469238326,3.98123012147542,1
47.21093510030849,14.72983080390724,71.32016781813888,7.072260844924363,11.43106693511442,494.2731610288672,99.15601636398208,688.0420446445723,81.71979765588635,8.653587828185358,1
38.20730812239486,15.220313440483725,60.5086312666309,6.065311305514689,7.166844471068036,227.9204983791954,9.021592958656932,1082.021335756399,88.15074361379736,1.568974994878464,0
48.472908349498155,32.8227792516085,30.213981946299832,5.86782410246565,8.062431335935754,143.52956080509887,54.56765158365603,849.5903560947061,37.90578543740948,1.1394527688902794,1
38.585065114785614,10.475142128346226,31.385813488760654,5.60783336757954,10.688856943497782,147.5035214503002,68.49947226475862,930.2487489998118,7.3170676519804445,4.519597452836736,0
48.87899181020313,26.734303772063033,75.59003714265327,6.646627489143044,8.552218146986796,224.13708562288951,70.26447203690878,919.1237664485411,60.70024894109337,3.6939150947866377,1
39.591963215079375,21.383841417803943,21.932921627022374,6.87719904135099,9.997543348567788,115.05801644670521,79.34846153441826,691.185711918186,34.896300764362145,4.3734948547405885,1
37.3510260030044,25.196499997256417,47.752096597742366,6.152299434238723,8.992041594986315,304.5954352487815,91.76260450993831,460.7927966452927,89.73717903607844,6.810882345886559,0
38.30568980285915,26.884907116438086,38.80851739604609,6.7271683697117535,11.124430373152384,185.49636619572806,36.16414456171147,1046.16498087524,9.04373000964284,2.6860381696676296,0
35.03984270438141,19.401030833718345,59.90464639990569,5.604314461706658,9.897162902246471,307.7242565587489,4.296339280763584,631.772735347454,11.72137966256465,2.1450527247295152,0
49.3747923570706,18.853265805528558,70.37776325413952,5.698586692593607,6.036879487785345,156.30568747968806,36.24419144809583,1079.1441827821636,63.948080276789234,0.5162425577605517,1
49.64802098116758,32.002055480047176,41.62268729339417,6.9035095445169965,11.197446703563072,271.9428916069969,67.16147633872349,886.9144070326611,69.27846421183837,4.386776847606064,1
45.29866699826519,36.13830964363471,45.61412523937023,6.236139410434598,9.376972456401454,339.1667433604978,21.34560873336435,682.9631664779824,43.39867638615071,3.584431271476527,1
38.22725602110767,15.777448973755837,78.91506707008486,6.842668062206011,8.733586723921782,124.7999753352432,80.99729515587104,875.3977191788981,25.953814219612244,5.197214702675559,0
36.671086750213796,12.92856281605447,67.03499058075217,7.163442240559836,6.7531740182657884,259.49972370042343,21.976445772283082,916.3941538891501,28.882904421740704,2.8158857678469813,0
35.38257932874574,36.93387419176078,73.83224785590748,7.205244874952234,7.762957524531932,221.00952839587512,1.0063402380173336,965.3467262069379,31.417566977914376,2.3663477718339583,0
38.314963539304415,20.49686390942196,46.32573323909779,5.8443352909289015,7.7901783326468275,196.1439265954536,50.80807742235793,1057.8705076056572,21.27537915772357,3.7503783855678368,0
52.81711069966293,26.539521719884426,34.044572239046914,6.472571144702693,13.482955995237832,341.8138504337986,72.64615714036199,527.8039537743878,77.55782933326145,5.793641549790506,1
39.83073683403364,20.786294335600104,44.7118079231871,6.967853447264973,9.460103797972375,335.4167943061629,34.9655340536834,1155.3155078148934,6.856948679931776,3.594115310179718,0
42.085426544344315,13.774070090381539,62.96551506989081,7.047961192533821,6.33652677772136,352.27992267107743,74.88957995367868,728.6724915420086,37.65500416704831,5.489890742912612,0
37.10690968962666,27.67994934843184,26.56582429015876,7.069351961457755,7.110533457946567,163.55306817300854,43.84043341210082,1088.360238701102,68.28428303568931,1.8267698802163004,1
39.447226094963405,25.75422555308889,36.228146336990534,5.956334668761169,6.6322614058632965,214.28369794493108,17.171461730673542,576.3836762942282,1.3442927002053986,1.9779310697374102,0
45.3844914156041,16.089806775735916,22.798154027695425,5.885069635447547,10.71095512165769,183.8715111980315,9.055839379895492,423.22317776377184,80.02292651028355,1.1809986015112242,1
47.15505366191305,23.556071339568334,45.94086430028789,6.680024936547392,7.492971932534614,316.20144199913676,71.05871649073474,858.6752348982806,64.5663891141428,4.5480865438728095,1
39.90704628332422,33.908425120469374,69.6467441587768,6.982171595476439,9.988461122254208,284.42627568384654,38.57147876028778,659.7330232579511,7.60365611506612,4.618002820297261,0
36.15464318450235,27.71278309323674,21.479821297880648,6.138279031068387,8.960496502959804,232.1174950371,91.27737679237703,1187.5696039583595,81.54969300949944,5.831372618601962,1
42.82065738254797,12.907519812009845,60.51941160842996,5.7094103137248435,12.431011017153594,414.4059235473732,54.025505857394975,483.5627637723063,44.85744933677361,6.094688822214225,0
39.68406741852668,26.440644916874053,75.94975247082438,6.933492765820155,8.563917098122898,137.5894977633531,34.84324182207026,437.8422928028174,59.70154005012804,2.9952000914207413,0
39.391078464596035,31.082148978687606,34.21567169067094,6.099395662760009,9.666123859174466,489.9586755022569,34.89909269897231,436.0142548425066,80.38300370669577,4.987918665294235,0
54.197256054269104,33.78110217342254,61.618090443658886,5.832725448623444,11.770284388782606,146.6176311261275,13.143786445264915,573.4989561790356,80.30461102205187,1.8085588318838153,1
47.326009718514484,28.873527359028003,78.50611406601202,5.795447056794263,9.466809655445115,409.22832502734775,59.37891535891566,863.3528930922707,37.78697066567514,5.221708402529776,1
46.13756886344191,14.579744936223513,77.73668360914779,6.129819095053433,12.345724288105512,247.29207566433274,58.21671354103222,804.4506989157534,22.392053652244073,5.6031746147950265,1
43.31550207046644,31.30519799770482,34.0957515817486,6.685356131827491,11.293474849893318,446.10489165272224,79.99936919364934,680.0606438668492,24.167938991155903,6.823173560029734,0
43.578886668602884,30.32025538244549,26.019863192724124,6.216804477387633,9.284232911573728,129.66797951366482,20.11969624670761,471.03448593352744,69.93474277453551,0.4529272908381375,1
45.81810007676162,10.732806488218996,28.896952273754955,5.541323703186864,10.031855405490901,249.8886840769351,29.07896424758274,586.989675835455,84.64873249037264,1.0863602639430094,1
48.92859614072215,22.352430027707296,62.12214010892853,5.693816869355622,13.737627646737547,234.1773626000945,9.72379690955817,547.3176518277735,7.500760598228497,2.633126215470645,1
49.04292192363659,19.9885074088712,63.545532527196535,6.081006494397238,11.292891972067139,497.2628152902141,29.534220226890675,996.5334697248387,2.3517755266612372,4.733569875142649,1
38.43387815410899,30.082361927609302,60.45419369769194,6.819408964294183,13.239961807778599,494.21959795585025,42.81021157544007,1023.9571064010513,75.06415553254666,7.813942240556392,0
45.002255041532536,16.484074369327622,40.16470326453428,5.697030146937068,7.430068027768515,175.9215834665552,96.40284059539837,1021.6112104494558,35.794234292865255,4.564766436747308,1
43.239161900682035,27.726157689227755,30.186616385487326,6.621313707001364,9.865889249961215,351.9787842793355,65.30660028749134,1175.232435531319,25.880432046234493,5.334198676753128,0
52.41053932538769,37.39617885442517,54.84566551713519,5.739771741648008,13.269293358760404,314.2077679643761,78.28739297791955,1107.3903570672255,17.95364628542577,5.179315661874924,1
47.628378424367526,33.934071166258235,49.02082674547199,5.923230654698763,8.580896491531341,161.7493964962955,32.55098852204902,798.243797742804,32.18325488454201,1.7174602177882532,1
45.65008132831964,37.643732086495916,63.73004882733821,5.844377055111526,13.741313585171365,167.11188244176924,14.451281280809647,731.9488167273321,88.43212803502071,2.2325614944368843,1
37.307892843578344,39.355179007980695,46.48160472113729,5.6344572711416205,6.7766199237892595,495.70069139182186,25.67199419133298,1132.6148141675694,88.93717970893272,3.3318433153980345,0
47.11275778646823,10.320103810184882,40.3183816811881,6.842659634773181,13.221369362200296,281.09199744837304,25.646769099932108,888.9802016385174,30.836217390103396,3.6365040205984354,1
37.34407811360467,28.682238291324328,37.608714641540864,6.4268070947720695,9.56169697652687,150.3205168000294,58.31153282934272,635.5189336204762,87.73211064602037,3.338673587419761,0
41.74413151131504,22.385181932767193,32.68821920298479,7.162106881794676,6.589953321129285,185.9160154957017,34.14711324550287,851.571222172134,27.98771047656553,0.27440522442588433,0
37.85683929628664,35.79563471005365,35.94478257119968,5.697781679964634,13.036172740688698,207.33922689941986,85.73988643332788,1193.7195381569009,77.90329857403653,7.037229748247596,0
48.84147294048738,17.554441060273952,25.68982633064608,5.789465866676144,8.015521699272908,304.36690532744774,98.8544519236498,1079.57604812189,20.080378823928363,4.776330513058201,1
39.12504227672305,39.43088467345228,40.81142065573337,6.112915462700901,6.178001003961802,234.21925180252373,34.329840526344846,625.0237728476333,75.38388295347917,1.2815842294873905,0
42.83718746376052,28.41123908631242,22.19418874177749,7.0317319738776165,7.086456844553538,282.0047143559684,70.50602736870107,1162.3635407337736,32.83573578014651,3.3202792728313484,1
52.91349555237557,33.80612206686493,31.18483082997961,6.111517646311397,11.272917935198093,166.5998204405451,65.74865819203688,1185.1696891832926,18.61511679486561,2.7796869396675277,1
39.086327667979404,12.56798658468305,64.80622667716574,6.316837414997385,13.822491913105559,230.69147623500248,19.44624877322815,584.9335675323322,85.13019166812677,4.83261594186415,0
45.15610127917558,15.503736542765951,39.52813932059736,6.10320713259433,6.8916971166681344,128.1266370871016,91.8008594820634,1116.473694801073,20.276589918580285,2.927637550550658,1
43.38543322332044,32.75211019102609,60.09422101864063,5.66044858360206,9.695584384998096,455.8841093903395,19.944258718840125,1106.5621741590658,90.26517031833176,3.3270733755312865,0
35.3624808209146,10.659595661179708,63.01305053583664,7.3788672457923745,7.44509240758026,179.5009908674313,73.69571316696988,431.8028585872325,10.771650314964083,5.129102110733975,0
50.85516227145625,34.50633957681349,54.87112056392681,6.597077984142378,11.960292272812737,402.76005417149554,34.760964227431245,935.7513544493496,1.901870505118656,4.286717120859814,1
36.380918126291995,10.418470560757344,77.5218644819239,7.075666376370993,6.944471198094513,239.82071528133838,36.708156700897135,644.2245704249355,79.37141914693747,3.575803574553373,0
44.48510041953907,29.7135651718382,21.286391997386794,6.816714184370592,7.918733987847117,289.7589275759173,45.54490528889603,939.6901011935006,53.7943967477633,2.544334922180879,1
46.213565898778995,20.952817606954177,64.31915903528852,6.52850855812395,7.571247741192571,216.50441578449073,86.45079780551396,1130.8469553521948,38.946367186752845,5.987006929086285,1
47.568529132291744,28.344845581575974,77.52719863642449,5.67935651331876,10.420158242935823,378.57650844294795,14.025194151121212,799.0233983916148,8.376753297888477,2.5944409861788884,1
48.77263258615751,30.88094220967341,71.73630376117636,6.7854670905406085,12.985472736005057,437.818567709883,5.456957783475391,731.5302646309221,52.74032778835245,4.2268253566309415,1
40.065447670454304,20.274256575589128,30.0735615083008,5.810740711873664,10.088721609251348,214.50807389583525,40.20408189137814,1137.225016949934,36.43530267123096,3.754660281197118,0
35.19957553316899,13.238873443325065,39.60921837510392,6.328766338712553,6.46594762217177,196.88705746543698,5.558509914208809,1179.2919341908262,44.52597216898145,0.7919232204902904,0
49.46887324709824,12.08937603244797,30.347110392587922,6.758226286960861,10.507111444774651,372.5761061855588,68.76008830574405,449.7890622350422,57.735267526198754,4.724801410160979,1
45.71313198695157,27.668080676876436,56.078501828882246,7.064458000944247,12.380167994544074,178.06122422708836,76.03250750272133,1138.2784553185659,58.59402450675068,5.591744920134929,1
51.72235406414498,25.619660612023345,62.73127891876954,6.87009035141724,7.057249578434582,355.9359062439089,85.47123947532589,466.21482681751104,87.45393172177354,5.637601498638402,1
51.42776725801389,32.26603027363397,39.024426161783495,6.843067058109257,6.581689714756734,137.77123187745423,74.3842245483597,669.8289707068717,59.95480720954103,1.8621144227486401,1
51.866523355757664,25.292065300118114,52.370394439057726,5.798084418350415,7.5024622204605524,348.0548639842749,91.63513936926792,1010.0592979442614,31.546372616400777,5.857830605809076,1
44.7018931995908,22.673373700926373,61.4552342042717,6.192257080143175,11.96869058257302,305.3626936041733,74.83011227232221,1021.6295855517562,30.666954498857056,6.40566878749329,0
41.672567916737314,21.942615347086928,45.2803889966629,5.5858245453203885,10.733443356256013,145.56228623052334,93.60756398784017,980.657512543333,43.94448576168871,5.600553405096853,0
50.8311640518274,10.793407077930024,71.24093182732756,6.938953786352929,10.32475723169399,359.6414539458399,19.311079420936316,431.2899904488547,24.339492988136474,3.8064787055788347,1
44.0258822605851,20.066716050899714,66.29299611726903,7.405171962634839,7.995839157054147,278.6228628136303,49.98631328677302,506.3728384192746,34.879508031366,3.982126141827586,0
38.66884392806869,39.280604725734825,23.87993263103424,6.028220780358152,8.657892761974875,186.84602032683426,99.39305997049087,1148.973198575799,76.79014947368505,5.436489052015486,1
52.09948039122949,36.20666728681266,57.26751794544974,5.675393418324619,13.727080103546738,241.3536622808709,68.15781825427156,465.1691107167126,78.37854425804774,4.644147217714124,1
52.65119753544695,19.881342011026533,34.119533057584974,6.451140153507307,7.9250018138350855,296.84084225557183,87.86411179892573,462.8367335784933,57.501323038030634,5.892526681843218,1
44.3261951228034,27.633862151991167,53.45109588003652,7.213396446255137,13.213163386040709,136.6216909057528,3.039379383285523,1068.5167502062961,53.4556847794675,1.0940876053886939,0
36.51399454619575,35.41890236606481,77.41330655797798,6.603948390543559,10.644252035661893,483.0437932513417,87.17578985684374,913.0126025783089,39.438984856017626,9.42037247780983,0
42.756521798338625,23.238230102502058,72.74372027313501,5.593554300380227,6.986371730969982,366.2248624848485,69.77132345720976,681.3248446761436,58.23090240119619,5.495270661533036,0
51.070753189252066,10.538735912504528,44.2709841869079,7.448544481055892,9.738499025240543,141.0139925150784,17.075543398771064,532.5683896573012,73.54480111583409,0.48616567622548684,1
53.03548057092458,12.235313854559202,37.4908315006612,7.157299819925202,13.588389738887006,429.14487373138377,2.568095642359658,1107.3363359142518,67.40623521180822,3.8197078225465715,1
39.06945484995192,25.3117816404612,34.064344664495536,5.7631881541030205,9.348524785098869,229.02197237845817,25.99265781256529,1190.8302061028098,4.191356410991731,2.366086788076286,0
36.33947224050543,39.08318127027635,51.950892185391204,7.343595513007018,12.907092518314897,338.71981468527355,91.57733589927702,439.9773827542633,66.80169987450702,8.096492963162465,0
52.54700906265677,30.79628626656603,26.854907195483378,6.401376577210377,8.051429557213662,210.8571366318293,66.81329387002864,843.2907056721615,65.79529004575015,3.4521752087731152,1
42.78809877957751,12.127485743157086,52.95650048769492,6.243795981149883,10.567377214402985,393.3623779658429,91.94691042833243,609.042867924652,9.909148301983235,7.498733758802003,0
45.835219285351265,15.680826273755883,20.080018369447522,6.422106661054377,12.75081646561579,389.20359000004095,44.61507824942594,1065.9094668397634,14.522262813021351,5.386771510546924,1
54.361316241015174,33.139694296505496,39.430977844750686,7.169143913741895,13.365507529357565,320.8173827489672,93.6627095235241,676.8584734198446,71.91176600622943,6.374437692196081,1
36.331294558284455,35.243192798687346,33.196058829834875,6.818959356573572,9.886586937210406,196.37023698863123,46.29598154450056,971.7034313490718,51.30906204219417,4.1835365548572465,0
47.96636014904191,28.530837585657725,78.27312739764693,5.618496904799455,11.117504817163432,201.48152300485822,20.42547244183345,831.6187372210217,74.94660915270961,2.659176375271394,1
36.48210845149734,29.332695088894496,63.634539174198736,7.415208742232342,6.023841046258648,253.14511867797717,15.139346418444733,833.2187052759762,17.626972141538527,1.5546001017408277,0
42.50937856933001,10.85012351150154,40.97920282773426,5.795568266956636,8.025786460107117,158.00486695851413,99.38118130350443,1086.399544944337,3.7553288235703155,3.935257961146287,0
51.07629090386894,34.855907787445254,25.57070519183723,6.991135903470703,8.229696829975566,235.06228527636944,33.386266147457086,776.3235407396514,15.57475792040608,0.33998334301889044,1
43.669444655112684,33.648256245124884,51.00803568143744,6.7722730608562625,6.747944093235446,373.741840499325,16.00530253175877,1076.4796273155844,41.73130407547172,1.4114735006946133,0
54.94364707805901,17.771054323100415,32.80687287956254,5.875056095893122,8.237560106855813,432.33811202376853,0.8408430890752161,690.7414624300603,48.09634800489115,0.7757175568019381,1
46.18118569893204,31.26030159896521,52.18577275390147,5.8414641522260995,8.568976264465114,233.03291619734458,28.55695665296224,539.8263539714441,78.19310098474,0.7828202178371257,1
41.42324305271907,16.445638192749943,70.12174125073355,7.240655187409384,13.750128316545545,193.4361033017456,88.91161436025389,764.3819021252921,65.45804768668573,6.927895805241206,0
39.40222651809506,11.20990483154539,56.94755312608312,6.339389846999194,11.348819044486701,433.0570313340537,53.40093206773017,798.6846251016177,90.13515764761716,6.724455575152199,0
42.01041068572324,16.03409627771132,58.02730517270013,6.809153028348277,9.408040635330753,456.2816109543685,63.243505152495494,782.7065581102331,8.08476322378275,6.867882078865114,0
42.450665475191016,15.358866302628986,52.461817343768686,6.508142007713347,13.904435685564074,264.0086093248257,92.2391103890533,1046.6643295034257,12.719896528592919,7.947643731550187,0
36.37427355447922,20.13243990204542,75.63593795788455,6.9547070341519195,7.22585856187689,110.76166153985353,51.28399181070292,851.7431531680777,8.59200344385127,3.716930872154757,0
42.39148398853546,22.553484915263745,75.9141610652362,6.458484750078661,9.808409551443876,377.9846483576608,83.82798458526146,1110.7552574070423,49.461224192032404,7.623129041165726,0
44.2847703947845,25.256166744931235,50.76339206441313,6.0747598305111365,11.176497656392396,413.6132944732518,32.38332780763537,811.3483959327536,25.017469372569337,4.493421990121677,0
49.45475504477609,24.302616265249846,38.345569228610266,6.226766741992993,6.444645075872616,107.20970126577609,97.71018628412199,579.7720663056034,62.526964608739426,3.3084082262281465,1
48.13458969443216,18.12023817895868,47.575220352766635,7.218155388900685,11.73599086466495,338.01234133660523,7.881387351245239,503.5966722102021,12.94217996109898,1.972111119684236,1
49.17531310458308,10.875120057222233,31.19347473173694,6.436069385845454,6.798938823375919,335.34750329767,72.48295255132646,1094.6902567556967,10.287225960591368,4.135025442229096,1
35.16727363753714,28.153048667114522,58.18065891908536,5.926898664489219,7.1222584687974155,251.4831634991656,66.05662867602943,444.93823912176936,42.414892299365306,4.019611654118354,0
39.35334799161072,21.872344895420632,50.005540146933996,7.369210776154507,7.277516099696673,399.90693034033507,19.167150585081693,494.08768953580983,34.830851793699146,3.5040561445892746,0
48.23368576799713,18.96016472162649,26.198028668796795,7.093200912996754,13.431118613244141,271.2716152457443,38.8843998846536,450.92681513411287,75.6248424395589,3.0694230969337966,1
44.67978736359494,36.00823128491537,31.85886686717692,5.611332292112398,11.465884361105342,370.7103807165456,31.282911677700643,738.9873577454562,76.37986675386988,3.771381345828235,0
35.10626951336692,32.402299233944795,48.77791737197161,7.497885923961036,11.243420008824833,306.8469218540608,9.449286833249538,826.0924931148747,11.568580108612766,3.426993320918429,0
51.089892848636445,35.73296645117327,73.2553394431315,6.889853392880204,10.443947971719936,199.38584188113757,58.47880229508412,415.8997848180806,74.1090501857841,4.39476350870536,1
50.45619146580675,24.84948384137383,53.98344323786584,5.820533198081174,8.342447989560823,342.6003452040527,99.36698455651654,812.4689335132834,51.7748484140759,5.065621024492062,1
45.96838325987125,13.927937563803324,60.89210001250825,5.974335362597193,10.96711763679481,394.76339793833665,55.95881410533893,715.0075770325009,46.32024464890301,5.441624933922375,1
36.32926651552544,30.886643083638173,40.34171298463458,6.884890962483094,9.28119775910912,489.5622693748015,54.5259906879362,1018.9161459647185,9.528703862015325,6.683543061866554,0
50.33030099065169,16.18221339811526,54.284683582654054,7.059522110558244,7.163329200740919,252.0435787209654,4.031370735454831,1063.9652973969787,67.56676920951253,1.0154102005775938,1
46.67427175462728,23.236890072751503,46.842789358284044,5.978071886299612,11.516778322621864,125.78901786654043,13.922022336369045,947.9739491089643,6.367040415765643,1.1464974477728715,1
50.63919954315918,11.950023668466654,59.54779475738964,6.013937707798542,7.036657343439382,495.1884884885407,51.3219089102261,778.7964282532992,25.992259268463997,4.22543249717785,1
50.03493984791681,34.75925207268948,23.03453396474062,6.114241389744121,7.525348648169386,349.52266377021454,98.51785641840713,572.9188760335905,9.58883812876208,6.257490493008104,1
51.06004143915674,13.778219231425018,49.59801297433755,6.696036729673273,12.541594494780847,478.58018326430766,87.6607735461859,1077.691893842048,48.76908488568313,8.163376578519841,1
45.360161328092495,37.09292521147929,37.75955750863802,5.843632356602554,11.280936769001233,141.53083440444775,34.02091213731675,673.3353120355334,59.070705283863305,2.7953811443891676,1
37.8064903638703,35.926918067846714,39.571103676674554,5.708486397769555,11.047929233709139,236.81353594818307,54.30042542281275,685.0335097559594,81.17696318323823,3.9341542010202684,0
48.423149467593774,23.93748293317738,77.65504589348369,6.857728178171027,9.345622274741793,153.57467954908972,55.27022222541367,1132.809237749636,67.04847288966371,3.588281664170528,1
47.40947570103941,32.33104612911972,30.961688762682968,7.05819587958634,9.17024414591497,434.2040618328238,68.53606127621832,1180.4778044783304,87.499395902239,4.709034437148026,1
49.84506374398174,28.583352214544597,38.67471515471581,6.501858808833011,11.52210087348321,452.13709657172643,68.77820412391385,1118.5047651076034,69.48548495960007,5.648173763522646,1
38.397620121014704,34.09226927013235,50.593554543852306,6.227665420536771,11.920044308872367,300.5246799500082,78.97924883859737,1198.587778848865,27.826579296320656,7.256054994905418,0
38.899503998005784,22.954153023577362,71.78161688897742,6.364085427052952,10.081705618914484,174.64248706481217,2.4971024839682388,1095.1270751211819,50.2826329506849,2.3501550573558743,0
52.808190344386574,33.574254527330496,45.00020499238222,6.276815667743904,13.75415395478821,150.8475876158834,94.36801906374458,963.4860140960654,42.214567538801425,5.318014780768714,1
49.99955596904142,23.87370451195444,64.63191685329026,7.4199698164753505,13.645596471350975,335.2656440320827,7.0062045989246595,635.0555196571783,51.937185127361,3.674830769810927,1
53.16456977400646,38.228973635283815,71.38244589288814,7.036179810438281,9.29943592010207,302.5505298341202,47.616011147693996,1162.365639119901,52.48804054711531,3.2496277161565557,1
50.174306423278416,24.59116302475443,38.600981349310935,5.91617442970022,12.564978034265229,377.915640947067,91.95792763590427,1101.3014652910028,64.18909769221236,6.718400612207735,1
46.94310611980604,23.878578158011884,43.5650110123226,6.26837830410796,10.346142732787323,222.08290504799646,48.76688292310798,592.5974339325226,8.473943318100789,3.362009579198216,1
48.08265474055747,33.55215584690538,41.393373421301376,6.58802458272622,10.094047100457395,260.9471980097449,6.3636834233116835,791.3299785934615,68.20706159935762,1.2880942000617785,1
52.7825584788002,34.64733075282514,69.97134851707526,6.725971724127377,6.439712491029215,108.54442954046294,22.92400198119392,456.0445285004401,13.93692519099315,0.5932856067652681,1
46.57613509023881,26.63467342963512,22.66081171721607,6.436367792057534,10.591797683746481,344.0572180302116,57.86667553684227,1162.6470906137738,3.3586574428013996,4.06626577981493,1
47.64782648656775,15.393934404852262,38.5052653297208,7.120253270023918,13.204623444505316,269.2574085385911,8.786161789896907,858.2146621771647,47.7014987765316,1.8727788186991159,1
38.12953432007201,24.032746928727384,60.76451345570779,7.035212038916463,12.241070793560738,467.90585352537914,42.367793101729646,596.1604367425323,53.33292645959771,6.072984765567895,0
44.478424402322055,39.04217508729035,53.92660997392056,6.510315837256334,12.290537157594096,356.71451908192194,32.90932661914049,633.9194508991006,4.136596310532603,5.753634008006324,0
49.32794223916198,32.58958579117555,46.17736155762166,7.208858773563461,7.279432308610714,259.4777965798775,81.52076278242394,1184.5250981038876,47.383400330202065,3.809754164628243,1
40.418853966327305,34.334878116373964,52.396893633283064,7.002179060884772,8.86759557706851,205.43567234934017,11.013193833544921,892.4914334433581,49.11131875289245,1.2251284056931806,0
39.0450836104907,10.984764964577204,31.855075149699097,7.057163697441286,7.865639333201886,462.1139770430555,68.27984501587862,736.546499285123,5.724541113848302,5.780953316390045,0
41.27653616448831,24.035783879024798,45.84299729648062,7.412801558866834,8.527322259645087,106.50602964697731,40.65890708759091,799.8763694284305,65.04267566032084,2.2005238701174585,0
39.83001255985667,29.39863400972666,50.10217905058094,6.032933882418405,10.636314747949804,230.76498690095687,58.77506804723286,478.84005790187473,19.92607316059486,5.093159724180852,0
39.29825274072792,34.90098050884224,74.07134731727609,6.035296324733698,8.918270506961983,477.402233515214,20.553177192054473,460.0182080583008,72.50132924427663,4.554018236953787,0
43.49701685736174,11.478209607483144,35.65010976823858,7.27790451138128,10.485582539714128,361.61320279262964,60.97036847616255,874.1661946403079,28.973991681990277,4.861653975305847,0
53.15677027767068,35.57316656925619,72.06971012989595,7.044452746771359,9.508009986196615,313.0876285133196,67.39777274161128,809.6032291522531,44.01032783177951,3.8527482369451866,1
45.14119293477437,26.45202810225735,58.65448404955892,7.353091082871255,8.292924467597821,181.41388716817096,7.023156466107783,687.3225530427529,81.26657914769802,0.5921327675876839,1
38.758407616306464,15.919419117281798,21.220449864056057,5.626260320648906,6.763227473641269,433.3499097017548,82.4344267582937,852.8911620090917,73.55615201672929,6.3703459715735775,1
36.53943338761748,19.517656493491,63.477880213963616,6.755514154523193,13.134707658758261,181.67962503711044,86.12541128882414,458.1407595497378,71.36772207269097,6.897088469617245,0
48.92312290275851,18.457886552546825,22.133112652943304,5.789256676246895,6.090986928037189,199.3014126085,6.355405568279471,1155.192937145237,15.439077785387939,0.1,1
42.65597528872776,25.925771028654275,79.84286760882878,6.507794396585165,6.013219905135769,176.7404571487421,60.318748809728575,634.9693502273775,5.3328148029647915,3.2701331969876626,0
51.43661893170719,11.550570397333955,72.35820126147186,5.811493863706889,12.614381918108368,163.25978422780878,59.4011496972227,457.4230325375991,55.51830556125437,3.47187487356609,1
48.1902153728154,14.756084754997705,37.84062485240274,5.756157017969759,13.97448752260632,481.32499839152115,1.245841186844332,535.6034180592833,37.96224782399631,4.011247673404912,1
50.92482901082737,34.380791301273476,35.444673811802325,5.524336690764066,11.81682262170925,340.81263845652336,34.23464139559513,476.3791315860135,82.81695487874266,4.285683578274136,1
40.438920788368975,13.978119722404331,42.88646492633653,6.760477624765809,6.122190704503078,355.13485280403756,96.89257827137476,542.883603487745,32.46339372067918,6.477675159302703,0
48.84717844922116,17.001888083743808,41.37001791886658,6.218045233380172,7.813521813348107,481.7301862715134,55.545075226874296,733.4032438612895,37.949351589813006,4.569928832235584,1
40.281239693874376,23.60111816812472,42.340269103122864,5.710376569757943,13.77458160209569,192.23002205022505,93.3211802741505,990.4407151484166,48.340048874402754,6.585460388350464,0
53.781369589005834,25.513626643399913,39.09659276716883,6.14567555546262,12.468834017390678,102.36701543907682,67.5644635877384,617.8786779640318,72.67605990689007,4.119034877006666,1
47.72748563066749,32.908314388424756,57.268004410899884,5.8378881829031695,10.534398750437688,339.5534598281165,2.839051822327643,748.7412975533151,25.146914869072223,2.21374552139353,1
41.490236003506844,23.419972799985633,29.85581982323744,7.383389663003319,7.894885675522872,303.13794128966344,7.771319804839205,1143.005830310589,85.76385914461368,0.8055751775185533,1
40.390237245845455,33.69593863106616,70.7588775467608,6.1400097715226964,6.114961647413992,291.06015095931764,72.21789553674229,636.6573914607803,49.59290014493844,4.938910659161331,0
38.81853170143287,28.550389211363722,68.74414904187893,6.1679070465787795,6.166891781099272,124.75208449847966,55.456779036901935,1035.7758026117679,76.68795350569683,3.0554767275771715,0
48.89281917787456,13.392992182714673,48.588992471316224,7.179716006799171,10.895846908241813,281.7739466299138,12.71516645998757,526.2534979858931,48.30566351104169,2.135950747550187,1
39.37431225995854,14.689943151785158,71.16379791671287,6.795511522572008,6.174655010819385,215.02382603627956,61.406267835361625,542.6573970057981,70.4793876166012,4.737008881403547,0
46.90606531854978,23.111011763493124,34.8287042018176,6.920343214806003,13.949041135402982,209.82587088972525,81.02873605681961,764.9222987810125,5.627867723586521,6.348501302405905,1
40.29270053850715,21.906681792671186,21.053927342238016,6.772003607977921,7.467070667949905,188.95263207163714,75.2982430132612,587.281800373109,72.92912335147122,3.8715804848662216,1
48.23937889587737,32.306328089118836,57.15247550178938,7.392392567897131,11.68565889495422,233.0113439018283,24.616246003206697,1122.422459035408,48.156348682894816,2.452768450147769,1
51.298794570810784,27.422114193920557,47.474564417882924,5.914001663116091,7.240477771299307,241.25323005736496,25.81949666560439,440.6018328987822,41.44740293679243,1.117749539347938,1
50.56050486289306,21.643992430067478,54.02987277775224,7.478078483511592,10.320747368781717,223.51031054479898,96.78378051021137,877.8180529150717,11.04486999506811,4.954886701859244,1
50.217026618615634,15.12280850351157,73.96036454110418,7.161912355113026,6.6448903077297405,491.50108628780356,88.74048021527162,883.3835169196159,67.74062850176617,6.979052916611194,1
38.754448113845044,16.805113069764854,78.19553441395661,6.677945177752685,12.134227396265945,473.0924342037949,31.8337314430872,452.82074201555815,12.804728725372497,6.5144516533841434,0
36.767698939690376,27.26503055407177,58.06718838533618,6.8247432487924975,10.679368757798638,329.80403980994487,82.40544896690083,986.051371896713,18.308603152359375,7.530168298064166,0
48.978976569747715,22.703164146993775,65.8433353911463,6.797651753001228,6.68933354721132,492.42193536412395,16.173852973254544,775.1180356097568,12.378093013868346,3.8816381552646577,1
42.36694427588703,25.447825265820164,25.028506009229858,5.616792448118308,12.788689513600044,496.47920412767604,19.68411013265644,978.4586987958468,1.5918046942290556,4.891321145652737,1
43.64692452806695,15.12032305906701,29.642935093490337,5.936032997063878,10.376148918213616,242.375884006921,18.11960538453453,1061.539988748056,60.57224020604652,2.0193663473540706,1
35.62298185586782,29.887187570336973,63.9922882971786,7.4229417690494985,13.372738480106545,278.0750182958978,8.772077501351516,658.3194815925551,25.375964029444585,3.672408532721338,0
40.19152898550098,35.57616222567901,45.881927383280114,6.568728857718758,13.332986989424901,483.6247107938662,85.46781161613553,787.5887063483901,14.452341327172114,8.96736855548356,0
35.67352807748928,17.738185203607017,46.75791622426434,6.256707206523824,13.36406231589266,343.45047971947463,57.88068982045753,608.6086238144092,29.79752342628994,6.3289908445949035,0
52.583715452024954,24.745426774954797,38.5164608981262,7.02407692677815,6.622281601603744,185.171633134909,25.895609249393857,561.210770817868,45.91762223920095,0.2793572907793183,1
39.86793366437061,39.265819870627055,56.44138300866463,6.549037885311619,6.9676620940361875,375.75226733460016,84.86550327275941,400.4758064341259,46.30712687958575,5.389926567365215,0
46.14674339146016,19.99725221652183,31.109902724972155,5.526325542863795,13.901646477729583,182.29847281843502,80.26467593928203,1170.9052096638698,34.04764074987635,5.647005292376127,1
35.77958641322261,27.851390347712837,57.614976758833734,6.972475193430236,9.900806571189648,235.7430974687383,10.09515181277556,752.7427754637185,45.54390439372861,3.0648894185430064,0
48.33694782611316,12.705871006007332,30.42793142811438,6.964435120105723,7.905712422633181,191.02406523814062,64.41393737349719,410.4558184470992,39.46073120154947,2.712340366024649,1
41.46054691508188,28.180450074383295,23.829562082582814,5.830297424219949,12.157315907989265,197.9920863735369,72.18336015257705,407.15086205443856,75.03987222860371,4.569476286160456,1
52.95838373915332,12.688953199138538,39.82146132194366,7.413320176848426,8.114281769699856,101.8622326267129,71.58273369859639,630.6820548409561,3.6652570742063753,1.8641198797776686,1
52.762363778680715,38.77706305971466,33.86842052059086,5.947816263082228,11.817725504149138,452.28353287978075,72.31427078539376,411.1501429680947,79.12271199907423,5.01732460426734,1
41.50581236723495,31.469879562169343,73.33949831337995,6.415498734764398,12.698286222798089,218.39619811031753,16.945778564903733,699.6116941268386,22.952373011076283,4.089802778525681,0
53.019217913809356,33.64479364407119,23.297207232117596,5.72947192252183,12.274107018362244,134.5497518091178,31.508645426876935,450.3508011511583,65.96039935326255,1.03090843621758,1
54.923153469975574,31.123130823149104,30.59682155444737,6.706564638901177,8.192382465583483,134.7949622724354,84.41785085044624,431.4012729202478,37.45356547064553,3.5309213325001534,1
51.508313282478966,27.69187108229397,52.92317633498297,6.250902240114425,9.212948592633897,322.40731058438087,89.83917502275496,935.50511525964,27.489966805430747,5.814180274674212,1
51.89742695510458,23.49738343256516,48.864031450848415,6.206346924419411,9.30600802586621,497.16822021357484,27.918888656487027,1125.4730315543077,56.381263569989606,3.9215208831738146,1
39.9801747221818,35.751201392831874,22.75112110248209,7.153953754441894,9.930183344835775,158.00898690807665,2.301951617775244,727.5092666418234,70.1995976976794,0.688726621268657,1
46.534047977155126,38.70507002629189,20.43514568090867,5.519123425700957,7.338982812321088,139.8487123798638,85.97669471661081,1069.416344220746,41.494280779324335,2.3964238141686574,1
36.34511827934736,24.97108518712244,79.28407651766899,7.095893541784845,9.61976040331474,275.3215521608363,37.70918378250826,423.4123689085977,42.98984587589329,4.401685725409387,0
36.898358736433394,37.946051474657864,59.53008202153029,6.642897131496158,10.086263924123838,325.3325015363182,32.94635559599364,1022.152044776146,6.297083629091151,4.771648637171899,0
54.97785224066581,27.499987299655526,41.92436785409341,7.472197026960398,10.25367197264842,217.75214355117618,34.699967968862566,450.23999385831274,84.15963825650594,1.2564386248221973,1
41.532784988518216,26.151525606892996,48.22593485979448,6.678886441208498,12.559203439875667,221.00883700554658,41.56964239676415,1070.7515385578813,77.2207026801633,4.047854589606904,0
49.963678240976925,23.634481988660703,35.993007227257216,5.610758268295916,10.138675987835962,269.79060073957976,37.82666216549211,1105.8930758976512,36.819350878819215,2.2289340049884823,1
51.133301060536326,16.278632845903594,40.692427021592586,5.601290652887453,7.8462713801094015,225.6582460602424,56.643089913356036,1028.7790739058514,69.84555518445026,2.264530596700941,1
52.16046542014458,10.111589824541776,58.94266803609284,7.266305972743664,11.305029905953496,466.1326334274067,7.894027849819018,1056.5992195290312,29.19512581376133,4.254296397567771,1
54.95256594804313,17.24518680568184,72.96870793204224,7.182428291022106,12.378513152693001,116.78182851625158,97.15401943085152,849.1876530658551,66.73796137114974,4.965717286301031,1
39.82992970513736,25.291695148106953,31.047801384871093,6.191780151164046,8.554973331506094,193.82806394810984,93.64510344721613,611.9079540661215,47.50225449076543,4.944510076786534,0
35.807016537193995,21.398798567792575,70.42169032311912,6.736064968362275,11.16244743214084,423.4211184909685,93.44066466154992,914.5848021287734,42.46900499977763,9.041471583247532,0
43.22383035989172,23.454556840079015,27.293397771096146,6.4791827141112,7.175503967568101,433.58324986598274,87.92776240819134,751.6333192610891,6.087069753230324,6.981579035345766,1
37.60161339657894,39.41944658692149,32.89953341530347,7.434328110272104,8.735410436624512,144.62203158568045,66.03263021817297,404.2692487352368,87.88797296279766,4.29644202816365,0
35.4485177832411,20.50817112007983,22.23051728297876,7.399921801753783,13.273791436397072,489.5053800050867,22.110856274843236,781.460565147868,76.36680728905783,6.428069989004565,1
42.20853654282972,23.565488180803236,28.44871172557997,7.467678017081549,13.290465305300566,377.3419399596436,4.94834871463723,920.9503396404364,72.4049261187802,3.1480618703003196,1
50.674765021504726,14.005466540584587,75.03818872784304,7.232897561268528,10.60259662994451,209.03722239343824,9.93210647817666,411.1069277530566,28.44245778883518,1.7373167186105531,1
46.32361382450142,11.438731973109629,47.566324797102716,7.319103181550203,11.618811686920854,282.4151459257818,32.39925004656056,897.0882688865261,27.063116598136027,2.749328461178914,1
41.25555978420708,33.262285437774835,24.659951706701214,5.934557557534273,12.832123321647531,218.85544782718688,50.38830254957855,922.0255249734851,52.58737869351843,4.028097154526518,1
48.08684010985439,27.12049525215936,77.58361028233767,7.162013577979549,13.668425482501014,160.00889994176774,99.3253071184794,526.4860625911174,77.16008766035337,6.201303217214743,1
39.640363606176216,32.82114418131685,72.739538465519,6.917714226408549,9.919091522318155,216.47122589956606,43.54434917945992,744.8593481252076,85.11655655517872,4.403241396913603,0
35.2876289214417,14.495883966596548,65.28095125208847,7.4255730176561405,10.492605893008275,332.0367749958474,52.46460904913768,1171.466080711306,25.2036123407025,5.760582425830131,0
50.287067728728545,27.154863135480728,76.00836751685347,6.642523656885238,9.325132533182643,430.3878779341875,69.51572471880806,1107.3513822398259,55.667332028747566,6.249722598363105,1
47.47486169728018,17.609274230241265,33.20776525014585,5.6703343334211125,6.57585549645143,245.41162995583088,18.073397044779625,728.6571382866022,66.15125199041188,0.1,1
50.246052490019196,16.841854507000598,70.18215758060518,6.694797782374306,9.382427779590547,239.1606162191367,93.28270015622557,679.8770144193245,21.375293066490155,6.099130945209393,1
35.77876033375331,10.345780421589557,61.39947178125837,6.873161856042575,12.325018715064617,287.20028043252904,52.90346058427342,499.2645447814848,37.672176720018186,4.900299063530834,0
51.74239255661304,13.910221707072157,72.1855549740613,5.940642057424856,12.439083983932228,357.8222399857385,27.62563456017686,428.1512676321278,17.87268463422766,3.839363624522878,1
47.39052400072607,19.278043344990863,67.81469394455779,6.288226767025456,13.139016916746398,400.6465049729237,93.51089863388404,637.970221953663,63.90145699915008,8.28045461422681,1
46.2679070142528,13.50636281772817,40.7897037906095,6.69700682810336,6.411733641407753,230.71980191978955,62.545061855895014,1152.2266776657907,78.7406622890678,1.976230309181487,1
47.492280962290636,39.575753212328124,66.46391222103534,6.2482114746330115,10.217236716645072,334.54098713005556,48.36897312492104,1166.890761066934,79.97809190964895,4.80616765297192,1
52.28866493736729,19.25897945571852,35.74737817909342,6.249895434477327,6.85939590349661,255.744336512353,58.015590996077414,1050.015472461021,61.30799834434363,2.2789497379833072,1
46.738730131178144,13.909718401069846,39.71552978168329,5.766173278345595,7.605937465325947,386.5599401453544,74.83022189052267,680.6598508158876,32.2437124156927,5.149854524881397,1
46.619007597763584,15.972469384838732,26.474343033378567,7.381493446155332,13.20173201904485,165.86996820680832,15.453800369295333,514.9011463056889,60.4936339168829,2.4869230454135463,1
54.81358314131532,27.631096850244294,76.10459695882813,7.000988768990193,9.974330067437567,202.76994602051843,86.48304307032252,876.4267804845434,78.78400544537367,4.891161919586616,1
50.13460334137136,11.921305715943655,37.46020180401689,5.5024868777322045,12.06835936717291,270.4241679370999,95.9506810298213,917.2040057649451,57.32702505422049,6.304752998193873,1
43.845876109022704,35.87302390423471,51.23734791028711,7.03122656804433,6.515072847429447,455.76591596854706,56.69996517500745,739.6588553964832,38.160274626627896,5.500670048967905,0
49.14794000065855,38.84499037711442,43.47997018797156,6.979589985315718,9.334612031398816,329.3303157402761,68.22708467975981,953.3174364469122,83.78224756470989,4.807404328504652,1
42.78460943383577,17.402422620021426,77.59568723501009,5.519461920311046,11.393922245314702,486.15844759256464,85.98334808462408,997.3455085213883,76.16949339424838,7.956857628882674,0
39.57750924966998,23.50285805772578,40.102950256308944,6.239208595227529,7.0672518502257065,141.31107411243352,37.481063141650054,1026.449330859824,80.41917162230307,1.0185460172017882,0
46.93703753775519,10.664033530884913,66.71274928536134,6.713495380651061,8.606543032845465,284.0701654603739,99.28317948823984,801.8384890860058,82.2872818936265,6.539675799306839,1
53.56364196227903,29.221306741816644,71.32496927787079,6.405501303716072,6.516382440191066,267.6314120181537,68.05013693068976,1033.3126220477866,36.44310768942818,3.3212298046732855,1
53.58279040030925,22.417781741577667,46.13638984885796,7.055972237441015,11.210719526956083,340.08247056238736,42.39986983579821,420.38114101556545,78.36751067566016,4.132132286395223,1
41.8381055621098,18.10175398304667,42.69030886717587,6.350916665268868,13.767130072464948,424.7858434830313,67.73379750016272,944.3234933910957,52.3314704122028,7.273008017889451,0
45.5535493244339,16.205113318498256,64.86474925595768,5.807725938907674,12.616363929142636,436.5792102332241,52.16800325134364,588.5071656403838,4.434307619863607,6.2745925147547315,1
39.23271797139722,29.620692329762814,74.77375881837405,7.452831248547657,13.796984934460525,368.0778434822033,11.164157153836518,616.4162333501226,58.225272086810584,4.15820849250329,0
54.91262218997767,22.486510930969434,65.2959039843343,5.984079985552093,12.764838360787172,356.61454569822143,79.58653047693186,473.04136528538584,43.35570318650457,6.046473915312563,1
54.62235815735872,15.38977867089736,33.62758193551194,6.935384621082664,12.84156644957583,479.611816817923,56.437558025293214,553.9138108745434,25.76391932685677,5.03244838306335,1
47.990178594148944,30.67327244460472,73.29846484626232,5.7863126233281434,10.61741756297074,253.47496065536984,79.58455578738887,1193.6065864016023,88.33448260423356,5.076596969465166,1
51.08828119354946,26.95216849110081,43.25490004620998,6.158025227567865,10.146018491305679,433.1133256753953,15.491194036746581,732.3121044507802,5.956377246367668,2.8421472260768956,1
49.302003225674,35.760161647884885,54.57376470667606,6.3840552168608475,9.25003413142262,468.60149083691766,53.83571568007757,1142.2123189509484,86.12896516363598,5.015451546372552,1
46.863164380789364,13.524276966294787,69.88613715756267,5.884464009054128,12.54475916036704,296.6156977060788,76.66242722129128,530.3196225542384,15.334035457117432,7.687732101486894,1
36.06695993977795,33.56999805833368,31.303686044029533,6.399919152737219,7.456540898224197,391.64103144132014,98.83045675907984,563.2470736788157,34.9289361370479,7.698897737793393,0
44.09528685105322,30.20550360451777,67.07060814065318,5.8143256459835,6.449799326593546,250.80794266836244,88.43972763852587,846.250683052057,38.55116578774144,5.494755978340335,0
48.49572604334821,13.450328104842935,55.76976787464065,6.6180130779717805,13.583150581477401,163.55160567816162,86.43496270606393,679.626032703266,66.79184667947325,5.856475870724341,1
48.55063227767369,30.844621896151622,73.60049850965649,6.827426505040388,6.0302254816278165,334.6015525889701,24.7460138146398,915.1321668598368,20.40482878630341,2.229290335178887,1
42.46245236844767,23.246418666394913,30.318224110612576,5.624868568056021,13.814634575006814,178.58866033981275,83.79846017090475,737.6372605763443,89.74916589047854,5.470779720333028,0
53.833839733160616,38.349543566675294,45.24093422245571,7.242264242164336,11.830826958990126,283.0396523215476,16.928127754296305,1049.2777899723696,68.41106674876207,3.1224647342677923,1
38.34714064473562,14.24834051853698,69.97058557201024,5.8702817700840715,8.627991357582621,449.1517253313333,19.810766454843353,745.247256936867,72.09573745123492,4.367556155375898,0
45.00718892431121,29.28500172447214,21.15390220740561,5.950724850640648,11.582558744690482,134.4072750254722,11.011674374347201,857.8793459506112,10.578589544340502,0.44645561974817055,1
48.81767953101645,21.45940136388838,26.732082005938572,6.822699680166126,12.54300125748102,112.17141426585985,85.75965307137872,656.858560018983,43.868080855850515,4.06277608154986,1
48.942716117836184,38.704440117726335,79.43391276540407,6.437502120868828,7.962896447891487,342.59113895275505,10.825449645131869,963.2327899509232,86.10484154304599,2.5017032456785304,1
47.972779135376314,19.899246858708295,36.82365071542103,6.498791198342131,12.167165466236655,232.42453063795801,13.811147974501004,923.7873671725713,25.305946439662584,2.8492050050121693,1
40.5057642690372,38.865577284754,78.5325916234372,5.756309969126265,12.434957000065921,267.1750827703661,24.58871500823858,717.6008262192462,14.084528945577373,4.789033655338866,0
38.12413137373244,37.044575533022474,30.951893060520433,7.111471643752816,7.994837041002763,262.2842354633326,57.266240912064106,620.8256822324772,44.68550137877694,3.4827632497884324,0
47.71880653653422,18.11149705931969,41.66566658044014,6.73410849220842,6.335410835023868,134.64809160382543,88.01801853004031,891.2834998562391,84.73537626860875,2.9326156677173736,1
46.986042322788755,34.10625330479283,65.17216667021424,5.770764086618912,7.632978276464781,101.42657307183782,41.82281552555681,1154.5213193688062,44.81115619875645,2.055802242700943,1
38.58712020578482,39.868126054105176,59.46670443429071,6.247998734051192,7.605171271115156,459.36929714570573,54.62859491917852,506.11441922128125,37.43508726276931,6.943247626392569,0
49.10278291141127,17.57989006513847,54.86734399574333,7.12081986547006,6.5219236334038655,187.11942436149855,16.6489399957253,1039.2932946764483,59.52451930423989,0.1,1
44.103439834673125,23.10331507969959,51.79395054830046,6.636710091973241,11.808059077241566,270.4315967457153,26.594585589779165,834.3934182464725,85.31955989654962,4.1960914623217,0
48.35521183206306,25.60542209700279,70.60642661988442,5.7172975582658605,9.039799395667266,488.77031866843146,13.392576248577493,820.4477561390872,5.415170428365947,2.743943255986144,1
51.747341595403014,18.84793407411593,34.09691377000357,6.245554091578573,13.075089339630868,430.70503279346093,40.991884486708976,1169.3473180607834,14.80559909290221,4.3759801997350465,1
38.394568571538464,10.457945189380894,46.548255619611105,5.985388796911469,8.017368845321489,143.17234210508087,59.033565867819235,884.6998380548455,12.947887903983437,2.831671216226375,0
35.382897359936734,16.6038773259258,29.327137529387436,6.534931107307453,9.625857320799419,303.4076126450343,28.401953003345415,1064.4142621988144,8.679968406924907,3.972010106081654,1
50.58205172791574,18.458106530252753,55.756495743842265,7.186722257743979,11.112139431414104,392.0316105980064,84.59958555747926,811.5817991005572,28.189547258355624,6.323949594276216,1
47.19394850305232,23.307991039545612,35.03266545627921,6.37253426960884,13.019719597374223,379.357113999685,98.12383510066344,599.8826938040714,21.637812980827903,7.883536462206691,1
48.992791392442435,15.133074352402057,40.030523860603154,6.366684060736646,10.196968812955,404.3367409617881,12.0154852314581,955.5922171664877,50.382213958840175,3.338790195915001,1
51.76309949977285,36.19763070075018,48.27504299741169,7.310701804654074,8.988197022499062,282.9818619552141,1.7860056015324144,1138.5415235552032,30.4560479553133,0.10687119820606295,1
51.056218696490006,31.147333981940083,21.60623514218767,6.652370825014545,12.93612062777607,170.36917173211282,78.97769073947838,1072.9840764880605,37.468707531208864,4.489988073157556,1
54.21840293857649,12.55601432678986,25.51627615525026,6.632382174794814,8.481971397500885,285.94897756774907,19.064267780334486,558.6908849920677,85.76782214498313,0.13872466112164494,1
45.71870157704237,29.502773534197942,61.15575324249318,6.0238197837507785,6.635389597060612,359.1548996693168,35.314659266085904,653.5112952497202,15.009007714246561,3.624636696668959,1
44.769912653198105,29.609694292168612,45.738198843050434,6.715445495674253,9.56033686008192,343.4368346420672,39.42312182758103,813.5045391789422,35.96115941153219,4.465008647075838,0
43.0377439978146,38.68663520930883,71.88741331999373,6.6518209348347925,12.280746451983935,128.20882151544296,91.65993889009445,857.2826361888522,24.137365646690363,6.5318989251408635,0
38.07382085688409,10.090626140684837,61.680320218651964,6.293702940683728,6.246246654028185,125.9809736328767,65.8838215766162,555.0512915668226,50.4249384121977,3.558956704218129,0
46.452144657640446,17.437973494174216,20.486056498839346,7.481391131798361,10.687057959916736,486.1031324620848,4.060949030289073,584.0098720121316,67.27026038919799,2.317227030218122,1
40.540250486519575,37.833744381259464,57.00273984602809,7.263781929896173,10.755712388217889,160.72218201590843,1.4810240714154599,1007.0648552283491,74.52890860760785,0.5929065621338538,0
53.42615024425951,37.96401746194849,25.623491963582985,6.9991725801536315,13.428334107419053,217.78498560468876,19.956809753028015,984.253933371954,47.37670250656291,1.841660100114106,1
46.66381608554195,31.617592581119123,66.85599078742965,6.574691176826001,8.291718537160175,407.0537928624662,31.81719408727114,1071.3670517031128,77.94249323742483,4.346298632523279,1
46.8568036101622,32.9728996314262,79.49046129671012,6.4241196037892605,8.230692905685569,263.87083032927,48.45238340865989,1146.3438458241849,71.65679570895857,4.87866815711206,1
42.0984932175402,12.744488737889412,51.87192765449069,5.869794790446399,9.523869210717425,172.5859413040131,83.78394123088555,646.6088951221534,15.130365529036462,4.742757223876912,0
36.03978703955415,25.416275043347007,60.966770011647824,6.111474948029247,8.855319211772121,286.8929529239126,31.48177560347595,1087.6759652564635,23.088588311799565,4.08201314649413,0
35.63487530745977,16.947489738669983,34.238849653685094,7.04792159964642,11.890766901514613,327.5799883053463,37.65372192716553,932.8094330209491,61.45484755000788,5.475086843960586,0
43.46670288306395,15.436541308408518,46.255864625227616,6.407497907875102,11.134016617052396,281.1066437112303,32.933793000965764,1166.2163391134395,88.73146177665471,4.340210182419967,0
36.691307561944754,34.309098973699975,71.36571993418302,7.264539033139003,12.07136830325013,467.57843018884364,0.8965336032905613,617.6593248187328,34.85167305400002,4.471543260180561,0
47.136939110802786,14.051144100416423,30.045376864775072,5.7958222726910575,12.560334329589512,213.87971803980173,95.52015391181197,615.7372013116204,21.682705658026663,5.650690804717261,1
52.61946011279315,24.059549109891556,35.93213633682573,6.516694192027273,13.383849061873182,364.53286427986836,13.899588413647379,963.4347589541813,79.22164908660211,2.8121713465470175,1
52.65829633037444,38.157347187580996,46.726020517161814,6.793931368042617,9.44749385427718,144.91788856395908,28.7667478203247,1142.728619230621,18.96507635885943,0.5027314648279004,1
48.180908202644645,15.574961666960277,62.734933510640836,6.533696912615852,13.877579115772395,256.9141830656106,12.93033020964418,1059.6446598291477,63.76674466448755,4.020697809890861,1
39.22463662945862,39.33980271214703,42.55303728774043,7.278453783169974,7.725286507229222,396.39730063398946,49.05431561567226,981.6316462346849,4.08241633202781,4.512207233739713,0
52.25993662717744,39.828639572831776,75.66393678698023,7.47912656365828,11.714921295578629,189.92677623578618,93.21661149424992,709.8473584459107,2.7082463588113295,5.455320233099138,1
52.72186870626416,26.668514640472086,25.66742307612315,5.73166931668274,10.272074538457513,335.90841826176506,10.070071762548627,974.2138677615792,41.641004254974824,1.253243626242575,1
38.93307169905918,15.104282205314737,42.24825185269085,5.759909808153842,12.535204757479068,161.37481168362413,44.08969235884961,1040.8764611446516,60.08861147949129,3.8645382924677545,0
49.748521715413546,19.48314663822687,62.537247405705315,5.760648227120242,9.814164164851409,141.08067654454842,2.2374845771578444,1002.6285438324835,13.819100856289158,0.1,1
40.73039097854246,22.734784980296055,33.55920593968955,6.862354192141055,12.271509082899449,309.29309957001703,77.08982213861482,941.4486386288984,69.74942077013841,6.046477884996323,0
51.0528062470586,19.279726730746688,59.384788053780376,6.245352190991676,13.441349717181424,370.0043984344115,64.1226143554425,437.70500135256236,12.58628341707744,6.936302281315896,1
54.94475799807205,18.419067396295475,29.853017493640756,6.966629322531812,11.858354129120698,145.34682649379337,69.96986637071501,927.771946491847,49.033702708450726,2.802907926574741,1
35.60052010658786,39.16689127649073,23.358817091701184,6.310942945773958,12.208754289746594,467.110500949166,47.233636089573274,782.6357243863283,28.74692730493724,6.108531869804439,1
52.94731731581864,14.60094482247237,27.260943004918932,6.755213442664127,6.537403450126849,190.30890507898675,90.76330295564058,1169.2554172397486,68.70279491048848,3.104460005176414,1
47.45261067197316,31.999837261505867,75.79908698804809,7.039716011357787,7.639661297858245,147.99012326372002,40.95574508726095,885.7519067016568,73.37050782074957,3.1032269054331842,1
54.467652383296425,10.012308683175245,53.10505297637308,6.596431821309841,13.79442992402875,181.07956334008423,51.4085074787077,886.5818049882394,6.948211560622399,3.3137241162350444,1
44.30019035052855,27.885480082071304,67.78074652877893,6.579007180900012,11.545496030299155,167.82898261273678,69.52892222706294,1195.2441498957999,18.334411237671844,5.523626695781816,0
51.947758611427474,37.47829011862157,39.959270054303076,5.676468650571269,10.491592138488038,136.2698602451796,52.056064109546,474.8702318247243,81.3379698612456,1.909917791755653,1
36.24788137196555,18.63802282279657,55.5595188731268,6.32156348581887,8.9358109871716,419.135693911483,18.933564791632797,621.0530280802823,38.405155294078014,4.500094694263886,0
41.70558100156592,15.565779257731576,49.697128022299495,6.591554306449876,6.355112009655343,298.2151098976444,31.7070618044912,924.8635511752206,43.90622788357409,3.116305321847568,0
36.3403307550242,29.550393846352808,76.74427756413763,6.42396165133282,8.95308726371308,255.40777615147312,9.229446813880527,652.1890048274997,16.12214574963098,2.1936496263699823,0
54.50686266958141,31.378042218951794,64.85447816324663,7.301564000376851,9.991302986316608,480.2511707936533,43.26134972172978,676.9201183432975,90.54053168508935,3.9999184900531057,1
51.339478145436736,30.64091556855944,63.83255788979474,7.3130612642389785,7.691676075095094,248.40335482591632,60.939209308632805,1114.115951837687,84.07429145553934,3.5318692351637564,1
52.05094842491941,19.579506400641222,22.781196166056773,7.143834761177524,7.38509433019066,166.78909041887576,11.852994426914066,863.4831240318372,1.1822203884019313,0.1,1
53.75930462867788,17.566072064779927,52.980180140221464,6.25059615074624,10.067332410860136,209.6171567706385,63.0587121470129,482.2924662433237,50.56612143920965,3.5149811203107686,1
36.702069722395706,38.67756399886133,48.019487234108894,6.934598303375068,10.687233885020351,195.58661343543858,89.28721397521093,648.6900685860975,79.50406452428392,6.663799201027988,0
42.711951850266665,37.698985248097884,75.67053599637167,6.29057692213922,7.919343350836199,299.49651182532193,33.77237329855196,460.84670119953444,39.74802456105642,3.153097015300103,0
36.42069778088004,23.719498296784607,35.440519291371935,5.9651871979515185,10.699115795649703,216.6020495818296,22.203309621881985,844.9039467577162,40.31328327190164,3.379587092072501,0
39.21586203100057,35.38581598463121,36.19000719746566,6.185805287101763,13.202719710994359,306.42446887454474,89.3006063841903,538.6145571007917,35.141244105366034,7.9322504302245935,0
39.58731554075345,23.56970432902888,44.680774932890024,5.641929266571071,9.78538606417083,367.71736997871557,69.19452358975487,1085.692120020085,3.594550163979111,5.962088140065892,0
44.382144220951574,22.731670542175312,34.602182804382565,6.163555018009294,12.85912135669745,410.91951428530314,10.539486805655384,861.8512211651998,72.12550022683325,3.9917394710053133,0
40.371243349072856,14.70288842797884,27.75103506852497,6.421484434522343,13.418171556266547,384.0631125068923,40.811195206173245,447.50051354487573,42.11066830519853,6.1996415997966645,1
37.01956213635522,22.792181694759186,71.44489079904804,7.41096178956166,6.739152231496686,182.23628658254438,67.40895997545488,640.7005308994551,48.79590745633532,3.8246251390796333,0
38.349821781882156,26.12250815799421,53.49659146423495,6.12682117243925,6.766492637254376,146.3598876971015,57.43838749754547,893.0701337889014,24.01166051259746,3.451785014177118,0
37.945511271041816,10.675129822860594,71.681763137394,7.304907078411041,9.808353463100811,316.98006364050036,61.85471193498731,668.3986545550626,71.57066428601375,6.679891359099174,0
54.46153595824597,23.323390155262192,69.86808592422176,5.957716551646994,10.704819554541622,179.56471648325805,56.71351739739261,810.5413348751646,72.43736920340032,3.484018991325846,1
50.185850138369474,33.44068655185601,36.92254128738027,5.881937795518499,9.407067715720235,133.97348870860532,79.80613653048903,1127.4898357461884,50.76287351665834,3.1838531467499327,1
54.35522930539124,30.401381691228096,52.86424665945644,6.53799091286433,8.611606163340024,310.83773719176685,32.042695679697864,680.0287764050227,82.41651332201475,3.4341879219250577,1
43.79480973015817,29.05470966591805,24.99306216440423,6.845022738594812,11.127952929009247,230.7176740431182,70.8462347899363,668.6982899758304,11.42958076539777,4.789715162724643,1
40.56736963325313,37.28666285311607,74.9151130418455,5.588664501604563,6.016652098799362,402.45960477540154,99.10794424942843,1055.805473050159,71.79639981792394,7.665263028468196,0
50.96586394418374,10.5409602947569,44.255762903909186,5.942131730094434,13.74458624690994,225.6766522193672,38.99588577811804,655.005218333416,51.27257280885981,3.1774124026004826,1
41.52507836082294,26.711427585767026,43.62057103334128,6.411367333002633,7.856632705504177,491.4868548223255,79.10483145547931,462.3666753123138,21.79118503328043,7.453614723042522,0
40.98766747410696,33.620465452291214,38.16532223707719,6.162008671966363,13.336790148664058,403.40927650428324,24.610923713617105,544.7559633899959,12.907340438670541,4.681188951857827,0
39.65011984415662,26.24006148103802,47.63982468264223,6.925242158696644,6.872117956276048,123.07728859554486,28.189671228404933,1159.040200637041,28.09063362905545,1.3925928060835564,0
37.593579564484706,19.716866577411373,35.10556319272688,6.522321192082634,7.904697456356581,303.5490961425105,93.48638741835431,1146.634234062177,78.06843262913068,6.102344033776381,0
40.12926122033532,14.087516952759335,42.491136367808274,5.820718211207801,7.878989608700003,325.04820048564414,2.5938356248688788,579.8496726225183,71.88574147085224,2.541607966763652,0
42.106394969477755,36.62689215448574,67.9968229150929,7.2889307586301815,13.96922323360517,378.12108427263905,21.742734486082927,842.8014984789486,59.06191832362361,4.947138284511442,0
48.47988416291461,24.12287177162809,70.0553302151103,6.085811350966719,6.036804365807075,299.1187188135033,48.29206978120031,509.8944803384023,9.129430700530968,2.4106523493264533,1
36.25129684438903,36.34345590957104,38.250948657710964,6.962262217928847,11.117105674427966,293.3774393658293,40.184762170418644,939.7421028092286,86.93475757689734,4.6477067664779685,0
39.21013879330686,27.57556367299505,48.140865833167275,7.05983155821082,12.957492648486824,247.1754446710451,62.916973123503126,548.2446368078486,28.489611913786643,6.040935062287463,0
51.18047280583353,30.225763498450025,72.42918657680313,7.4263154005122045,11.378189232197894,208.5845535596695,19.272205036038194,439.83233833728315,55.62999850105526,1.8998217119490701,1
37.93843847167542,34.1278346313535,23.160399909781827,6.497014933048202,8.901870545735553,478.48008479069375,7.054700436853134,1059.9174457670395,73.27916837248907,3.112348367177632,1
41.85290293045043,29.77466633800403,73.34869771974712,6.731671030928864,13.666474901623479,227.0386678537488,36.933339780475706,660.3203061789006,12.957025101288224,5.447425351871276,0
52.2931784371628,21.94164522036813,33.1510607391399,6.169752586959067,13.148166036712329,125.36852983213227,52.435524214418095,486.8179228480776,59.69770680302858,3.4673439395786105,1
38.098506222868856,25.40900151785953,60.71235465286255,6.856358586824133,9.471639361996143,166.9138957173649,56.20018370849114,1067.1231606897802,3.906639703379131,3.389050662697387,0
36.6547367123638,34.091365740276395,54.953101783076015,6.42676697173264,10.586627940889308,442.91065441651585,60.14935235424667,1009.9179820369187,10.1610380353907,6.685199608672396,0
44.69075990160022,21.209508891189525,53.176444891355125,6.375304729448844,13.740153502441926,334.6533836493536,54.866199576155495,947.0067603455745,66.08292709844277,5.99497454781042,0
41.04839022557073,21.643643703054913,71.56161348516929,7.210935058232211,13.86048289541176,411.51221975082626,24.57519709711876,1128.9989678756233,14.957394001551473,5.384465350936739,0
46.26816728967708,12.870703481740033,26.094328618679675,5.600337686997378,9.598586205743619,423.5126184558777,76.45497359690017,791.3808694965081,40.91560509748405,5.798641467693661,1
51.076097809669506,37.43753305665243,40.82168151953816,7.263924855663737,12.778800225144709,429.2945756844293,8.778026173939857,502.44519806943816,23.349929569963223,3.95349800686837,1
37.742969763054866,12.731089448363253,52.29516478068594,7.204139675657114,8.415841815631492,320.2454830978435,19.835387955218298,449.0771279160956,38.91065578029479,2.8075655339596954,0
46.6139816910857,29.446275323456675,68.67733123676238,6.512732507123578,8.974502983445317,170.84823827964195,73.93780090191142,654.7528143677268,7.949821626232381,5.250170148983188,1
45.110175207797276,22.39583436408393,32.98658500470029,6.480405708411256,7.31857506392181,159.2931008944567,27.97261341052517,469.464664109933,68.94104896368904,0.2732986022247047,1
37.88157572026399,22.16858170766327,68.17579048245658,6.223614736070981,7.673476742213842,329.593768150045,49.34734416094052,828.4075522776683,8.113705965470299,5.071233387828884,0
47.47996971057965,30.38655509718052,43.978308949636144,7.488347583363469,11.254986418074871,246.60574147427056,32.71977408555588,411.59921425852633,76.4123047624423,2.3253702343702463,1
40.472808357215435,12.012811978896362,31.334831386021726,5.722338665507682,10.086252944056646,323.2192964983069,50.69812116160032,755.0106412075007,60.63479777526051,4.575816403363331,0
44.756686370880246,27.811173488543037,65.53918642660895,6.680430471257214,7.849054885004823,299.3911376951459,34.665579994736504,542.7682318828683,38.49270180978549,2.3496194998864737,0
36.645446485541235,33.160953579170645,25.45393408847287,6.863363180224834,9.22327693089322,340.87923187901936,99.42079899060504,694.6144350937266,78.98378891234427,6.485214087231759,1
44.191681144272465,34.846382736597825,50.88604244452658,7.368660016433889,8.985467678909455,112.84471629462614,35.747758935814666,940.0272598165512,17.751815080869566,1.7876649643219826,0
41.129269360856405,15.115911681813259,23.832547031713304,7.0604069937135225,13.898881636282674,113.13467225204934,62.70494173976454,680.7710168405613,24.81078046733429,3.97850901074972,1
51.44762422370709,36.92257150234521,41.38507130946725,6.7876944056230935,12.828526697691036,388.6380683394035,88.83432176508774,673.0719097601723,13.341129549328597,6.77691164231093,1
36.13957453994737,29.684382755423265,56.06460794038356,5.733624633624245,9.103730667070593,177.25089752908792,63.793499436475045,1192.6005862716015,35.34118239610314,5.381090961216368,0
43.3721454983666,36.45564402462048,53.36693248923279,6.247467033662935,13.311332631168264,360.87938487682254,56.58572551096086,975.051778181029,89.80598662606788,6.382364495276994,0
44.16862848262876,24.558421513305948,44.279325074279996,5.7776832850959705,8.74108313302537,318.6303643165818,56.92294547562082,811.0893694800411,15.492464002062519,4.575838681132832,0
49.50012152598237,26.26100035291606,45.74287963832694,7.262425464931027,11.343212101878876,492.7177885618494,49.64607109233855,863.5005207980636,75.78788372792188,5.031006126575928,1
46.485751501804216,37.57114831086014,33.60617320104599,6.999242311127286,13.7331999734569,434.16235155322494,80.7580401404455,896.1461052150487,59.66920645057648,6.7344861233108375,1
48.34424674388362,36.997286300640155,47.35295530544617,7.015073573594458,9.122230911908417,265.2538085325398,5.042407836138196,419.66031915267354,2.423271755067359,0.925550118042147,1
50.54098571303513,23.44482620107006,77.19529134325006,6.804513035547088,11.43907972083947,346.565128037266,88.51299079293277,464.21167242019806,86.04011736439301,6.222210516317226,1
52.24405947316377,18.23237894907045,71.02717506702743,6.514087073873419,8.367390488501066,146.9157828901888,58.62922202456428,919.3514810853214,88.39821387024863,2.4568037263666676,1
41.27750993444941,21.795113036927923,28.71397214458063,5.799942118926994,8.130498524783796,254.5544171849524,84.88732212557483,691.575087078651,84.24106316753891,4.935327619352701,1
45.76045410727806,21.632929855892492,21.786847239255255,6.159389773410103,10.593253331452416,393.55509643594974,1.0392702544208543,444.35523218554005,46.15656919363304,2.0121362558758404,1
51.802161568784,18.60600624948382,76.01145876299783,5.773831584953781,13.834116784265746,349.0686336514615,86.92764039616176,638.0105968413009,20.833766422829104,7.433354627905513,1
54.78902261930113,18.057388129988997,51.60498499284486,6.949826285704686,9.62507078976136,293.7885297509431,12.013751917326687,504.22673633711213,36.21382097234333,1.4669605638777683,1
52.79038622087526,35.83188809439159,52.27026938895846,5.82045755204401,13.501095762532646,170.61164162106763,72.12180063923992,1133.051073781057,56.2772391774608,3.8500450775009263,1
42.429345252487536,12.09585762053985,66.84307974239134,6.9042271003433715,13.314908161958094,421.25837046301785,41.652139288784376,562.3403140424921,35.09527428257048,5.867992760442961,0
38.90333034437301,30.328335462987823,38.88133843227959,6.884510779191809,8.030100898759958,209.26664176463078,68.10723910979245,514.952957915242,64.73544857827144,3.094271606165946,0
44.787850748131774,15.184601543693569,48.91445413016013,6.418608957982578,9.214555256674618,428.1916326647638,62.818973767736416,900.9350536708932,72.60179929988666,5.604395159667191,0
49.832829036720845,20.335176801821895,78.11977478880425,5.770457308236105,11.146419827953466,344.64362511799743,16.339654706724183,817.5295442214662,19.845360878325188,3.500776909696897,1
44.85138141506595,11.846291024045106,60.328921215944426,6.129601652268073,10.144367075291132,249.09257117951498,51.46137644475518,860.7459632286336,37.444771745452044,4.890999055010791,0
44.66361726627337,18.09920910566386,29.224701919747154,6.140186218151102,6.767668238905395,116.24208878399659,27.723047319454075,748.7585184322522,87.19699384234539,0.37985590330103697,1
51.76460842163601,33.052632133517264,27.9936048790612,6.900770266286587,13.949584241017266,192.96753773775075,56.043684284801245,773.7354487457037,23.48261211363742,4.400440342492923,1
42.22807558134373,36.55045973641776,32.25588549998032,5.727486038827449,12.021232009690241,455.6283701952656,73.8003283052844,1023.0380446777036,32.18027397349861,7.169379662900368,0
52.19589349623291,16.645814557071013,66.00270046524305,7.1581372924321816,9.501552305797695,427.189737558287,8.12584145818379,575.9377478605339,4.209445346677505,2.4993963888307817,1
43.13609601903447,23.906435177767655,37.72262023043696,7.0220145803718275,10.945348397330331,329.94132517363914,51.57624235310253,717.2234422649873,30.91294369932412,4.376137312470128,0
41.56466211356679,24.109721438116193,21.283330800504785,5.872613836348548,6.700582538129841,286.5289855848508,61.762982076225846,1166.2603079423593,34.38382582936923,2.153483051248809,1
44.079798223993976,36.20725917279202,76.65046181033972,6.938328763557779,9.96241322951688,358.85707173204366,29.536745359721383,551.9885609488362,9.98520036641401,4.853877586335789,0
50.24893917349737,32.88397158627416,30.182804983694638,6.837026362935644,13.446659326539901,286.4992511373206,95.30034827960071,635.0188760334936,1.129802498646151,6.474645734376106,1
37.520040557279884,25.392316551041496,20.573491168884114,6.996241600221852,13.172807664439826,357.7219362876561,52.03028255068295,553.2535394287925,52.786493593183906,6.52062514710637,1
38.92838431744035,30.122416014153202,34.22789614299938,5.877857110897389,8.699046763865166,222.96163986406316,18.25170898459327,416.3963970865085,28.13739411958469,1.3118240844385283,0
54.02889651326184,35.42065161728101,34.10172722708802,5.815180644312937,10.25094291057071,435.39888716459006,10.778826179928402,615.8639400333363,2.604145353408286,3.2485605998925724,1
38.50983254762715,10.286168620766349,45.32031505074338,5.972967971845509,11.579068192701175,380.76715738610665,54.16595491653655,437.17395676979135,78.39498735704615,5.8956688675677995,0
46.35454635862109,22.086700931501458,75.22338989000221,6.2317434062979515,8.720074135263243,231.9902513710767,37.5238381126929,523.7481011253067,53.596870935997686,2.7369265253977235,1
46.58628933323875,37.217295018312356,72.75109506674588,7.087329962071602,6.519033744751508,432.26644592937646,19.254709776838464,690.1456560540917,16.405151544263838,2.7720441434881353,1
44.792489241004894,32.209390925318544,47.413673298945675,6.9758478749577,10.043533253742439,294.93701234127155,3.069848678577458,416.57697365516657,78.87219606468788,1.8423773244224786,0
47.89490497153637,26.28524123002224,44.65399429950839,7.350903184557066,10.813085886586691,169.8555458949846,56.660008003788,1002.3652527445732,23.82273734256823,3.0789573268452695,1
39.59653451595237,25.889335811054003,53.30054518849108,5.6172591181972304,6.046732800972082,131.08498480141066,59.860023683366194,1036.4712110156374,21.47011583826304,2.2630227095812683,0
46.05324535553496,20.43310292813313,34.607240718305945,5.523112562028372,6.764602988308245,379.84229905488814,14.180260118146848,729.1310419346903,81.51706512975422,0.4737875765994223,1
42.44346510493794,25.615616009245436,23.13109951798177,6.898277659401598,7.658325148753218,446.0483216832043,60.17380497703043,1187.7327834994155,17.15120915135263,4.491547227546244,1
48.23334519258378,29.6614959839036,76.3534481702724,6.058574991588332,8.784418295927473,422.97679543781743,95.19727547075985,943.1951318461593,80.1087213852167,7.799243400497945,1
37.82447086746299,22.55089115286379,31.201939092630365,6.168157791067635,10.328409782644643,362.26041208886073,97.82956099897395,994.9773983845992,73.26759711230208,7.123893521856666,0
46.41754833678952,31.42459439176522,31.904043754742982,6.593604051829025,8.350743350077323,156.55002224190721,88.8492936557005,553.8403389329068,28.879978674631005,3.291137562696131,1
38.705407107666474,35.83696681781157,48.34761973123686,5.704826246253597,8.209470515252029,137.61763039066142,80.70785808357405,1069.9500982573709,4.0957373037822,3.770250034980338,0
40.57286126230073,14.640545445545836,49.496800690419846,6.7853888330961,12.954794750504654,238.01184920469015,20.936783671333124,1156.037118417205,8.431579319618528,3.5830047294662792,0
39.374196006471664,23.546410684522733,21.106052582044516,6.1502948924623,7.16040512641141,441.96435615950753,15.643518249593013,589.0481332590334,10.857544099261972,2.3962506132881347,1
38.65675559737634,22.240602738552433,28.877284326438243,6.765430248601984,9.963681065378882,484.6945081226657,44.49476022853545,949.1714355091041,81.17189516444303,5.5306348591573045,1
51.514219031213344,30.623944121491842,42.689289113644506,7.168013826146772,13.622597735489087,196.5443419388285,61.963175131855245,997.5528389306651,37.3632380233728,3.726423176505383,1
40.71415135321781,17.496023957737883,61.023841610632346,5.842222666674859,11.000105992928367,404.838268232688,85.0678684008378,644.1353374476392,3.9276781557844886,8.117176342207937,0
53.54247563728899,29.20752744856829,33.70510740991615,7.36174618582904,11.737643839155508,329.5476867628823,23.196304113680156,780.007202057837,51.08936158501117,2.4518960984879143,1
54.39853050690382,36.324677251944635,45.38086677450576,6.561376282124888,9.449895931124857,112.7229468311771,47.96479005203326,478.03127486457925,19.71930255462925,2.6810477835901017,1
46.42520939874195,22.54394799380868,53.44070388298801,7.3458555303479365,6.1594573369577565,317.16653997317593,64.74402419568459,538.4758431676064,22.161343834721706,3.4348754549669867,1
37.86002245331453,37.3304709993766,73.31554967739751,5.915460164403556,11.169042946937644,422.3761611957421,44.55938545344191,449.2564189177558,15.475756142627077,6.203290689117969,0
42.49096486759163,39.79491216800435,39.5642301396274,6.709125329208475,11.055394251424993,210.4491133376106,45.41936770792843,848.132392436235,69.58193161588456,4.300556030724926,0
50.95464526696428,13.182761498438563,28.013495951809013,6.307774234647209,6.883421091706665,458.94464958818435,22.511716102827904,900.2103178218155,1.0551604424745367,2.426366031620353,1
42.347814573941406,16.991595639545757,49.356333553856494,7.048444382312026,9.697277708997053,194.50416274985474,98.6660904911076,1132.8956667469865,40.508574750716065,5.405890821679092,0
36.74034436605577,38.511392544462794,64.80329610104373,6.7118178864265925,13.322631557325202,130.58925305762173,47.51932834074434,833.7478484988812,8.818404976223505,5.211803110309564,0
46.13569821856376,38.749830594441605,26.591585423164005,6.489030913916637,7.640678655775801,163.9757237758256,53.27419454054919,608.48909664648,50.713714090409816,2.3787609061885373,1
51.9024170299207,12.931218261602755,45.481009501817624,7.325970812862018,9.688790037072883,434.80114748836735,21.855929128682906,447.57883727289504,32.139311154520826,1.887337784013352,1
50.91852774287005,10.4499550113141,21.067108475749006,6.25423412834336,9.688825481604162,266.9223676158113,51.413671833181866,1107.9624422006696,3.5516422698785366,2.493661286510049,1
38.50246280260706,14.833000697692668,22.013550898835067,5.939960409796363,12.486091745181106,418.7782254486631,25.534955853430674,783.0864628224427,42.48768080395397,4.777966157459156,1
48.45529228824933,39.88038350146745,48.977201792999935,6.716202373704183,12.596606962635557,312.49322439583807,20.233625138346646,989.857591553857,52.35269480783222,4.039662614679701,1
39.41008526871294,15.399988498320607,37.891837889055765,6.748056874345627,12.074155357307134,292.2236499177726,27.572225094293444,411.71947887647116,23.288862849644545,4.38044607713281,0
39.36415069104345,25.076428201660693,70.70643794032472,6.378189243143751,8.92363327350619,422.76526059698614,0.2759648505280987,790.5111381315342,69.89607073639529,3.207796313562179,0
52.481435466103704,35.45253179291533,56.129258367587255,6.473220087378765,6.576295400148161,269.39504468495034,57.01511120016839,660.5780985331988,34.39438892148549,2.485755249708678,1
39.993379054804606,10.61204832064619,47.235977704579426,7.4191068285998,8.795863817792114,420.8130924265473,38.748000552284324,424.26501809106145,68.44118627296129,4.82735876863032,0
40.264946930360225,28.134669467753785,44.47612226325778,6.965371382793602,11.438329610170717,140.26486598537824,89.86890191939302,1020.5382456579666,53.11141561078909,4.464241769653271,0
35.013067815225995,18.31076346608873,49.83472881137379,5.721203502965154,11.621972595912611,354.5243262157026,4.070717361252118,810.3213223148906,79.23277611881964,3.2285211409829255,0
52.41338068251035,35.87004749319195,22.42632987275968,5.924260141741222,13.720001675813752,381.0348226207939,4.320030085575011,666.5441943929047,50.22323118840444,3.0042531892515605,1
50.8518962641827,18.503834477922375,73.5676013852396,7.451153268871118,9.629129851549667,459.6389584566971,88.58735173125835,1044.6387871259194,17.70644739886354,7.054212716148882,1
47.54657870181356,30.602671608457268,79.89818934403749,6.952931107587062,11.059484663522323,189.72956748647798,12.664464220434123,757.5387614801332,75.03320748508177,1.7064149367621246,1
50.00531527877685,30.226588973421908,30.889227491521922,7.330090252289306,10.313526965780254,341.68795203714063,0.21601041240018048,402.79836509464104,71.47317251573114,0.43952840970914464,1
38.04097134848983,16.644806465789202,27.222977886477185,6.107722927977444,7.204948480905899,273.3026254756892,17.891386371301376,1155.5581056306605,88.51202332608939,2.2065660875062085,1
44.16647189175151,11.043975996050504,28.614647806915713,6.983733720173184,9.68961977705709,253.10866221761162,82.38761750976042,604.5461923699083,9.422372719678329,5.0038206865191155,1
42.02438774697562,22.27748721356192,59.66162349406203,6.928005417047023,10.358681237511954,142.685422084783,80.27140827601022,1064.4604176506732,54.210804607526434,4.930093918529937,0
36.87553052514033,18.67579455897609,59.686450307046485,6.08937997087875,13.60599684833807,153.6933322379769,34.013221084345105,1053.1323072650184,45.250208554913414,4.499862984349859,0
44.72260970429848,34.26933248841126,70.87544973670467,6.6016326509014105,8.932312435271648,434.7953845790585,66.8030917259852,529.8991450885851,61.37849039321487,6.4749421171902135,0
53.414793006852705,34.01092565366036,65.1095833055752,6.7548302225405905,13.840792824863822,399.9013729302248,50.72497073358277,779.2021449718213,89.21618633109068,5.764947525425416,1
35.80118238101389,23.710718565778762,46.98138040216038,6.46226362165493,10.338400592192675,252.9364521164402,90.4734989845906,432.1591827987944,48.90448694041802,6.327234415126697,0
40.82921826987588,28.19536675969657,56.77132169391913,7.154357413316026,7.93975394642446,431.39463255585235,5.642347541742232,683.6413383107696,62.71647714517862,2.327313945030423,0
39.15081872411407,28.127785479607756,61.297080222080474,7.165738083595979,7.533315096126462,132.30647392943138,81.31791287366318,984.7830746956961,32.24920993498385,4.736472872235969,0
39.762933073313924,34.814744452828705,50.764188217113514,7.201201096603113,7.133559338081854,349.9095668132675,17.059866942746005,589.6555760882861,27.90734389045143,2.760303308616437,0
53.16869103758751,22.750072423695926,48.5390590670982,7.106847138196326,9.623462964587624,447.2704210857153,39.16208974317593,493.702344593848,31.176690911530034,3.964855216595181,1
44.3613810846858,18.263400393715273,58.705846738559195,6.476166954394289,6.175411438311386,435.54569241249976,19.195715143476587,805.6988407480071,4.474710423724725,2.7295807000446977,0
44.32598825879637,17.951047544216422,53.448472938539226,6.262876596298014,9.560362266518922,249.11310397674393,70.2614409594139,829.5891074989056,26.626658087133542,5.2744894551628,0
50.211512849105645,26.085768378466124,58.63653832015462,7.162752567428742,13.907237537247571,398.09354122279564,67.83261797532577,940.6631450569264,16.56517544264819,6.383381281707494,1
38.089844080098516,23.474446081966377,56.771286437801834,6.480402917112533,11.360854365778133,270.987258207951,54.78976016990269,1007.3101974420725,42.168518185200114,6.28305189373577,0
44.74530708200102,23.203623129548085,63.15179363081928,5.992742797255964,12.078288969603237,436.05526575597975,69.81630368036552,956.6476250117241,42.47422875088583,6.764209069288985,0
43.59970428242119,12.734120172691217,58.568210526972564,6.514687064644432,6.9520431257461,312.3047800620092,63.95647806046738,1076.3297666358806,69.87068481038533,4.323281513041655,0
46.93821381093312,31.55811222070587,51.18454918623604,5.783699643838484,9.784806891920727,405.94281964201645,77.6442055684268,578.3251714256319,46.206248310282604,5.961189928278241,1
54.99115406500877,16.41210063945732,60.907808677063194,6.8832589811975975,8.289784808205711,131.42863291666868,23.94066512905487,855.8133969731969,42.67734294909169,0.68645927897651,1
50.38897788164094,15.908608906261641,46.968917911125686,6.171842563247813,13.152780223912234,336.0103886435451,42.891261494072054,688.0762859370601,21.846368053044227,4.497343067347956,1
42.957314060348544,22.382749608321802,34.500273558356064,6.021317596894908,7.4503397761113,320.1136709877355,15.162652935422871,1169.6898856013138,77.72320091302096,1.7279179854275872,0
51.551061045480935,16.833350248534042,20.085093208034927,7.41301749246949,9.669866617093936,343.99068869406403,42.959356422019404,752.223618731859,9.190081511624717,2.395144720635976,1
38.414167266249606,27.515748019240462,53.59784882875059,7.053761991516615,10.704381746765101,378.2566431662361,70.16917514203412,1167.7711465068453,89.40663684813576,6.833531673973419,0
35.609273726179204,21.143900180034144,55.43931359651846,7.074139005447863,10.11232873262826,467.2435880136568,69.13911607843517,1015.2525232472848,43.84674962663483,7.45402727736098,0
39.08896744928546,23.467351677783704,78.32293788654286,6.747443938558367,12.641948223763258,414.27283271041244,70.94269032949428,974.7710896549593,17.738829963615135,7.79559049685276,0
41.80823112228519,26.115079648120865,41.68870004565653,7.178345621020594,7.851625370557123,187.85519657396188,30.87675286443565,793.2509695374615,32.889525019163464,1.7795906464291193,0
45.211615149191196,16.106065674454143,43.6479945696987,7.018324962326762,9.01912888338953,430.3585077168384,66.22139737909238,754.7025074044817,2.3833164437909886,5.62771687533017,1
47.30258281082399,14.672548685965893,32.107974880531415,6.6975474082672335,12.33667437259162,148.83187104603826,36.746631958893815,821.2385500147255,15.987041133241314,3.7170167148820585,1
53.21211434428844,36.41265708620814,24.232057714239314,7.422248803703434,10.224571293894439,348.87943427002784,94.44920461050499,634.9064503415626,31.18058373814095,4.9776593713478725,1
45.19708019100915,23.011711084942633,66.36826957170443,5.883189899368846,9.216939085183657,453.1015232983773,34.336636588033876,1123.6079518707734,50.89737508767887,4.186290192076969,1
45.025512892514584,22.362808288976176,34.980863860359506,7.386759437989502,6.235540117958652,140.44882168596158,60.30182340443881,1035.464524212293,12.653276018036898,1.902547178355025,1
36.004860196459646,11.068364508185244,56.53429166180228,6.3028763239977295,12.027083392124876,439.8770613241042,75.0145714192176,1041.1166834600351,61.8366966564804,7.813089846194555,0
35.69823105312447,24.939289077621797,61.26638213272889,6.556797966802973,13.777456623734082,419.4482936920982,90.64074290263412,746.522876359549,76.98488409902619,9.11144096179245,0
46.02319923832744,26.625091648330002,48.27420123749886,5.745478639088618,10.96229607590808,301.51017353562827,43.79286034539109,456.8711585953737,52.510564942651534,3.1578673038506397,1
43.76357226496689,26.765226128639995,72.5811267816315,6.580214877843582,12.852329765510357,223.55904091816163,36.0485108208268,946.4618543410229,27.721130250270175,4.094467885657672,0
51.78360789960597,31.21093507968653,46.627690458783725,6.722413503716387,10.13500594555941,262.17529122861754,43.0028175316589,699.5308671771295,11.925309293728429,2.5560873844656524,1
38.213591694236904,15.324455049730354,37.094517382505906,7.495403083617048,7.853447723386917,487.4632542800847,32.369635154978084,1096.3442499606604,2.3981556685553223,3.655420658586557,0
35.49943324234099,17.566694026918565,73.76093137769735,7.450384822143053,6.115536833881164,180.67902246073857,65.3924490067314,1024.2707507598907,66.86220996984581,3.874656704262332,0
43.980775358602514,34.32191395691238,71.69385705499738,7.432794583748574,11.227186140719914,331.8417151319581,93.27167640085841,516.2625135918049,57.56314314814514,6.072885122813966,0
39.74957113504515,38.41511850530182,29.84239682458478,6.196776120204115,9.944870785985957,133.29629915147353,12.607100648936676,881.3725844308115,43.86550654318365,1.3963484351994948,1
35.99228746677675,14.07798242101962,21.557661101235258,7.482532997490087,12.256785176700813,187.15722567566888,56.092206477015694,953.7711407417474,10.17959969981241,4.041164669609674,1
49.49196573695258,24.929486635156547,25.39913338097724,6.410956303190222,11.557459339482437,405.32655522980826,89.7648725360331,854.5100638594892,19.632266313756958,6.507466277258126,1
37.23185999914495,16.425287582187607,37.19284391322903,7.203672517523801,13.903618945652518,221.03961614421087,10.011454465601755,811.2337409242091,74.3655073317978,3.4022474608978657,0
47.16639000015543,11.802195050649473,78.33558810450265,5.932639938037944,10.082500667296319,494.30642822509384,49.386541076628085,582.290460004753,44.186632121833256,6.200793365606532,1
40.62099500333778,19.76510014378406,53.5109691896495,6.511666359313205,9.417398317384075,300.32681723753603,86.5229595860446,588.7254755369474,87.65495736574354,6.241315694868455,0
38.46992100710044,14.310628755526382,42.39570392175613,7.432024192255211,8.293917515514359,306.61573012309714,90.04522117120824,1014.4065109140437,90.99749326311841,6.20416741362605,0
42.59503045838635,31.297992203027388,73.32296567676478,7.394062793846855,9.814890334330196,114.5258957342941,51.43521611529165,414.9518284508457,73.06364137290291,3.96680724684727,0
51.02891552445907,26.011762410143334,47.18817988870998,6.867469755642853,12.982971824983377,482.6106998309064,2.4951884467717456,1023.128050164461,24.2365248916385,3.0315819454244366,1
42.84187153809145,14.315034129709327,38.91431770406127,7.095628645106119,6.33951780633393,169.69337635376718,10.563917842782168,821.4389892313113,21.800346596210947,0.36077047826666025,0
50.015392984221116,10.277247652165432,76.47317172473944,5.852853393204803,13.82320037828951,315.336239524177,58.671674524123375,1148.9781219078689,23.827088838144036,5.251031719714295,1
37.50972593598301,34.24471147072638,70.97105997156068,6.943317098968315,13.946457554462384,258.26984398349265,12.385860646634494,1197.8572381783383,89.81065709348974,4.903892138060538,0
50.45542839330158,15.285832184927425,70.62010252516646,6.736101616670744,10.782571028703213,266.2338802978423,14.94177769112708,930.7876520871691,31.180643026146242,2.004576109830759,1
39.73866649813297,28.18649926662298,50.73708458301279,5.683103471502492,8.652353629563212,357.3200664144434,77.21170977821139,729.8057555361096,64.58020692802201,5.57221778646608,0
48.54786259777745,20.107657392302368,67.3663039289273,5.726318013179353,7.7843917465761905,364.83547083699096,75.06920585755003,780.0687268485556,87.31159388302248,5.6877654795337484,1
46.31563109681993,27.56457814945107,30.761201555873114,5.716887235502524,8.21192316547903,161.71544594323876,84.27727594254719,563.3723421212062,74.7636532091758,3.9240563263815926,1
53.58289434423375,19.46960880946972,54.39337745337462,6.948713869659671,6.400843412039775,299.8346612487569,10.573513650610566,479.3874591931848,54.78434282175874,0.1,1
42.746450359506284,12.608186820767624,79.03075537085275,5.783430416495145,9.80088766786687,416.19097965674274,19.814488109681772,863.0107146417081,16.206897220455886,4.271888192198728,0
36.32330377668881,16.68850025673261,37.4575058310777,6.4354645422289405,6.458594166915247,277.3145934208918,83.29614298586506,1044.3960783732805,16.744442021051178,5.050478206558823,0
35.38310971102506,15.641756994372269,67.66113975486051,6.213963611755515,11.7477937182074,166.32178833063205,72.1087608697792,609.4132141833705,45.3180777011545,5.3358752162316625,0
51.53717121945506,22.840580573189314,49.42870443248403,6.601008281540436,8.975435644262832,225.28677726267628,80.59561278280401,735.7222481962799,86.67500462868188,4.403700935518162,1
45.49471275322864,29.74851350278472,22.38834099332524,6.912952974438806,7.5949178539773055,184.9518256420281,98.97456749079221,843.8189294215846,82.40443261755892,4.220426309289858,1
50.50488103669899,17.914182248390727,65.78116386894004,6.869445074442664,10.358828462688308,150.32698716593484,86.4431606155702,1126.3182559760457,15.957284990897536,4.239918325272634,1
39.68851200023029,10.362098059018539,30.11414866352677,6.531039831828753,13.79007445794411,251.0324509741415,52.04632508497603,510.90498212964485,26.89477702973568,6.017867596564477,0
41.901674910264674,25.568120927942708,57.88841402796501,6.428669747220771,11.561048392147345,316.37449727923,31.076818479725745,589.5065349837301,53.99301840003777,4.029076993590204,0
35.60207744422638,28.172784680769162,25.139851642818375,6.295631190244517,9.933974800833282,129.1006101106527,56.96765865747011,1134.8243614286278,43.96874430276684,3.773774450004968,1
54.22984649148224,38.88611482005429,76.81204384975788,7.223819896608759,12.21531439403605,341.52934889127334,63.858655023445245,431.6284745237534,11.74265284388611,5.881063925295312,1
48.357358134016266,27.684124092797404,37.503433230821656,6.16170360974529,11.89981177519191,497.209776067843,33.531214125962094,924.8925072478869,34.23764682984875,4.841339429217409,1
53.664101755186124,24.135176781344256,33.5878815006437,6.0187316423349895,13.13388368846235,485.64997280803345,77.09370374846785,911.6207065743613,86.9242930889767,6.377675626697753,1
40.30992814858145,27.202048776931115,27.74818424398006,6.9866309873105426,7.63735158075158,431.66939279966357,9.275379265788676,706.6035469060512,86.62980022700525,2.637859108513299,1
47.22927222451322,37.83701889586081,76.76013160034287,6.2195269233934525,12.871020610069856,206.53644512096122,77.93928506817099,774.5317432056945,51.34832929239324,6.310450730440645,1
48.56999936585275,34.85134436804938,62.71422454647831,7.193997199514537,8.408208696333592,108.96303859174692,3.1998518681948473,1083.934361184449,58.17351742095049,0.1,1
41.35099400515177,19.68936200091424,64.49965332308531,6.155777437274289,13.527991422600778,433.4166811531404,49.79660607214902,531.9856506774233,20.971565277306183,7.933948289943235,0
51.962184700312605,17.117630909714116,49.96427368281468,6.903889649149177,8.248521191573882,122.2880927914853,86.14364634832663,585.2539826231416,67.77574537785681,3.132520088792102,1
53.943229258004955,17.87900837098221,48.48366711622901,5.590218012570672,13.41478834530141,182.25123258830814,8.649527402139757,809.8803291519123,5.724656842139322,1.1333091599722103,1
52.69710235392009,25.13263119145639,26.6012745794886,6.27112576022064,13.71032571571264,317.78128617871374,51.77389364941697,727.7963384000241,20.861396934753785,3.757300664765785,1
49.78133951878745,32.32148353685733,53.59046573503951,6.186460349935103,7.163930859656114,171.35121565745743,15.939143896131636,859.4979980361469,1.5295318898507517,0.5870402155263367,1
40.54929359449908,25.096576215488863,34.81498970652743,7.133357478551847,13.795999066102265,433.51533251945676,89.48157500609352,1136.6713488750365,35.71311328761419,8.497551147043609,0
40.632320842112634,12.033891874843377,78.62871996802434,7.43411080645662,6.685783747434258,410.86387850393163,83.23455270336302,1133.6816141902693,77.52350788318826,6.407315999954795,0
54.26720640892076,31.707421013199426,67.79485640090884,6.421762553385923,7.748542292900176,402.3078022948999,93.39172432934876,584.0146717719933,89.42558293989727,5.79363883022228,1
35.205689918713844,34.17910386012862,44.779523611573254,7.149672554307516,9.553350246982436,426.4510463590306,87.49823415300936,641.7156902790723,61.098037784250145,7.528496813149823,0
49.32099946484289,18.68493595359159,29.080475521491984,6.89938940191473,13.94877892569368,187.88071210584482,73.65533098659907,529.654945037624,68.03800168837891,4.938427291779354,1
49.124923251105244,29.923772178500514,67.11990146832704,7.434771975327386,9.908504409323035,391.5569504598997,18.48891955885028,1142.232297171141,24.647462039344603,2.5088874271161146,1
47.45379081899595,22.797757031631804,27.32322602487896,7.122217028685649,10.403275545427887,242.11260103670588,30.250261566890067,718.2913041585562,47.82994241399334,1.9068136854340274,1
54.80217692173731,36.67358067182329,31.36002520982423,5.654956131927461,11.555399596189188,366.7379038273598,49.68551583080074,759.7641159069417,67.29201089428284,3.617598800734788,1
41.237588715274505,35.356766744822195,32.69123106465365,6.926563444764472,13.746348466183612,148.8086914524699,58.88967815147237,1042.1126246219678,45.75482433701012,3.8058319433256775,0
41.79943727586496,25.762959949289268,53.413438296385664,6.570999430844747,12.266811200993956,382.234632025806,78.21833953132099,810.3787782482335,8.969175290264133,6.976014043402896,0
36.57878805893111,30.745166374407834,67.22339923942198,5.532872115864654,7.793232035389589,488.8430911603118,22.695962818706093,495.8043857772097,67.67777738478783,4.256535449652623,0
43.85596273087475,36.50049103066312,38.85889272348153,6.002625917450887,8.423927445314838,117.4401461274865,12.827739414696326,750.2789675541574,20.760795268727676,1.035096779825416,0
40.22097052469696,24.871510302348266,25.080188856517367,7.343510490053786,6.781025916868195,137.5315604668339,48.26101705936361,904.4192346229054,9.792790384389022,1.190000020034517,1
41.867734043552886,19.397522214664658,47.87230781146515,7.352122745573506,11.15561891331792,149.45470693520554,15.784141087292058,975.3672702056291,44.02521539428438,1.6482459529068425,0
51.691435805112555,32.60998413728744,64.88661446959614,7.097700920401269,7.445922452313773,272.2255619765205,69.37368023295723,916.2814822263152,7.714817001965181,3.1897216184039463,1
53.70969027054991,16.601987643540753,33.2998305852433,7.463559206555979,8.059239107834927,216.31207397322146,57.56308900917173,495.3445753858906,57.64993002834884,1.4514691598929435,1
38.71466144010371,21.655934440181262,33.19547288236245,7.11309044924841,13.104909241443018,422.7680614162775,74.11077970188848,643.4756201294547,58.64259252819207,6.784550152096372,0
42.45017863106932,35.97181711320381,76.83362164080265,5.52040837457049,8.61404540265612,289.5148956803846,6.343655965510841,986.8517159705722,24.103177581970833,2.354525518846659,0
53.572611242307886,31.73267020807945,77.24922362715068,6.075668680603023,10.533173746833336,293.81493707542097,96.46975604442038,1104.1521554688597,87.80809796268342,5.646743982770603,1
36.23616921378445,22.114330157424977,79.42794392369458,5.561248364475526,9.180528070313416,386.81524053014147,0.0005536675737993768,437.74913204980777,75.2006428071841,3.79777967461939,0
36.84721056222757,16.44233507225072,68.4595760944868,5.688215937475119,6.592250299247309,244.7875930142983,32.544241501353476,433.78328645598174,10.862826210975475,3.07571494138828,0
38.25581978412459,20.679051724967096,31.291050150076735,5.937681633901552,8.90291063917364,241.2828989681854,67.96347933662398,914.7236234712499,68.36609146051855,4.480689268335331,0
46.90425668253749,18.52312447682299,32.71889124795568,6.507117092651045,9.264545624287447,402.7705550509922,4.514207386211888,838.4369233306247,32.77672188488509,2.6576450550811943,1
38.00944542011995,15.282678638315618,40.41351449134352,7.195064006924035,13.165608815292146,412.0166983347059,8.334958135760695,524.2712404141712,68.52596694840629,5.873958520463231,0
54.361527629014674,32.2999874069697,39.08795188000945,7.2239335123142165,8.595605229170715,105.75950901312781,7.6681437228220295,838.6332653575682,73.0715313117348,0.1,1
43.934290545170406,17.562096605505147,77.39166494468054,6.732403717114593,9.033928958096542,157.51619033629322,58.150972672097936,1179.5898748006807,14.624025045441545,3.3560289185447494,0
45.03035920700333,23.625024105032914,67.34443897290161,7.35635187813247,12.263174149378676,185.2392724593919,89.5925315038538,904.7201763173,60.565778635411235,6.800678749229187,1
39.93317231610813,21.57578340508327,63.440527529693234,6.500124653180416,12.071653209692784,240.6401875031505,55.5436977712262,759.312924839775,78.64569644403778,5.692289072150008,0
44.41920504869467,39.46232135906892,31.15779344348791,7.278072088266403,12.386282213187926,216.57923337278123,60.35713522796716,1062.0259903516603,30.103626164560605,5.314136312774434,0
48.23827265274023,21.732767324446616,74.57153356173978,6.408130512664024,13.630165920608032,367.4080193553106,34.60016512079894,570.2579885217212,8.229547376286794,5.126965738385929,1
50.02354273908085,12.399474483902644,69.67222277037044,6.0544500148437645,12.364459987158273,431.2540935211833,1.8741158655532275,731.4611446615306,3.454073194527888,4.062363737861092,1
50.077361654198256,12.69477257716252,29.81851047967542,7.332825836200856,9.260865625743127,176.83479294240965,2.1614717751216372,822.2143134486779,10.900086435705571,0.1,1
46.55782225388177,27.722611640591943,72.27021991765835,6.275870151357738,12.572068135184736,325.19202424077935,88.83099664809113,803.6319136406044,1.3785329154712502,8.820627890262152,1
53.08719549987714,27.980906552147967,36.334852182228275,6.506808217688923,10.069397056719506,247.1265004324144,10.257243871964672,1136.777975368922,30.425134815354543,0.7844663211381718,1
51.34815694612219,22.56276971447965,24.852184749926362,6.157721265061355,8.221712260148522,302.31115001842477,99.97893718125952,634.1344857973406,27.939572916620328,6.575872689067074,1
50.14096229397251,22.955310769360892,59.409338390852604,6.825675200581459,8.423336545048098,348.30313671335756,16.442261151127813,445.2029765836957,10.930714091867634,2.366705079331137,1
36.11211043360921,11.617977485226136,59.228279563059836,7.490062450012071,7.790739108507187,457.43992747280447,67.46344439551895,1133.1017636109937,59.60060902925181,6.87171907406236,0
35.13755924439299,25.496395311677865,25.695920573937087,5.5510270977295395,7.159943662558027,176.9170671309123,94.89554721809057,573.6541257106742,90.2715722055649,5.683939254591478,1
39.24894554390946,25.14218426141055,39.131108536194944,7.299696012014203,7.475923294829203,134.80263482242412,36.22892776420262,703.2223791813659,82.08337733601296,1.1966469204947543,0
48.27047187826905,14.486479556708336,79.56886773533232,5.507852113978531,6.505424399630555,350.884767618141,73.44331887479893,824.7132996144617,23.75655397093494,5.183676051456624,1
43.223949777650915,13.115181583327828,60.705600020524216,6.228455762292422,13.10760691945909,257.6523395090506,35.085664344233514,1180.7043764385708,70.29834696743923,4.357352242478011,0
43.04812518598624,13.707174717984714,63.80450999619975,5.837213612579029,13.448062477192986,165.1610773171954,30.494105676144535,828.2147533028785,85.31769369565173,3.5958565727780374,0
52.691737764592276,13.030847394737755,32.77503713625834,7.014683561345103,10.694163139951165,146.8348669419379,20.180408257543892,758.1946452387832,82.57278133409936,0.5624641046967286,1
52.91125696263677,28.291245866102795,24.72692426023486,5.601221681514347,12.72391645286948,323.5639147496119,82.09349068988645,866.9107836141173,80.60945691801595,5.55058978626616,1
53.18350528107172,15.894479572087558,36.61410138445626,6.606969907168656,7.468568821225177,220.1882378112782,25.738706360914787,1176.6465279337103,71.78054609598341,0.9145505765271429,1
41.277561530300545,17.542904565623903,34.93390311159152,6.089852267690626,13.213390601815881,498.9705518343912,28.31581629058576,1054.3556790051523,27.369232849994273,5.449822992788534,0
48.82111625478524,15.207164324543193,34.072646044883186,5.767340497729404,10.050892477044066,262.36032773228555,99.89697421987775,535.1745090495376,8.520675958971301,5.604437705746686,1
40.43266362548739,38.735059133455096,31.565259313222374,7.043636424205282,6.537319940844441,184.91464350607308,32.73104354453198,1042.6080119233673,44.90374175613597,0.22611800946167793,0
38.812196661489,35.638523894555064,54.48534143932426,5.934833668510514,7.130501955953282,351.53961804691113,42.27744888320489,1072.8792478431108,5.931202092070318,4.4863308046065855,0
38.69264914694738,16.91484512054563,39.686208550509306,5.947350424109878,8.471811686294537,197.70195587620276,99.00554577748349,952.555283166773,90.8626316081526,6.568541761983103,0
41.84215241727188,19.826988817663782,69.22070090285183,6.050153570275846,6.3484606428380115,297.63441729246443,36.93003454174263,925.7867673338114,33.24787147582646,3.2027048440870467,0
43.599152395596434,16.296785269149915,31.03684507084304,6.673533527656055,8.474347024139549,293.030473488403,36.615200723586696,752.7016006782434,87.25059265500047,2.088351722621237,0
51.61898342110137,24.756278783824712,47.87762425211267,6.819331863381496,6.479443464951134,281.42305188629484,82.77144662138602,913.356309695563,70.58088927108241,4.341251814999937,1
37.39782186945424,10.588315974227609,20.8194701855648,5.53520504740269,7.888220841542601,418.43427850782996,31.193036848769207,990.0599777218063,38.016185832171985,3.085917305130987,1
49.698516947897886,30.14104026690387,48.90093934731152,5.983739272227581,8.125358046851533,186.64520058647355,23.378610364240714,498.25619845943925,11.648027144443565,0.9408944375934887,1
45.62909828378611,25.69474449452925,23.350293252588465,6.3619416850105655,13.95495181093435,461.722922028188,42.32102551753223,605.8639681467486,22.347378131024442,6.1741416382590515,1
40.758906853519846,36.95916784903309,78.66341071235863,6.163953904322466,7.884373390109316,416.5362012854137,70.06408005761926,555.2655031730352,61.57401185344622,6.803385301012814,0
44.856391690656494,14.931780529852425,67.43552771902478,7.268341317021772,7.913491591508643,233.2489456973295,4.324302497926535,1072.9694695248113,75.69416830408797,1.4755825196615378,0
40.99884139554045,34.12327738183395,49.40668859818732,7.075417461772838,11.49431174686708,172.2410025120554,37.39160272185668,944.0020732254142,89.1496442648186,3.3695329016374536,0
46.92163910476612,33.75883043400147,25.195241490761013,6.7517804310776555,12.874859828131616,211.81400980269652,34.624490194584034,760.6228316601412,12.894596561233405,3.060726045368556,1
43.676878457104884,13.815435676506608,55.54672644742486,6.176084831994079,9.096443300816691,233.05449876363133,24.481834726203257,1060.8446003907745,15.035261084644244,2.767145003121099,0
38.28811058157758,21.956776724323827,65.52582504211264,6.901344689692319,13.00494415952554,322.7732675228187,65.42873359043449,973.4250719940086,4.819552902113172,7.000442880620953,0
37.331661491113934,15.104579234335507,31.443035180284717,7.187276025691589,8.721136165982056,118.54726752546006,28.999008041367734,1130.8744652362375,24.432807295196984,1.222774724242789,0
45.9339136414426,17.641615013726465,54.09250044724945,6.689660754717973,7.5761270369201545,465.7436519408213,60.6731559008003,461.4455968783326,74.89606949301796,5.652082601495818,1
53.04826066572207,17.89738524491633,68.85265390297208,7.068922933786759,8.637110594621788,139.46994266444437,50.4336841454627,807.3259052329881,18.843117105781687,1.4519109827131391,1
41.87915373115371,26.687091820773183,66.09486665877898,6.998209922799496,10.874850991423939,211.70935764001393,21.71898708258986,965.3983228610041,50.30782749055621,2.8865114377431493,0
49.66000214445246,22.342327952813967,68.17952107202917,6.643474622320644,8.93714527449659,143.71497518118662,26.656605704218162,565.9945494438766,41.176647820541795,0.8006581686457295,1
48.17322709879534,38.431984120189156,72.75940549218319,6.124366433643022,11.38315043191431,202.66913061026406,17.06000533065639,661.7009855770912,30.324361810612242,2.0619407413726836,1
53.63109828618962,13.791104258410154,76.26092612956822,6.991564316002544,7.895487035379859,435.0695274435234,5.662921485095785,735.1810010558613,56.651177210901764,1.7920045020189959,1
51.41962034598282,39.21076404550597,44.33126931221216,5.9135927327152125,11.60794315191319,346.0703245532969,61.91884631049116,1035.4604946164714,46.2093210397176,4.306239537440557,1
46.33210517810926,16.91915920642792,54.12614615137264,7.058976692943068,8.779506905987734,190.92929003579226,67.27886939143343,794.8609608457562,31.128685613612387,4.245319864121918,1
48.14060996468214,33.18621809145559,67.43957156273666,7.109093384285066,9.646946972815476,448.70341191973506,16.599999360866992,794.2960262782315,62.99657966080044,4.052890897789345,1
52.9677293316807,20.16909778518464,61.82838883674699,7.144289759140746,10.461961123543167,420.2848236873939,61.53923846860733,744.7100948417162,26.19713719346859,5.8524851853786,1
42.9903756917387,14.292441862519418,79.73121369586272,6.445831941956915,11.489800025487948,401.45971292863226,98.20847400575781,582.8712714370523,58.886500581503284,8.743621975664013,0
41.53589411715555,35.7366755573872,20.820659066278647,5.884961535540843,7.90970953478987,439.05307935428516,7.440209493782213,1138.4572284902117,87.15212815073959,1.99584851308017,1
35.216221672703924,19.265826977093894,41.30799291894744,5.699447200132138,12.687564299286484,347.85987260732605,49.03708724988637,654.2408965253403,66.60567812633649,6.3470563269408995,0
51.531021483829285,29.765662126805267,36.86167557621215,6.986722500975849,11.774741998041918,300.5749440844929,73.30382136438539,853.9725286159205,38.65596036726952,5.007189780516128,1
51.01961400806729,26.993310552598796,35.73895100993208,7.272522769059626,7.872783352191996,249.57401046855577,4.60091978297269,519.0237884178453,68.28033890822725,0.1,1
37.08909036200303,24.15268928172623,33.35178694993314,6.801676717673813,13.799796500823284,189.50560816307936,77.82734939976157,747.3947136792377,73.83176351201351,5.082738979193651,0
46.537147622654004,24.87458417945617,62.547430448913744,5.788320120776739,11.318375928243668,322.96466305875794,97.9511237092886,1123.042812935374,30.32564202981779,7.496437477084578,1
44.279633963337744,31.967137422768626,25.08556839651931,7.369792897035148,9.619415091733645,455.79693828563535,8.848786353275317,1196.3721908084735,64.46189940924597,2.925478365779263,1
37.37418191018223,12.633187423703216,64.49653003660029,7.478204029078639,7.260218604428131,337.59271559693,82.22299054659253,689.4014853867736,40.09565764660733,6.050659017053142,0
54.61136454121447,30.045419858737155,61.60555052097641,6.366757219869844,10.265768018465051,467.8427446882547,37.85815445120942,523.1924370514685,74.66702336036818,4.827657139071057,1
39.29391774926711,36.87436304195736,35.048247950053785,6.689650578547543,7.3182070946169455,242.76694783726543,14.41162024340118,651.5612213843161,27.583983565782468,1.8357776127891408,0
36.34468360181123,11.733645910595925,35.17002698990967,7.0544570400033155,9.43593342958275,378.0551890109991,49.31932091963478,661.7934147096155,85.39837030219894,4.764548704136746,0
46.896947590038195,14.219600177010001,57.731635120670134,6.97277958010009,9.26970018191615,359.4661889850565,7.15187357812157,915.6070354258542,52.73082435375761,2.132888273251983,1
49.77733354266066,31.498958101060943,65.73026632902068,7.435574383866898,11.759517154779681,368.17353762509674,52.21014081671842,796.9253795956482,32.79729825421437,4.4489426711489815,1
35.64886892094374,23.118449447338527,72.58913678524193,5.729766182157578,7.539065449793998,358.01680489631707,1.9356788004049608,1014.7677826125043,38.74341418406399,3.4555364421058163,0
48.174352774540445,22.10645862441065,71.12837383126855,6.661449732285611,12.574970838966767,188.6618699748467,72.86114416727301,961.042627597985,32.30187519826293,5.937840992171521,1
45.64583751902909,14.108999036327075,77.89297964983119,6.883862839346184,8.609058616129326,157.43635931325957,48.796968581158865,601.046979140197,14.162170227143976,2.6764426403990864,1
37.065300177500966,25.203101221533643,54.88309372019067,7.28019684837534,9.551909015750201,491.45130249282346,45.89396609351806,1027.4045519086226,7.16431571987223,6.4023526200570435,0
38.45047753892724,13.796359335891317,74.51933368042157,7.248219255436301,12.17872780443074,118.11805153700048,19.619149374208366,1077.9694935318528,29.960082562443485,2.9900456817517083,0
46.35948594632161,24.298613689316213,68.51079639562465,7.45599958712258,11.00313919770812,287.0945948113081,36.126315579476575,878.7121518032013,42.28213969703709,3.317305373746138,1
40.927152270265765,32.9084589688497,73.68005745884082,6.5241569078753585,8.464202814415499,270.03212685674475,18.18694324216663,1142.1341673988609,33.56352454924171,3.039835993813735,0
53.76631457302632,17.747930736614904,20.697596077121997,7.161521733626453,9.089623396367049,244.0075832860305,73.53901005357393,1026.3584981876402,2.2527553300580987,3.491650134020893,1
51.37480458968102,24.423585045391818,77.95417951194867,6.354563416254655,8.446294511916882,412.79354143068383,19.902529943302728,876.3167254985592,53.110562135723065,3.6502077853156494,1
54.67134413027326,39.760479081905075,48.4118097707887,6.3446277557120645,10.758161338217256,398.1401153250064,61.675332705171506,1124.932797850664,14.033483190184663,6.08574346760287,1
40.19341677900828,30.59951270062112,67.89097937449057,6.006696728945718,8.660996265654717,462.08996941197614,27.96075010677521,880.2867841924312,19.99047507054544,4.832026990978708,0
54.39447265595954,35.240703139155954,27.63224716026685,7.136474574038459,11.805581558265127,258.1950104747689,65.69821959233272,816.9529018698722,11.867368085308042,3.5682114544288233,1
43.624677395831156,22.445428196816373,43.756465748838444,7.471630211627032,10.63829726866981,325.6718111717839,54.045495892134234,685.0066723288821,47.83894570256652,4.807055066100981,0
41.95037590627509,33.03582769377566,36.28763978125946,6.012683456694516,7.165652893980072,456.9228189368483,42.343863165272,1106.2906644755562,9.564336317261809,4.1178472417635055,0
36.00699053938706,11.215275188239655,37.49952623005622,5.612263176042145,8.48214894943906,497.5392251421538,67.30008334104714,498.1817366982573,24.07215242655215,6.302933491563356,0
36.05530515719205,13.68733547626735,27.395337197052903,7.131084874838015,7.771579535281246,487.717744946142,41.57220716082291,778.8021713739652,41.65378458579937,4.475768351064273,1
48.84022511893309,16.092117787601865,68.34582995258042,6.740460105069513,9.122505700411882,387.13754850749365,82.13706025750328,829.9306655000175,16.09379966546841,4.5895413815297195,1
44.158579888680556,22.058557738456585,20.55453887486469,7.419397601102009,10.127872689674906,157.29102312407184,72.95984582352659,843.7992854158215,41.16172255316497,3.847635986253362,1
39.530432520722115,35.3723463497729,38.75032741911215,6.004478438153905,10.054102858272879,109.27440471721064,54.06389945130812,921.5118643881946,31.846161314565276,2.3488367171360918,0
47.279406126504654,20.387981523637915,30.464632592984902,5.642055316002562,12.036189412506312,430.08734256117674,87.7060682585997,804.6364994030525,78.45374596326451,6.4493119527346305,1
40.05716236500223,29.638635805463885,55.34233643650043,6.484884521733003,7.513374908813675,436.3768097967302,82.88618214680555,605.4545181119416,72.54128913654604,7.129130607052022,0
46.55263508688845,31.2794288441045,35.25514415687263,5.670932045930295,13.571782634379574,398.54436330538783,53.18393946204992,1085.5555169115999,90.35691251189785,5.39363866998455,1
42.18417493965381,27.58547062265024,35.539907271685976,6.023580002205415,8.742760855057348,211.96939439968804,6.844769370079751,926.0202622684227,48.60205596689027,1.9896411573788726,0
51.47104453223638,20.717259045104086,49.30028863971913,5.751955721638336,8.401990775329107,355.92714383941063,56.5996352199244,1086.5502509682449,52.785738420179506,2.9082553381598863,1
51.413923215335586,27.31160025140633,59.16134236045554,5.948264359320158,11.481428625441758,226.4993767261097,35.52569895602855,620.8347927843014,86.19812633041596,3.9180358025284736,1
44.54700796244803,20.267967783692384,27.278282273909817,5.712289305642784,12.4441330294645,280.2592984403699,54.01129428037341,909.6455159222573,36.96329932187666,5.063180816961055,1
42.01638218670031,12.516212156560362,30.53068714792977,7.407811998854571,9.027774118509228,252.9740339922042,64.71304604975934,971.3389960611161,51.0114416057373,4.377394527388799,0
42.25119593118189,39.784119345580436,34.83048467567106,6.057125426899471,11.974775799151818,465.45603471602226,64.48385748506396,706.7241282942707,35.11769461529263,7.509982793810661,0
51.11429051336436,13.815473608975328,78.42489284707763,6.387795171985131,13.069887649088438,193.66293229755024,67.35240435180015,1049.795294565521,50.12746353082836,5.441162361652642,1
41.56358965595224,12.17045151508172,43.829149996575225,7.297223615268445,12.13442932165566,331.0443618295001,67.92686250450149,402.0070198738374,8.268978926578551,5.155012544452398,0
39.18118747413692,36.35592247621467,55.93940543786159,6.8546431759229485,6.273571884566664,244.39261161354366,10.928141871350416,875.9358001713773,71.54146840093583,1.6643931657858986,0
36.69376683750614,19.055039826786853,34.49256876295867,6.736074961123549,12.618951290929505,365.2284447656903,19.171233045729362,890.8547762817044,89.67519526861395,3.828174112709124,0
44.33386241768817,29.50890922220523,49.42757150944928,6.911126380721674,12.19584766763494,325.82525647099,63.0541004542351,827.0744744309084,6.916636219559853,5.503482233321594,0
44.64264197839684,19.870171889866985,24.447150463157485,7.157644514210764,11.354321905225488,469.5910725463762,40.81723887310367,904.0387895355595,73.09357572083269,4.860702601054053,1
51.81817420805814,21.743628123834135,22.084528755339615,7.255338535703522,12.080179352703228,140.64486068048527,76.28516453057635,533.7814856186162,22.756132044553034,2.9901435452807323,1
39.42477392892128,17.863389160503896,48.12401160928761,6.785279341330053,13.83540316665551,188.25633590270536,12.490928226283216,947.8251854419005,18.779234794928318,3.631603452343291,0
42.619825473367996,20.291320173790304,43.91955725110472,7.280014549388115,9.448903102546797,406.5391855324223,19.152299442053934,668.6311702693322,63.403335844611085,3.1641219216177663,0
51.16811477787382,22.321012017596296,28.21281918150966,6.5707950548509535,6.5377858796367825,247.51473595793735,55.8464642436473,761.6429940607343,4.971902370092354,2.3504783576564656,1
51.47247221497947,31.612482072770288,61.25608573524402,6.054581712536847,9.687119757021733,166.31351449148957,50.07480192678987,666.487491197015,42.69154125271243,2.5908429076731054,1
42.69222151957536,25.346085827043755,79.57420945395586,7.260153417767689,6.3714692431283835,301.3285036981551,26.639715397668994,779.1489627995884,1.1300019323789192,2.6593294804816776,0
44.18248046573362,38.30695651470931,43.73880927180275,6.582945654826174,8.35400326470769,360.8568246445545,40.83432435051585,897.2553812093981,50.89546257818265,3.406393463330715,0
41.06571781698566,11.256411815163265,57.47351815504367,7.312275175134468,10.695038334374072,117.93068566139944,3.4981278056653076,1070.6747767164409,42.5873500958461,0.3766036471208869,0
53.65109756838624,25.092049678960844,77.77855654186914,5.580335627901162,8.47698314340925,216.64875574697788,3.7038107994374125,786.7480461121768,83.39343460126052,0.11522038174036515,1
37.3728753148316,27.526743664951542,69.89209834681252,6.2950315030824715,11.48316196727631,423.76901507841717,9.492700282487165,658.5790620828826,65.82447125059738,4.384748773454808,0
53.6749884600294,37.60590958222822,47.81313339816114,7.395610036724936,12.575890621485769,308.0978266440777,57.67924532005605,790.3535031403075,12.340555469104713,4.959248721677755,1
48.677329036706865,11.474755708642828,64.24936906759515,5.9993001855166055,9.363513434236296,114.151686069328,86.37164146131536,951.0429312564124,32.90859637767525,3.5195366204348604,1
45.63144305373463,27.20498754805648,27.68810241503144,7.383072492076986,13.201103610344028,212.78040210988036,26.022328925957506,677.3605733806364,84.84217927109306,3.6812733986908106,1
35.65318121568992,35.60889785583871,50.72623132782795,7.407804922258499,6.638711450803202,355.65626239176856,3.3939829723420245,731.4256597787249,66.28007325466808,2.1528792906141696,0
44.51192383644017,17.257831843577097,36.7436166307962,7.264284628451722,12.720905313603598,179.7437878312099,70.86271020523125,850.2718536069891,54.48476034876602,4.73355849418864,0
43.15496210005465,36.28877045571812,29.669821273769664,6.627336090186597,12.62858516351439,430.9565624877657,85.53522390050665,635.2074110618801,51.31644317082115,7.457088289748442,1
38.22437623950245,10.571302278228755,45.57685437527209,6.793878898161277,8.575951170614118,370.6303628334657,13.817278526310172,567.2677276355535,36.82886197634896,3.4993127108183515,0
48.12819207001314,31.97363887401189,27.860873266016867,7.239233996899738,8.38972149699692,288.55162437911724,38.57476959404001,512.3138270906096,53.66813164020798,2.026711678342656,1
54.42301814736572,37.99339663505959,61.939106490469136,7.051794164778369,8.440759849228101,466.249512426714,15.873684059020476,682.0879865008594,70.44979733808313,2.7267285870507667,1
46.2437762212905,29.715929849201867,47.37440264320013,6.760187698910823,12.491149698755287,256.7203083698647,10.63574306093652,438.6743251504456,12.478390872073073,2.9468226944317637,1
49.295065528878915,23.17087731941344,51.868677953879825,7.464518815741405,12.65322790088156,194.0293642256341,64.81685384743744,866.7860213676013,88.28475756833122,4.54930830935724,1
36.36900905132033,11.34643049418154,28.78255632008942,6.871353272667388,8.637779670621342,364.56119701068036,96.75364761781313,540.7274927980196,22.542838218007702,7.718510043572414,1
43.35333991633989,37.60341439967886,28.38629966560967,7.450963984895522,10.740722779555695,329.3180749880594,67.81656256207623,701.9158338640343,41.296841329363744,5.273420107935826,1
37.32716970328992,24.108886680747244,55.00492611560745,5.614776949214182,7.111465835523636,234.09916037249005,98.48146628076182,615.3782523186981,3.0444062183003786,5.379442530159043,0
47.255916710730204,10.86990233007844,79.10058486976678,5.777920741484425,9.750229906248176,237.46582452959086,43.439527607029135,904.3119730733995,50.531133066263685,2.4522576774468474,1
53.769643164283096,30.694632139862858,25.775034994263535,6.402917692000981,13.990342806844307,259.28412345364075,89.78697888273601,1080.2765291734931,35.36801625354614,5.9562368679221445,1
48.23555464943277,24.455117607287747,37.14388571394687,6.269758921768631,7.270713181649975,216.45542699174771,20.50842246663046,906.640834390676,23.47802850456985,0.8552117812083255,1
36.53606096628843,13.730359523272321,72.16754699227326,7.065469682714055,13.580501119680472,384.09656254436896,11.79043670107931,834.003942938715,89.69718284041201,6.206419580727936,0
42.093324099701654,16.428154279307787,24.336320735314217,5.821228052938407,12.594037775720063,360.54336202048216,70.25200509124363,935.2669914576337,39.5327028405047,6.055246206181907,1
46.01326758881703,11.934720413675388,72.55314328201707,7.452190358222977,13.77771720757016,276.3110610185571,37.140833086263584,423.99251020815984,38.28667272345074,4.761732383936957,1
43.06415512266504,27.228806191257206,51.45715900248507,6.130131750521828,7.436630084884264,259.1418703116949,31.76876027471016,498.27572876969583,42.679293803287855,2.8189437476212937,0
51.67288020950345,28.660884377560276,44.49600643558555,6.357847415480319,7.708147923546914,246.02050774388204,67.1280577997658,475.9417887768354,11.453840115954518,3.545271204998702,1
51.29342009419979,25.17226895066333,38.580833861087356,6.049490064880046,6.1349374538788695,213.38732855690142,33.34840417694881,478.5577325990272,36.37864988334506,1.0539916696167513,1
47.23662040206443,34.51306399007845,37.827029487670515,6.658727234653094,11.797614503324844,134.27866526282375,57.25581722485214,608.3869721572385,31.276383319500525,3.020714812500141,1
42.4691589026541,35.83026463924041,38.34815494696873,5.617257400845168,11.152757547489486,207.28187420900022,29.945510626130435,825.6418083065641,42.86120128862989,2.091850531438193,0
40.10672747526488,28.4687319004938,73.08818485761174,5.799355011140897,7.424523506597857,228.48053947722602,78.37575882112515,491.7452629253977,78.09590501571539,4.934477348771281,0
37.11748636426259,10.382694391222916,63.427713810487134,6.991595406837448,12.329159724336575,319.0736025061373,31.23883404953154,1148.0929929515114,18.350685510319614,4.037253181344872,0
42.09795366973108,30.856889672432068,60.183380469869036,5.873001166809608,8.393564049053804,409.5154036312199,53.499414449622016,1083.4054421235323,55.696539314766035,5.1297461969420945,0
43.26345034415439,22.539976507610547,67.92494893712005,5.971028903113326,7.079964554645081,258.28085793361265,2.317608369701174,1177.3154830663857,4.387338077673533,0.7439934980270031,0
48.51645850208147,26.96672449679161,35.4268797802487,7.0859644714496755,9.380501320154785,477.9027623408367,79.17307833583928,434.0000360707925,29.511325189001887,6.321042588050951,1
48.163196485951474,29.472418060566532,57.08256872490534,5.686602356714507,6.727758787414849,430.93998537646496,62.03377748219761,1081.121957671453,43.53918571834232,4.35363490310465,1
36.40216279282514,20.507098429812302,47.603974337477055,6.374947645541682,8.105949250185972,493.92073915349806,19.223706699289565,1042.9872603531917,7.685123571780078,4.085956647168803,0
42.90518630862316,37.51295515515383,66.9464981120116,5.5461267739944535,8.97066686741877,450.4812164165927,21.537337609102515,1121.6846916819684,49.95711411611508,4.598819821893174,0
38.63557734434724,14.019246002493436,38.55536662839713,6.193614798635807,12.814913396113198,346.6903797237517,26.249291850482205,822.355334127847,28.929305896487204,4.7260781987031955,0
38.13625410633611,30.145354218431123,58.59071701219374,6.897962805221509,12.340389930345772,339.3917151266876,57.653010459556185,1030.3112566205386,90.35290122330815,6.89053817080719,0
51.54604299474492,10.130787398697413,72.93274470903881,5.680206559434456,9.542034286004945,151.81045070168682,54.8316333093023,441.02950347412195,57.787255196710426,2.8045866616806516,1
35.83830433432515,37.739533162155425,44.12902857169573,7.27666925355752,11.7966004620191,388.9596995566271,27.38637196418894,460.7022315871911,22.975767641414564,5.162389410094358,0
43.383657518042426,13.375123997142744,23.997325242047687,7.318998085881432,10.54919708943204,340.08274303706855,69.40622919770037,494.8257927596706,10.240592090278199,4.40731637878145,1
38.36407311533036,12.84652690442724,50.96304934050757,5.709980750250271,8.726734840624545,302.77284135839386,88.90411659337312,1131.8310906385664,4.664780143438553,6.912304815103567,0
52.58660431356948,19.990228991567328,40.758349268421554,7.481464872751554,11.806994747962278,377.31474902291546,4.351547765353847,448.9354795107591,9.169593793769044,2.283308747663553,1
46.140810265500704,21.206988581172418,60.333522832830496,6.095059106790978,11.467993235731024,277.6191371351975,41.71966378226814,480.1196213592888,62.20535743260401,4.128033090080088,1
39.62761272753696,16.42900216968636,77.06197548491636,5.668203342263212,10.952755537548816,309.5438649633145,59.35201185448099,1144.3283221036218,77.94930483949061,6.036359128708078,0
45.04854574332753,27.55364982781374,49.13649907981082,5.5101342289945245,10.943644168346005,259.34092192130254,58.64352035369994,485.91406546582255,15.105980323997008,4.774242095433073,1
49.62972719406231,23.287422941258907,47.971413809332034,6.317045791527725,11.463855938615815,386.9483573482759,1.953534698951076,1095.805038980299,37.1921008197479,2.351398725807547,1
54.162360178388674,11.025267671232623,59.27508801148762,6.759619971412235,9.076364101140307,450.64438821915525,21.056606584860504,1031.416630449829,32.88118088763024,2.228810214690867,1
39.40892008490838,19.589561867659018,26.20985021561406,6.164358499806626,12.952606520541618,436.33797565304104,6.183072131212153,432.22559082572343,59.00662820692654,3.9244916264805183,1
52.723635442586904,34.312987407195116,35.21037133550088,7.173434730949245,7.298462763971687,414.4101088197875,56.89650725499341,417.477917511704,17.441009355130255,3.52096632555355,1
53.686082283349805,30.69104604585606,75.13875953002392,6.9332125511301,13.071083705913232,105.51508181782037,64.53898876694672,827.5107068108746,86.79873794027603,3.8937359953276327,1
53.32841089064132,31.746125607396415,60.19655680182598,6.200323063936065,8.738254744255954,464.75218555098377,15.974216342347757,1197.7403230134137,66.57007437015908,3.5182393824068487,1
47.708287137238194,30.943507722505707,20.806642639004977,6.968619333217209,7.00025292486898,209.95028828935756,33.30111193420726,1103.0641280791892,86.95646909961806,0.3757770584739414,1
47.596413088694156,19.329190641491,32.27752835354119,7.380975473938499,10.80021922143304,455.1895771853504,32.9803743376021,648.0203466970277,25.963232045802982,3.5593773067915886,1
43.06421266367646,12.989917662303277,60.97023596173394,5.686191997086034,9.007893352563242,178.7872412357506,81.98023315897835,709.0473872923228,53.89440740727001,4.20873379417515,0
50.04795764607576,18.17401552099288,65.86395215375445,6.1122079203152335,12.523997816828153,275.85830056989494,19.465940452913333,710.3247969904809,66.9041143399302,3.2703205584071435,1
45.62588036701864,34.95355900555478,70.39157436044252,6.426651878233386,9.446283748230138,399.7595177307655,54.83141213256585,987.3430527240118,64.98606004909604,4.819084386030221,1
48.54876142456589,39.414123933492135,37.53060820292269,6.495980255509537,11.34850020449688,356.111578110869,78.29355125008843,672.9062021299069,2.921148948552717,6.4337245971137245,1
43.56915807697591,24.81541044224684,75.86171577665377,6.584391289772148,8.466063916038603,266.36877521177195,82.95781928970479,518.2376491002086,90.84602471408965,5.470340943285673,0
49.62992928086278,10.291010647691266,53.17681361467354,6.101253813077297,7.675619000202721,371.44954269611134,66.6566094284733,997.6859268668403,84.52539754919066,4.121731583921955,1
51.48943035209098,14.201344364026872,61.79234134327358,6.834519291964698,9.10439224759059,319.5798040186558,29.952775226188287,766.4124945960837,11.777687314534965,3.5903516434054805,1
37.92872513205632,19.662417259487974,55.804331766794476,6.790169007059659,10.854462676819468,210.29452265421293,82.30465748288563,461.42297894917357,49.92100968656534,6.848347341372094,0
51.65859431148456,27.35756045778849,27.364403280477227,6.655643012543228,11.255573913690814,358.53177819885593,74.21660271001265,1032.0418147936487,29.31008097874745,5.318970322266648,1
45.80593063580615,12.252809374159419,77.78687956309278,5.727523443421753,10.625653322384146,181.69883453780935,70.44691338292692,868.2490111601834,80.10046143318579,4.097019516284837,1
51.89331818180449,38.30071896129645,27.37253479364916,6.4539357821918895,13.90444574899287,377.5953137036662,6.733539888500717,791.4954602150274,63.776766752933874,3.871071225866134,1
43.626034126820294,20.95251019853202,35.292917384671014,6.212453774978751,11.528721491961322,101.24435104929712,4.326488065154955,938.6745337178238,21.116544105915374,0.5862167055233534,0
42.5808097076607,37.377526537744686,68.8176728133788,6.482076939676245,13.452157020775342,319.5090055047079,69.53652977015795,804.2941462562931,4.047503083056171,7.301647082351904,0
53.30121465034445,33.41565408271065,57.11581769006609,7.343732871030052,6.943465559161396,260.4270510224564,94.47948012339307,918.7361183907993,27.25676223532967,4.7367254199053015,1
40.02338535096803,32.66311817546743,70.28894992258142,6.461062686316817,6.490983438507831,221.24150952077892,77.37239280630193,1093.9908362922574,4.432354552705426,3.988370951276946,0
51.884246505722864,28.20158739346696,50.9441713024427,5.527961583679024,8.48795761609563,306.28318689385503,83.14755664936885,890.8114944889003,13.717964169852605,4.178451513848246,1
44.68041145018808,28.80351451155534,42.61959412199809,6.377673476168262,7.0927115070113915,358.1246530143552,54.49822808497904,927.6803982834199,58.25242374523402,4.006872185955638,0
45.28190885102519,29.140097056487445,75.3107299728671,7.141296360098764,10.206948225826142,486.12490648538596,30.458614408807392,891.0848555365397,68.05765613062223,5.1967498302324655,1
41.16936562978968,28.861641610767464,22.17513905088769,7.060121846436337,10.15185002818623,433.22579595523905,67.77368967668842,824.9438221066373,43.12152100051834,5.294747733717987,1
46.46084401238031,26.611846941950837,71.36781322118276,6.526780147056362,10.600377331551602,386.8599532335243,71.19708754926926,537.5779287803773,55.025908362471576,6.765897823111719,1
41.50422392552423,39.592420554486665,33.8490671112669,5.99953802571863,11.961823046648583,291.58676467165856,67.5357971694007,668.5421148470923,15.029653263940853,5.591229054339383,0
35.78538828483305,31.968717022770882,70.92417966523806,6.43017732582909,13.77063760169856,256.8576478657417,94.67090567193205,954.4871738864978,29.51156534794364,9.55828999928107,0
40.43997210688712,33.308391651775636,28.351796805013137,6.6274044388363835,13.026069531513173,113.01186183439889,36.71790332645565,740.3808853614217,65.15954625499785,3.6072928209481376,1
35.127580868131815,36.17388445251022,54.81313782143243,7.499742876548268,6.946937916604653,243.63876122361927,3.96575389557835,724.9032095288186,33.84020044765855,1.1804844972529311,0
54.56709574113714,16.469192881775477,73.28647514068832,6.788356180338755,8.708109510165258,439.3508554690466,90.84443527574095,1007.4154273044463,32.39301012290105,6.4362685556440065,1
54.31494419639495,12.514124772851822,48.41237881393343,6.888529860125227,8.046584200384334,253.60983279051598,16.04991188540813,404.455088498929,18.459337332344106,1.0950861284478393,1
42.9031059494461,24.48683309795796,64.79400042820357,6.4829082871361035,7.414538862238342,284.6339996248586,69.73183393874325,943.1955841962708,54.53423884587171,5.12686105412027,0
49.56741708679292,25.422420868578193,68.28029707133351,6.20897910156506,10.357799013246275,208.7337696099619,87.32044397726844,791.3812083920122,73.85847454172782,4.721019137903793,1
41.9161219682085,34.87545339849753,64.18965252300674,7.125905967294412,10.426115216261845,209.6531035253467,31.014139801463514,701.4100649970817,43.25005257450721,4.181889670791721,0
48.42186314171952,23.31350737847007,75.5197842124759,6.489864648678473,7.817958623104491,124.74870435669936,83.04152408549264,672.4292892588717,11.398533082398028,3.6636607740187266,1
51.10860086091958,27.12559076632938,46.81005383119572,7.48938025992905,11.695178002453485,345.5215702479203,33.20581262714442,538.3003962521357,76.45306887185046,4.503152226343767,1
53.935124893844815,25.812128155403748,30.387526349909347,6.414241148536088,11.863314393356042,279.22776121813854,79.42579282362497,667.4016661988825,7.425739414138003,5.14944212185474,1
43.004245516993436,11.14608351272173,22.868663822148786,5.636000567295155,6.1678399586714665,342.38432299631785,6.982986297372573,713.1347776882983,43.45546358810805,0.3458042499955192,1
50.66595965912096,28.45644689790742,34.78759217825031,6.8651562741801655,9.166061629778532,318.75476001154107,65.52429986709278,749.9591355398679,24.496960254152174,2.8391329608839655,1
40.31856901264238,34.84129857322757,28.591850232814526,5.593282901851622,13.121125129612969,419.5378349188699,67.7138080578796,937.840510942022,85.26863406880761,7.153334410070876,1
54.80664607587296,14.725016442274114,53.47692448606883,6.001003193769407,10.162548865950706,400.4047649245891,49.14258300809564,762.8568155384039,67.37888781536856,3.2733521157958894,1
35.515391975287024,27.829952017797872,31.09672023270392,6.207476505559807,8.781022411511955,408.58154125515176,68.70908638627108,1037.0274433786803,51.976808467112825,6.441194111897743,0
47.07057613002242,27.80831633339243,22.33602243736227,6.9789671712426555,8.029409212761042,299.6956027766702,92.3183670553841,911.7903979026996,61.097989662042046,5.889301540195748,1
48.19011963302654,14.925548921690762,22.159389732120072,6.488471852815225,7.946836159346258,241.5525405415722,73.38548249682279,551.6776635952715,48.94545365312415,3.035317622109897,1
48.76091114148258,13.70390721192208,69.8941699018917,5.557291862620513,6.798144270806451,473.37463621318113,96.12960289846598,621.7385382164108,14.284085069746892,7.052386437107018,1
37.40775157578178,39.40155828929454,55.48699588658149,6.733699702551844,12.537811352744736,121.70790948662159,44.86123138520718,463.39934915310835,64.81888119968845,3.8243833524253388,0
53.77059566946261,21.811575089591127,41.485118113602695,6.322872474853325,6.69325924315337,161.04852314009213,52.829073170395716,1156.5774039386579,45.340655704254225,1.8684734177234406,1
38.62366558100165,16.82265186170588,73.65368256441482,7.3436690199342145,8.338358126894526,267.8396368706559,26.37386972377068,1109.2403849834132,58.08783441904607,3.184701942420566,0
47.45506806479682,15.139736333631248,24.21179668446282,6.499124622280471,6.365405908530826,345.58306102720445,98.56016678008685,467.8369803607497,5.068149757954299,5.3310543392042575,1
39.4535215824617,30.028051407497053,78.81932436366955,6.917950291878678,12.251092557789605,103.28014992268865,5.513673516127238,859.260812677968,13.783131330692783,2.802955981350245,0
41.14432834042542,28.283358919818365,56.97750741526766,5.937736984659094,6.314269457814324,387.72912772445676,35.86204176168103,1168.3214550886548,54.04334283387913,3.8458479743914755,0
45.929170834562484,29.306563689622525,31.007855238130908,7.021947129063307,8.466408830945667,323.4906171159659,29.769716476861284,997.7142319569246,42.34860127746544,1.9802553475669586,1
43.34386837129153,12.640180825343567,60.74414593861811,6.941910620967345,10.586378960693313,293.8811034707701,38.651171312805545,793.4497551765381,21.418630205828862,5.0126185636511185,0
38.20451201953013,36.80603750495311,65.80287558701376,7.308163417082616,9.27649088234755,269.3980155311473,91.77178605198655,592.8823911253079,22.66848284801993,5.850332050788965,0
38.418728048416966,21.67799190427145,45.76056700224647,5.567643283438398,8.258168537992804,307.7948126962498,36.803787406851484,623.2296600650365,57.84924813003482,3.525007158056658,0
43.36289576325599,19.40108219291074,71.69795637473284,6.395001395234902,8.201512579420333,164.71429379269904,91.69766527000004,988.9903637370885,6.307032423616657,4.996789291009554,0
50.145659565510016,23.870843417432177,29.04394443778822,6.8583108054792605,12.382322448049994,143.484695710793,42.33388616632027,1024.4602185950773,40.08325098012159,1.6228137841035553,1
52.95929293695577,21.701981972428847,36.7302550146565,5.69032780016043,13.79182476069796,215.85499150073537,85.47687692202082,822.9546594811461,48.079315425394846,4.60498040809422,1
36.682553245187655,35.90731009417438,25.609541695039386,6.321208134297825,8.784328563590346,383.80191679412985,52.17500985006688,496.7589612133638,28.732834246810068,5.044384212544104,1
42.86207815118802,37.87782925593676,32.65267043644113,7.384293206132391,6.313164108872132,335.31515353419854,31.135284342831493,1147.0946989012757,74.84948456431026,2.2327970506949106,0
37.004911274457534,19.103596493488187,34.323728714668704,6.3718689817822565,6.292526223272867,292.049207047605,44.93497989678873,1075.8101876533879,6.109262431195911,3.9222843715405946,0
35.33184961265196,35.91807422379864,75.05799145530261,7.470809566961263,12.073707321685745,328.6083863583841,42.438107897820345,512.4310232219383,78.92045067222557,6.593473021320875,0
48.23437365287913,33.445693885992014,24.686581325069373,5.613678122159639,10.418958572873017,323.7032052157373,25.99140620855509,445.38206690308175,66.09366935989938,2.3808604198608703,1
47.048988839331756,37.92423017034285,45.64490721126256,6.935659552281782,12.268741259338643,222.81677019597015,28.963872999190677,828.6941461997869,41.16289410398772,2.679923034044668,1
38.260382276297726,17.372509365576633,51.94392123361477,6.662032472496539,11.579976082308598,138.98237889789033,18.645392131105442,627.3140941836208,84.2020651191257,3.169454076727523,0
39.67625666186128,27.308774503629373,73.92158322812965,6.501079354264251,13.260050794123172,458.7129474652202,33.600055720760835,626.5997675316544,64.20144668452451,6.530667183119968,0
35.47415507289037,18.236337542213338,79.86177311967282,7.4416948029700185,13.086594328372989,339.96450504956584,62.44058032491711,469.77727420032943,84.79408146931395,6.548888644258015,0
51.698944113888075,34.72283471453123,65.20328689519015,5.759300800982257,12.306619164969419,379.09919987234065,38.65581687096312,1162.7086682171098,43.53308014740095,4.890897675245169,1
54.49381192097103,10.159725717131927,78.24745943414177,7.2919979033618265,9.80151328033715,285.59888974678205,71.23232109262922,1064.1331677278756,41.76757908958475,5.168386127518428,1
37.70919073589381,26.944574886591884,67.22606795215242,6.88248082227322,8.46501126083082,402.592231990625,98.69781696879531,491.06767350073346,48.76683683015609,7.666588132894203,0
39.62950427530596,20.17610293815754,77.792158458285,6.017992146599266,10.05621429955712,333.7989055914669,37.7101079484485,1101.2790141206642,6.888403358722237,5.905061328705532,0
52.36819047893868,19.680511212334608,62.43624355666731,7.303338291264587,10.01657285855859,121.52044883887609,46.26392140896169,946.3648447705096,82.76448262029726,2.192094355751791,1
53.529275959123694,29.347189715947508,24.785805527064262,6.358589835722027,10.882204391114701,456.03881415747645,16.411015694809763,660.352905462887,61.09453464776657,3.022587036807085,1
43.39254765613621,35.54453347941982,44.11521121956059,7.1284546561461415,7.488780542263233,222.21445871515476,39.22152857793161,1097.0004435321055,56.58271101184317,1.9559053426008408,0
36.012449445381485,28.275861741799787,58.79583702814822,6.2776730340948,11.24495904355991,155.1563109685342,72.68324507906794,878.4177502255667,84.38171828235072,6.22105315196364,0
35.78783667385639,35.59518935940167,41.043110567255056,7.201861654866482,9.652807393646526,135.2164030817263,21.740479974246284,1078.9358754675088,90.4273459847548,1.1935560944149102,0
46.478997321380206,17.937913356430897,36.40303508682672,6.773258236890097,10.961638655526873,388.1761255368443,18.205404865522922,775.4143395898019,15.705405159262922,3.077807472594076,1
42.85790217786358,25.585055642949435,54.64395602798546,5.782093267167454,7.916838583356365,381.5873467217439,37.637487364919174,800.520832129462,68.40972864145212,3.3911786354027864,0
35.57304855155309,23.516096172012283,76.0101126021461,6.799326326939055,9.47515915101884,380.0648499253083,81.86494857177314,632.8080235287649,53.195065703954754,7.135081831641166,0
46.665047846251134,10.349346985092886,22.098912410969213,5.8826895254037455,7.681609715620162,466.3011090726264,62.36571897114834,710.1541535557666,42.489746973125165,5.051489689778447,1
35.22605073178045,26.704364294222202,66.15387221248626,6.323845255788325,13.002441254054414,239.5772087990606,95.75793775866063,854.2016553025771,88.9851341482431,8.488211171803131,0
50.74743916298546,29.845729724385247,63.36363668267763,5.8405911685040675,9.9036883603323,324.45322254356927,90.45404349276255,1157.647378966894,77.52367100396019,6.354604617290491,1
41.12865645406743,27.757432132572102,77.83720552329723,5.544032231334237,7.799851324590497,347.7982331977398,15.113719682324234,880.0942079745078,63.70749856841223,2.70477182333984,0
35.80516006018464,32.088396963502646,75.84267333995261,5.923773078899915,6.32966956593237,491.792731426585,4.255277460721462,517.9025534243149,35.44085504711256,4.186770370445551,0
46.767044419663065,27.140185853592314,65.73395372265156,6.572744047448252,11.405909317228335,224.93845748743672,39.90947341947542,405.5969483811894,60.94367237392159,3.856927612961961,1
42.95368828866109,12.002507645522709,51.22452588095592,6.4631219355546925,7.717157711918046,482.5324799615762,52.20794788186396,1080.790284406944,48.85247112034632,5.260414036905354,0
54.47600826714299,13.493365722541343,32.25605319401119,6.502994191072127,13.916657538550226,159.49373323295254,51.55706152187145,691.4603386929225,23.44316047684289,2.905378962369935,1
45.88397325007404,27.89423732631857,52.71414309953446,5.995373756893203,10.269602987321374,405.60058241113677,13.41072677710553,651.9727517118663,41.534319083110674,2.218342426458234,1
40.50478362074016,18.249375759209205,65.92111963517922,6.870322401228372,8.311815969984256,353.1543600081651,12.481743215461039,1040.5848983539054,20.099077129154114,3.6078353135575,0
49.1887772926795,12.389353871042974,73.74015275827358,6.908526573640692,11.261419470341043,426.758414908795,4.686075577920368,1156.2914392718685,46.03782638846661,3.9039115628132453,1
40.429840050854224,22.888082303456404,67.38272055263295,6.215935651119331,8.201759387504683,111.47422945593885,85.08599260554004,998.4360706815651,65.82142683506085,6.232943962811911,0
53.0848658281513,26.629677942509662,31.71601611146324,7.262340176948348,12.562194351277972,131.25241717562233,94.77441380681788,539.0778503291458,4.298160143721606,4.334752131740666,1
42.49443941014753,19.862379650488197,55.981178853683566,6.788046433271096,8.465888407439536,127.87831182765834,11.568502021797167,713.1026348728337,69.88417383867868,0.5339777362287924,0
45.9973712555241,31.61301106677334,39.93040757188142,6.926078550517263,13.905981859167273,337.1837821989151,21.31223685491116,1007.5188419477925,2.799459280750896,3.0699907974181966,1
36.01146207648458,29.31311824303734,20.55234004343858,6.054679835877879,10.841158283562349,341.17442703021516,8.986288473491033,1125.5406517364586,47.554993266339274,3.4982810080437674,1
43.52242475904461,19.98455083275016,32.013256147319964,5.501223270311174,12.755289191541307,462.4419557419905,87.7502171140835,1198.8800511597283,52.612903643514706,8.067180758572848,0
51.6472707932199,32.646175867256815,26.793238996006956,7.230751224204219,6.582523756627378,287.04140580737794,95.87087335362409,809.2487257105486,69.51191136650118,4.846284089273698,1
51.11297610726684,29.460851275991065,70.56314741236811,7.144848769159617,8.786395339089506,127.21962200198558,26.179657672089007,1058.0198546735598,69.49259410067351,0.481878404577103,1
39.486371177070524,29.12336136153706,35.510375128868716,5.74638377608566,11.899896689329196,183.81176064900617,30.358382993537493,437.3053142219073,38.570990125861556,3.3013272968134224,0
39.521581420211255,26.60283102361204,37.081878133253326,6.248210269912613,11.240472138724662,103.22923792713716,36.266968441293955,628.6597998039744,6.973525980859119,2.4138882345267816,0
51.34610624426473,10.341690042656584,77.59619430793305,6.822678616777165,7.553944971470062,410.685810051362,50.24637593807313,697.2107226779915,63.41501374982355,4.991820819072935,1
53.60796840338651,30.895215504306673,42.74520338293113,6.804221714437457,8.849623444077679,426.2397747523098,68.24609786449268,1180.4190762255153,46.988740665317636,5.087214055313803,1
36.90721842546007,21.281253733274696,20.575138408663673,7.220700669617113,8.107547259900327,499.1761665136544,50.43905832546242,402.71491857188846,30.975261099679138,4.530210001667426,1
44.00117278852451,38.27829130475966,37.030768900768194,5.780536323270857,10.906961358094744,264.8777796212377,95.10015816762412,646.4165902100744,22.138640447769138,6.061286293738898,0
41.74908557928458,34.53954313231616,27.157974836108746,6.359879495570238,8.756545835670199,107.719350160637,9.989345852149867,1144.329807690323,11.778239179942817,0.1,1
52.41376910914879,27.630834085939366,26.168513704151238,5.6944488358528496,8.472433936002798,193.89195259614888,79.8605512275063,645.342588035209,27.562824748774478,2.383470287905782,1
36.670498293600374,17.565459454578082,24.64923740814497,6.2791904968772565,7.659023843490734,335.10754706531833,33.448309081347105,580.0534126516615,42.26406626127637,2.8151144081317776,1
39.22251885116075,16.111521798329996,55.595568210522636,5.530214891175409,9.272216967317187,484.7771868210946,37.75476880865476,984.0708091487868,43.984825136132706,4.931917225246595,0
50.049366751729885,20.211545130326474,31.360863417791517,7.2965461302202534,7.564020721572429,141.43142058831774,70.88294437102253,996.2711143998922,53.446503827330744,2.03746943579979,1
36.025876979624314,24.297038307400555,41.67456764246063,6.554087993657362,13.700556699021059,148.62920806429713,92.9377109874379,777.7423061180068,33.62217124186455,7.232237429188729,0
44.85070761428578,18.881965301168414,71.721062967801,7.199604521604707,7.236014491962427,380.7035941115772,71.62007785535768,1157.5339758923387,83.79080823149168,5.45425808077148,0
43.8421406935944,25.447884861774483,45.460288387776544,5.6198094020067275,13.30643771967021,366.8828220086198,77.58605753793967,562.1656636334735,45.62826517743562,6.879263253566371,0
41.68802357977497,14.961112765395578,74.94148100309826,5.954916220945841,9.427784785252655,200.2025421247332,75.07792421587989,1130.7326671836781,39.135253610661,5.407530069949092,0
42.89144630637848,39.331384384765,49.87628320373638,6.018759990442361,9.022927932493776,425.2579164058076,32.097860598372485,1004.4064612202366,5.335117151633476,3.556698448900838,0
45.59881173860466,13.237736648949816,43.930196890385346,6.273382989277576,7.850558407238791,151.51150219098528,75.69304331822478,694.5666726832379,54.91135739195954,3.593915321449196,1
38.22734716776766,37.95832418963116,65.02333562544209,7.105732744795092,11.086050674940154,470.29673791070394,78.45207602198016,1045.526895778699,55.25820424600467,8.902888043460388,0
46.439917565671855,37.40734034208084,24.390505926080124,6.2731157474629855,11.48422412008669,180.41277213296854,53.34003206505128,506.5617411310031,53.49606670276327,3.203045838596271,1
51.10864658599972,25.76081445458494,25.368702978945045,5.909307059292654,9.74056769801934,132.540949089202,53.67562386668163,504.78599455458186,80.88372258473984,2.014778408861989,1
50.20321859580318,31.747308155082532,59.11842283537764,5.629980520677536,6.445655165547393,235.80883458954185,75.97208030624839,1143.9497625979247,69.6610749330361,3.5466204550056486,1
38.07799809387547,23.081448939177633,49.2164427943549,5.658983496705375,13.3480812055084,175.136515413818,81.70308622244075,475.82440627632934,79.06650576331842,6.677825806238631,0
37.984989394829476,28.901037326273144,67.42491501915262,7.020094411921955,13.842633063011048,310.7764900144132,33.719544203067045,403.26368547952376,6.348030121893763,5.75850065397979,0
40.36348735489827,20.21727812263356,74.97625024061188,6.389605982073266,9.44834732169468,374.73861494869044,80.15622175752907,711.2243932679216,29.631378902935776,7.670886078683091,0
42.22149452682074,19.03477059356336,43.30201266029285,6.952362244000031,10.909286459274618,296.3686313913165,81.42090066754112,483.0807795457022,29.684074932523423,6.3861353904024645,0
43.16911162816965,27.34689358508541,55.784601595078776,6.864574243527395,9.602389009949974,364.24293272439104,23.412564091857934,1090.429194595401,60.1340551991758,3.910424621040971,0
48.59394433666691,24.94389022551941,50.0417976677186,5.770724923520516,8.575037207088965,245.96820575999377,71.6950745316716,1138.1548107543463,41.37535438340592,4.122878337377346,1
36.133608643316705,27.386091074499433,78.89663933854598,5.785775868384534,6.618550342862461,111.169038895456,18.653392183615836,785.9410914851302,70.97253429268376,0.9116522059200138,0
35.69345408452133,18.59981743861069,69.8650644413957,7.010684030868267,9.648541843178391,489.6256496900596,9.304911298812923,740.3772264080295,35.59875099901253,4.264045007009986,0
42.83821125887818,21.00873495450986,74.7042624966412,6.942536586970834,12.547076450875611,427.76540181599813,57.45430120502276,831.2314215552735,20.94468195811679,6.871343311349265,0
48.94327384275961,12.51693881886728,35.26040525465625,6.256061533748621,6.136251688704029,129.36752963385123,90.8652198783399,580.955699875989,27.185596146485057,3.883808489378662,1
38.86870685912965,11.568291168166171,66.35158538975566,5.654844526665681,10.656861465441779,279.6705584625338,3.5459023525763245,638.3726891362687,17.42227535357329,2.5434747882129485,0
47.830089625125034,17.603713890190487,35.928393499858934,5.524196043396905,13.046176869813511,354.0076280287499,82.65016375949217,480.78173638720386,18.810342258661002,6.4808589447111205,1
40.19656275880599,12.227405779916372,32.52455200570339,6.076313898923489,7.740395440114864,176.23770822905516,50.647121070350664,757.1600728890907,20.515502388758634,1.6997149038183506,0
52.721722176270326,13.113241259042221,76.65596957933305,5.518444547174454,7.4660469175124975,331.19544454510856,86.08954487212299,889.3532980269274,2.448524035650207,5.060895273101675,1
52.91379888533233,34.38785216181812,21.158265003072,5.960145242207407,12.178213005615545,313.4594472470748,84.34769351710469,1144.1789875132818,65.44792312862909,5.283336197356721,1
40.94574408562653,11.166210910500679,77.92332221980578,6.339001480422677,8.040691448954346,183.3060754138819,87.52868048162887,991.2585365014066,36.9642108044022,4.301823359210401,0
39.59987507926481,29.76828381804228,28.955713819328373,5.742831530623908,7.535874140485188,156.4841237109813,76.88739548066734,978.4509868425494,3.0404198693646016,3.742992010624209,1
43.22607944132463,18.176732464462013,69.1662849075961,5.708555515663092,9.02391400455388,403.58491584745497,84.2992354546995,646.3991696752817,34.30067900192562,5.990320534404167,0
39.81063170360297,36.146370421243795,36.55535318408619,7.292874871437473,9.140016098161745,229.0345784598535,17.602520720120364,1110.6346380080356,82.48313144038708,1.4453393682800213,0
48.44767686583407,24.549768537324987,41.04213964584365,6.670940058045779,12.992808504132528,197.61621353689733,30.385314887494165,1157.564557343998,47.01198852707003,3.385879087857694,1
51.521293690965706,19.167293779834772,33.005462679319095,7.368911373525563,10.947547775469415,395.1513411223955,24.24861708072964,1145.8103492336295,89.80768102117156,2.8101558768023653,1
48.46184261822434,25.529168070683035,55.13084254886478,6.191652327571358,9.247691650716714,394.4274768091928,74.24283037280604,431.042421219508,49.59634886902506,5.519902535784517,1
51.48700894498699,21.458740571358064,40.88573285047244,6.854289874658326,10.275103714286136,210.56066253449166,15.364311936713593,883.4805090432172,87.65190991459576,0.7600632369054385,1
42.939843244149486,26.929031940094905,59.443582369679795,5.909383349243581,13.631721866602193,449.0273845007415,18.222779037778857,914.580084580236,19.16206559239714,4.9834574686593855,0
38.12633941417722,13.435986049790447,20.93883907652396,6.736680634559883,6.905717412879163,375.30006602893695,87.89647207219426,636.0521281732028,27.094133144743086,6.037186355783173,1
49.759018947951844,39.90971508437653,23.862493010902377,5.759171460019969,7.6617241737975315,238.30568712861523,70.58821929128382,1193.929746526344,63.99730991617853,2.26498598046729,1
42.209490102831076,22.766676330901525,25.979669163874917,5.504161278352571,13.700229652692443,270.9958600738636,87.53799779190868,632.9499670548471,89.81394552995019,7.0178694122380865,1
48.42541650458265,20.44691919122106,45.13962111861386,7.3630636028191585,13.658598788217633,390.68387437224715,13.93552582606905,573.2893265448446,75.27676699174384,2.9747640538123776,1
40.41287883963531,31.306295449487948,68.88777035959856,6.609788752350418,7.417323370118181,184.6335331581968,39.89804045613023,787.3165203545534,50.8334749008176,2.115211679740962,0
36.624592696133455,20.916982194859976,73.29067462270297,7.353881325564079,7.160870537002386,287.5043169900896,28.315117007631763,658.5179038162748,8.663735292302377,3.7360416734352304,0
54.85163590975527,34.99822915086273,34.688644403654045,6.167663047404144,9.36868107470896,361.42333690323983,0.9681085279649504,1139.2235678959555,33.79411989998145,0.5743766028067453,1
38.12403015861199,23.628121730812758,54.46218345434084,6.155572138323514,6.397746339903753,315.7994192034853,28.452296043870685,752.0613850518182,8.778313053693154,3.0081905755094684,0
54.76841987926962,31.586752397963046,66.10189956155602,6.301310003546064,11.23922825828112,343.3313383617973,37.95832519778794,728.1196437380668,29.0153225679854,4.089501957850052,1
54.545598651328945,13.223596493256597,37.32976579517652,6.912081967916336,6.6199681732939375,318.48499979071187,9.221963724271188,900.6897040868,24.291289059879208,0.1,1
50.876362078160795,35.38357556665335,44.540464204176395,6.631617268372349,6.464237016754246,179.69097751600805,56.64875578268198,464.89173700089873,35.96997669730465,2.015174032546417,1
48.18845924163995,32.0715396033433,51.438452161142834,7.350709814198236,9.881495489670794,264.08213798904853,38.31726624726331,1005.3863574532174,76.3548930990927,3.101644765930805,1
46.55614100502169,16.35150335385897,28.092490784482862,5.550881802264879,13.662293088880812,312.79419819101827,4.646166227754545,1014.7190574438971,14.53390041793421,3.086643882837532,1
52.322030907556695,14.358580292373599,21.558937623546818,6.916391875945073,9.414367488505277,412.02509693837845,70.39788648679767,779.2206677821341,28.545755396824678,4.375655623891828,1
40.78879043238976,19.48877046176873,29.168348559096994,6.160655378733109,8.851849269284408,361.56169486781704,72.92798338411035,1164.5583528003426,24.50055198894468,5.297789526063477,1
44.35362424969754,39.282117580957134,57.611217275212006,5.860467303636923,13.983653724018287,270.6363780743739,83.44714429694349,863.4712886365982,27.652748242321703,7.211303238663263,0
47.387799387330034,17.70494723701176,24.4170956920209,6.520791245040198,10.255751686233467,489.7599328636582,48.55405998669826,956.1891633959926,33.4561127326383,5.265970802730953,1
43.223809517389824,23.683816268399,31.381781891007698,6.510127568359992,9.001931255121988,143.11820867189007,96.86587973345098,1139.4759644024812,22.988057494027462,4.920492054738026,0
43.54972908180536,10.900606771520089,40.27123314171823,5.774022057376857,9.086886506732814,182.72194742198735,91.40641445324565,933.0762747398339,85.83231450008108,5.6419700286545735,0
41.60569335004169,21.916825886986977,24.67220385838198,5.90379211226578,7.559675968268084,236.5250440126656,55.13516251001316,745.4608061804377,38.80915425213892,2.1104134317229803,1
46.28463633369072,27.139600462993084,31.501956269698066,6.31632932980311,10.09778445958031,191.42883079516406,44.49519310694172,419.8169405065187,11.270193867754134,1.9843930712800049,1
52.01149056030232,38.59373837523896,74.67618733901067,6.317622824784631,9.510840225344047,350.17679872240456,0.3034427902922854,982.6394525054475,43.08927490245888,1.0355837301616684,1
39.03056756012626,25.502081348201934,21.157947933619084,6.135116279239369,8.166362370779307,115.8202917345021,71.09945317392338,1171.892809280836,17.598871167522283,3.8699440265854057,1
53.688660775068826,34.573219785330636,59.20591545046173,5.797090303019962,7.284320692814078,170.97471370936637,56.495450404969105,776.1880988287951,20.451757825118797,2.0990254813901683,1
48.78175307496459,26.413829277067016,43.0645358549111,5.508747358201959,8.48991094934043,217.33889506344175,93.75441454860807,671.8149102306113,26.653727588034943,3.775521719509401,1
51.4654642536006,11.223550403065543,60.358924365942265,7.440470124856041,10.069466621501835,373.3383100317266,59.423212524124416,815.4075411310228,12.228387042335207,4.507587396766735,1
46.123813852600236,19.45024825569322,55.32150322180427,7.386998459407854,6.466666178278413,450.34595303245123,99.28560938927299,982.7497645477274,65.9007039322,6.543759600009433,1
50.590334028481266,27.266485234933096,33.40992526127866,6.467300758352271,7.229952228671648,419.3967082212218,85.38192718632904,400.5523795856394,72.2751827258124,4.2814613656395135,1
35.324007946789344,38.51781897793373,70.83256925440331,7.490103506550011,13.581258135752762,172.83237330010195,95.35979358149531,1109.7693781854828,36.485642972404,7.708363507308391,0
51.3676084955907,35.773910792536995,49.5164229565614,6.847308661564487,10.342842808250712,326.16230337642764,32.766277128503894,1109.0902877426574,63.00932854901907,2.441605373635091,1
35.80277718170733,16.850668425365427,69.35216113480831,5.637715075215083,6.507594429280303,112.00905813787489,14.933599476726645,833.038346886967,36.00588611536261,1.3239880833018982,0
52.79826752725725,16.603294900574905,44.36075217129315,5.7354363981652545,11.544702070156584,224.21471014114445,79.68721137951253,497.90301294048635,15.766959127272756,3.893124738044623,1
54.83925494477286,16.035189013417025,79.08113323491435,7.332221687739276,6.494422960632278,422.3935179313307,78.61971029691325,937.444635690897,36.745125519815055,5.049626783097868,1
40.88134924353555,37.674966889075094,66.22936151007778,6.760104404299257,11.910993816370983,282.6662854973358,21.14489394055632,510.2765303706507,51.12886559334755,4.645558346011094,0
39.206371125715876,35.57998459305162,77.95701230675441,7.186367253314702,11.999701773760215,159.97652891033383,76.47446541349127,806.0377211461446,4.689488266920002,6.486045581498063,0
50.30726727716082,33.24650296758846,50.859588734591526,7.296539299267689,11.20863180599402,275.42135259532506,58.197335804140614,474.9039775848936,59.903595161413314,4.3176049919683175,1
40.060526818405066,21.782053426726826,48.42146793744203,6.395884022564772,11.857636356954798,179.2131701848913,10.952514490167298,871.252270638001,67.8347172104307,2.4082728930437813,0
52.31124766344407,25.131421128963005,65.32722855951548,5.597051903153386,6.703726248104462,257.27658314558516,50.17835975702087,654.4554600943899,78.3973231937705,1.452142165326236,1
37.05685184314953,23.929952343854584,72.81747578080581,5.876560697794644,11.81424441884214,295.1333890991374,93.11380008386784,1064.7931317900022,10.249350422437628,7.78042720268788,0
37.51910392758717,17.60194322678118,77.84874775193347,5.633143894604871,7.093506557791064,239.82324500441138,50.64575454452288,1039.9569009667318,1.008423447244511,3.8375590795446874,0
54.58303110201231,25.150841384463007,39.47311436194998,5.877479691397014,8.71604725817475,474.78758017354437,78.86989895534721,1198.7791003795528,7.5939732119946095,5.227597617602788,1
48.47677796540009,10.914896435582634,67.92227443055833,6.321065852911754,13.541962028005063,325.0121190225528,2.890998664195654,606.0025397634918,84.17051234074974,2.461774991158939,1
51.93774448857906,13.954311204923775,32.6387358581322,5.736393621029971,10.023003821273122,437.1570695787587,72.80814128625937,449.4408742236643,69.90001489371349,5.438979218556635,1
41.48658754703036,36.597687885068396,52.734460804726716,5.833466495610686,13.739411456664111,404.2914188222321,94.68373861374772,754.4026121190759,76.18920820850504,8.072647591298674,0
48.52967499041209,32.5503930109427,30.79088890455195,6.391643564143358,6.7113796710939,364.46652370711064,49.95277848929358,466.72266797325665,47.5312417449375,3.9085115483740696,1
46.88483654617194,22.68605227177261,40.84384170502033,6.180341900776979,9.82045279650544,298.75549932103286,33.77099130255864,542.7997720526105,48.40478871074878,3.0673041211788763,1
47.06300240245894,25.514510868516318,75.88150203238756,6.435316248376082,6.499218562214965,100.869513512635,64.66505048868973,877.8401130892419,27.865503085526605,3.2585934397971803,1
48.650649190754436,21.099966578799325,28.765441986385163,6.358344055518124,11.04168209919428,345.38704022083357,91.62612150932193,873.7046810754389,76.84777467713474,6.775619545575043,1
46.50718346258197,32.223396014820175,57.94405370811179,6.788956051959767,6.629656010948131,242.38298120099907,17.676965053334293,434.6619821837523,75.67926247754059,2.214459428285717,1
43.58124738605332,33.52561537696239,55.5772563756442,7.374379097751709,7.4029424203230185,147.10486672052753,40.369421002270975,754.323801134623,36.29542111499453,1.8233640526258978,0
40.51845388761094,32.89855570609477,27.244301162539188,5.715728676888485,8.070642480554245,277.8505054448311,15.629028098184117,824.1749542937933,30.634036342432648,1.33132254066309,1
50.37162661826404,31.67835174503349,39.55874262612873,5.69852029861839,11.989950813315865,394.2213289133219,49.66542322198928,614.4193902559894,67.45359441277223,4.401906780683706,1
39.525448600063726,16.135130160783874,53.778890270915944,7.205612222181804,7.311696950544598,484.6711178794816,54.042201303055904,1097.6345455003952,3.355132450414037,6.291266248342971,0
48.84708612308828,20.139099377214364,31.230716539309416,6.512793409304918,12.773056426344542,249.64195644883281,94.42036147216601,528.8789181171376,78.39540086665491,5.623461958965911,1
39.66665645298653,24.095363049510247,68.03741938476892,7.032810047136884,7.055231510646407,317.0893194819907,41.25151537676274,603.1214440049715,41.162319038275555,3.4044752076196785,0
47.50660339908908,19.92378974282967,78.32939057208499,5.930843807214563,6.281955592561251,440.497753345434,56.695661353969825,525.5955320262024,40.72098218885748,4.893197027736144,1
49.941565342580574,32.648206004749866,32.88556399774832,7.157725146335103,9.160363351757344,233.59976798000594,88.52625740541524,493.23730709644644,61.21700626486552,4.301513465156123,1
39.37427777813078,19.88060572749864,31.214717887434556,7.347693248385392,13.835533135770362,156.90289798832615,32.14050001761587,1103.1833472057008,59.11744242794783,3.759750310113931,0
36.198866017226166,14.146962603560116,47.296104307846676,6.770966031092977,6.882737822310218,212.75273249307563,67.416386896759,622.2873320559855,24.937665945073007,3.658868401623737,0
37.61947485988348,21.971213561449122,64.86591662840192,5.711758042947604,6.813747552317032,459.6491319233552,75.71618488220965,978.019215574285,85.8950744062687,6.614903429429325,0
47.119939345420505,39.39743298347141,36.89603661411508,7.290589628312677,12.009332086364992,163.7572433847351,33.05282346870094,742.3858877801998,89.76969813993901,2.1026248587470087,1
51.988928124514715,16.776442388007275,21.192794521836824,7.0849754547401425,8.497293551948523,231.68842440271283,16.434118553064447,908.6987845871334,48.33901128665666,0.1,1
35.899936424708486,28.36475976829687,52.473237681973636,7.00175555302898,11.738252937805736,285.85612420013626,50.29095419022733,1142.5409569377675,51.524271835331234,5.970795979424769,0
49.68302518083293,22.98919149519119,77.39603406603845,5.573456377811831,7.600084715546907,438.845289396368,35.68017301333016,1075.6862936345997,50.88861670812612,3.6452505878308723,1
41.826372919001045,12.1307370294798,43.47661132441674,7.097925050513942,9.680575953585304,475.08531346118986,26.646243179221397,455.18911393619027,44.72086673604348,4.358062556633801,0
44.57056739839045,24.636298179941782,45.208073250986025,5.775902020936714,8.122319021991343,270.3241238533019,97.3421310694105,1076.1620282233741,86.0668348310043,5.139099257909158,0
53.57719099691131,31.064929859449375,78.13410302684227,5.944772352393777,9.612225719032695,472.7816193414062,50.21530187015332,761.4588122245577,23.0277204079671,4.919102109598633,1
41.63943009471691,25.396599274834564,61.6764566976037,6.654269669738515,12.15277674068243,164.58363794310182,85.64776938434238,680.1165815039083,10.716235862985016,5.726528090117505,0
44.30673867878972,36.163181912397434,63.15031537052751,6.029961545833766,12.096079523821293,162.74091675854817,19.531741054335917,937.9103403693027,84.65925558923482,2.936534649062244,0
35.27364829521362,18.66811049972748,53.76212032226406,6.82269641262384,10.126178301389789,479.70032785391913,93.94427648991307,1160.1662984793984,20.173448279003743,9.475607306733595,0
36.631974400096766,12.587475139118947,78.47655265179449,6.716140895398163,13.426974749768409,303.87205341133244,79.44314345690218,475.30839807050995,68.42398181878774,9.069519952794549,0
40.17183182269568,38.09696834974018,61.331989065533364,5.716299196026525,8.110272819586193,174.36313414158158,80.86921561891424,1014.4616242001913,19.34859783089036,4.90608058546931,0
35.55704481642149,21.34589048584657,73.70196509631018,6.812029159183012,7.922490808953865,295.1961482302247,38.976487519592865,562.8064246063643,87.41674140601229,4.27985174854359,0
47.62750652096502,27.292166543609,61.96273194399327,7.3479098196498605,10.910451209403469,413.2844621516206,48.56369930776863,704.108898261599,72.20095933035785,4.825663490833026,1
43.52796713603245,33.76009378390588,64.10694949042376,5.822219810371666,10.970376273734313,430.76814628940946,59.335432589868006,1099.0584130106,83.6846354903373,6.5398058851901935,0
45.96290405456044,19.729409916267418,37.42465532853479,6.694124041885775,6.372320316519792,445.5877026596969,78.97655362050648,836.6393472098715,86.5886338100493,5.580797854711057,1
38.49294371792659,31.484936145328334,38.20872188082914,6.183730743873388,10.86222169909518,327.8283612349674,84.90567520604377,453.96531836034103,8.598194584209981,6.796218524500161,0
40.91864058873232,14.06256549453484,66.97907897456176,6.419223343547208,8.995489258792116,446.77840574715214,7.804530935193443,806.4388401093906,40.00499702424527,3.739390474328227,0
48.2764894970545,18.73881241616516,37.80237735019398,6.07400035815794,11.979540202564472,304.01208352130186,90.40623875331745,1031.7135213131394,59.32903033254785,6.847264653369273,1
54.306054472608,14.341319084095598,53.766204248091896,6.20826127269539,12.464845316362183,342.82396095643094,93.74966525042609,823.1044702124747,73.22104937136078,6.45245414722162,1
36.00833547204418,34.336916752040736,34.96113865440212,5.557823646533114,10.417230556376293,403.4879209086581,59.288740435678555,533.5113911832418,22.73245699729622,6.618148568534282,0
52.80768641710532,16.679477056803563,69.01900284854416,7.4631034758344414,6.013640252018121,270.17411708420343,18.675061325490596,756.0328600460255,83.31443734503596,0.6083658528968252,1
46.537624026224165,31.522106662156308,26.6300810736614,6.7495998441454965,11.090926481333137,129.4325948555099,81.84148327034895,1139.4762944317195,20.887869618832113,4.024911755248222,1
46.278391335112474,38.29895191736958,69.76679838569987,6.501411180987771,11.991050237327475,240.06654274307903,54.85876145495989,926.5631920752904,78.9558761386618,4.6349421069451875,1
45.005570704155204,25.83316627206631,56.16378803045611,6.267430699000654,7.991866129852114,349.57768671838414,81.71964537163797,983.9092052068714,47.1441321697771,5.70933527601216,1
36.38788171808367,26.20087576782063,31.21457208962464,6.578749117648055,9.717168009126311,176.93294785579076,81.48081265893165,1028.7492059595602,47.38799546831707,5.602466164966682,0
36.79753703472321,23.83100704293436,52.52212313036709,6.2602119974316075,13.725812987294306,159.354145399856,8.672931568579244,472.55473935466784,34.660505393379204,2.8885119164699287,0
47.01824011318172,19.776704301809282,36.94993021084043,6.219815854987346,8.384924427152828,217.23221783657505,60.70214283706641,865.229247415971,10.315470827682145,3.6106925095742994,1
41.819171428711165,24.269650927747513,39.408040083829796,6.427893083444026,7.785226008333926,112.84458491112855,48.31442992687213,700.7321545482464,32.23810568075844,2.0107567604461196,0
53.34536133155361,28.084225968002784,41.09168249581282,6.051966067342382,7.686838323824081,397.3691592347679,94.61194699995177,511.3273309376777,39.40630434842257,5.416490380259475,1
43.13181074718945,39.579747165119784,23.799154818339257,5.860099799933571,10.47040667483197,203.4862408753355,29.664129192539633,562.1676466432191,44.11189508976736,1.451723109448134,1
37.86562917405282,38.132936779546725,79.15770106408505,6.613211796360587,13.598296810464053,149.69535865463982,20.6000106190925,1024.9283789797876,67.518576136912,4.326776067429265,0
49.29437667004072,35.86458874879365,21.892077687873446,7.185530872300602,10.869521033602837,379.6517663853741,89.70868560191548,529.1912842318183,32.68630994185528,5.8155553250779315,1
40.8670684288202,36.673916071145754,59.74981239105671,5.805656355451784,8.42658496190128,437.1712050173152,14.871556890010474,649.9348857773755,37.59335742825878,4.319475809542381,0
45.509406147117865,24.035475498761286,42.27365886544583,5.565468681208437,11.108558224539632,107.95023834471138,68.65194587244618,627.8986706104652,82.54887420899074,3.8084385795773787,1
48.956655710103405,29.723329815323943,58.76061745680194,5.993623490308073,10.9987383807823,193.43990829648993,30.001981384181086,438.90429113165413,68.7310565170236,2.4158482599592213,1
53.00528222404141,36.852001688086425,41.37489518525503,7.459441286907621,10.775401085837235,478.09292994783334,56.784575549747764,769.7267593914869,3.0570192553412383,5.556429591181829,1
50.84382389603352,21.788522949740592,60.425038775531526,7.157516147486678,7.275409655106416,254.1016543731101,61.62194328412611,1012.743873735367,74.08798819507338,3.2944480325981034,1
48.52722135745448,38.85287435036406,63.75413056810165,6.691732107057193,11.076534394759953,475.4368253527725,41.73692819579667,417.7221061991197,90.09495319153234,6.043925813555373,1
48.59266364790287,22.47358186207549,61.43315842397869,7.358497830486272,9.441315620115997,209.68501534827095,97.49649802370958,490.0411603839169,85.57909672310397,4.893661848623959,1
53.91849288064173,28.03247996179647,26.83771888148914,6.390558233674489,6.148736468984267,187.2270542287728,13.183316808497914,976.1493436780543,76.23603095464807,0.1,1
40.91648194993072,31.294141398171156,59.413594079281076,7.466561205150348,10.318115897179961,185.64336469119837,39.1399089036757,874.8647925383309,57.62563726035405,3.4022811461862403,0
35.02224188392375,38.51776039227815,36.799252967245835,6.092604090238568,13.914133961747341,134.0914641699753,43.03953268743158,972.1980912389456,26.03729099487349,3.6566409197167924,0
40.439091187963975,17.33848822156798,21.728082234160013,5.980611499031879,8.797916726751868,458.57291540365026,63.10469489961815,584.0831639017108,59.89875502420867,6.347464093683258,1
39.35782759253488,32.38392934715927,44.88984031333724,6.776096402294022,13.724473746549265,491.9340090531604,40.72597581945191,1043.015026637924,63.6033223788278,6.332912704376546,0
48.23669170227996,25.624467584322467,46.01258616822806,6.256307935900721,6.769645933300756,481.80352290865517,9.703601137216323,783.8968480882213,26.34023449276035,1.6957573589076582,1
47.67423199531058,18.056714218619234,48.030448001146794,6.752731083952516,11.85960092693845,440.8112559309096,94.74299981808262,888.2415793430857,23.979666196759567,6.4639977695416855,1
46.86922765409447,33.29820519389172,62.28944992344297,6.109991036605372,6.914639957302683,438.7551630603901,41.607908163868565,473.72273376066903,36.72314731830433,4.265618421142849,1
35.32486886418907,26.566668405215395,38.53062854854755,6.735836513675983,8.188572588442193,364.43418686759503,34.267372721707254,564.0252666878571,58.70322721301816,3.3840886218154935,0
49.57556108901295,29.829214619490273,38.91683078623535,6.051492521170073,10.566726682576995,430.48548478024543,44.67221241740047,1018.6863052882466,27.37560423541365,4.185579528115046,1
41.47060824970983,19.68703205733703,23.633135374475636,5.60194413763778,10.742237551813991,183.3369457372191,21.659568212892243,579.1267529510228,51.00998699606803,2.0678533871605893,1
48.30111978013262,24.43821855482815,61.209272959537756,7.324271803846367,12.20169053787337,255.16505215485142,10.02216846686509,474.02386201716695,81.93136616687644,2.280900036044833,1
46.131568570043065,28.520627529642013,54.06956548397504,7.266410403746924,10.922491257819514,356.33451731789916,14.857847910886257,877.7626258016802,27.559029239132457,2.643496531928962,1
41.85461850855815,22.14732442809532,40.96550676162728,7.441596298545344,10.748917635044485,449.90853302463853,16.66548270035596,838.3492129293862,87.93763625147605,3.0249280694200777,0
37.69152534208216,15.951176195431039,62.31133873504128,6.933054352442809,13.298824695913106,364.1877849475135,19.767343821589513,886.3151431866344,43.60131808058941,5.098257500998971,0
36.88837795320962,38.849214769459124,52.24146495361263,6.865442355470606,9.617286017673258,435.60878333368237,41.99602122261923,894.644397090473,10.081750388130452,6.070765090944913,0
51.63036666224447,25.344026201278524,48.15469675223238,6.618006140149662,7.80212622956044,289.57980633971897,62.38992690441536,800.157876691603,5.95354543566163,3.8682450869283684,1
53.367950841631156,32.017611108631016,50.679472619667585,5.751884832705045,7.294308680189042,386.9214950820177,62.88878380267325,795.0191364549246,31.480706286938354,4.624230957383035,1
47.99576093528599,22.331415806681743,58.18088751602339,5.87847062189854,9.199956774475998,491.99232255003466,0.009756956192685795,1139.33245223157,24.288306105688562,2.4229611416286954,1
37.06868229720967,20.653952920771488,59.60015627447597,6.078939377345073,11.702022041549565,161.3954228519031,92.09576668983999,827.1053799037923,76.9341994482927,6.022646067356069,0
43.040544337764814,22.21492895401375,37.337469148443034,7.280312725146789,6.340347879439207,470.76827692635595,82.28471805323217,893.840161931087,67.38745792752609,5.9900005579454145,0
49.57878400210315,22.275899313569493,28.444601803469194,5.84593904920615,7.032427092075249,308.9455791367611,96.39380394360398,613.5755135509957,80.60916581830524,4.790676732629027,1
50.59641768020136,26.325403478258607,29.398050871431124,7.345746348975782,6.848907680829115,357.2872122920232,35.99863447301929,1096.8745606417529,54.03281483906827,1.8159179947645205,1
37.36437244582177,26.304096099440894,58.3634531541801,6.545571466102834,10.682001224411671,451.1476027642051,66.4799276689397,419.49447412733053,40.19115228314506,7.172624653452062,0
35.00061437690765,24.91461447648615,72.37239714602757,6.931139270946145,7.94291720425013,263.8616690209268,16.802074925609713,845.7814098382196,25.351113527716333,1.7389995793884276,0
49.242740917612096,14.043573547523142,44.56977670073311,5.7204889733611335,7.330075426411172,267.47702995602026,81.7033027220336,707.080236158487,53.479795098092474,3.498063301531373,1
42.13192351972411,24.882264355015934,30.171209619767744,6.038067097551822,10.742165757944178,310.8727345388402,16.136772295436884,883.1233564483815,56.62223004125378,2.9542698408122123,0
40.0896266323652,15.073117012619544,65.39614989763128,7.417037216362853,12.090479323619034,107.64083379874023,32.598570080774955,688.1376398171042,36.36528073676799,3.1006224972496867,0
35.25794939579051,13.784073588872955,69.94936846516691,6.032299893859463,8.657239331621316,298.6664723773403,49.08348559469833,974.1503293741175,85.2935879644651,5.562652235187082,0
45.805988135229995,37.979371520235034,72.834946587258,6.093043440782292,10.62563684541277,216.4349059976921,59.453166885275046,416.2651543787446,58.59591295145642,4.737041438998658,1
52.02301470851964,28.148500394431128,56.409885734823995,5.895194769682159,6.7849953055956815,471.18167295671253,55.96330242867316,724.7115510153144,76.37330805413795,4.594619346743309,1
54.152632925451755,29.78470174373753,71.64371356328508,5.758147330613659,13.48152824366056,135.09411950121253,10.209601170999727,1065.010879793931,56.835167263206046,1.6647421421905855,1
46.31489901226578,22.053810110000914,20.92489750690446,5.966515282907996,8.695169482518182,283.7281848079207,42.167600286385095,600.1605742235487,29.488310679853445,2.5172596130678335,1
45.289226554797885,37.26942675744593,26.434148106171413,6.784653783901597,13.980045545388009,478.9872681509444,92.29092642058225,442.2007027042576,67.29572420908302,8.51164092141233,1
36.70112770978482,29.137914687389966,25.554564023125927,6.410735467007127,13.828702046798256,460.414100127391,87.23685277518516,797.2192596521348,21.722907779529837,7.5356810806695504,1
45.977456030852,33.07509608570763,62.75628105528398,6.607511672675797,12.230587594686492,380.53937694982005,59.07835232546398,1181.226768421432,54.69484284987475,5.942741050279221,1
42.599581579307895,21.056874070831416,24.174907012614742,5.744729657532049,6.160536763255734,335.74442079842987,57.23245754536014,451.3268492281093,37.21297087174616,2.934942720684199,1
47.14270561767154,38.80035642457376,49.78186234797842,7.104232894325801,10.347799363074905,212.29237485313604,11.167518264933019,456.04519419983467,14.489638192393311,1.2859030949532302,1
42.77452695753094,34.613838704749455,48.362413918177346,7.068189401159696,6.694691363520092,246.78284510098192,20.02594523103034,876.0932519573425,38.19165179751035,0.924498896124452,0
39.80598246900733,35.618453890436314,38.64221141349446,5.543179822285351,13.16110420769213,136.0539459016509,25.263974260409604,600.0541703025033,28.925274650868058,3.0825794419322716,0
36.89930550456753,15.16582802277263,72.22431019652599,6.26703018902061,12.317090021179222,414.44331910329504,48.81957285238057,728.1849869097803,11.099987353757927,6.6489679674459685,0
41.29836889177791,18.128896236136583,30.22599211279976,5.637541203942296,13.778723012765465,229.54790716152468,73.13560480957187,1064.4057223995128,75.14454057938727,6.221450277458393,0
36.93289668575505,18.568797990507314,41.14776706395439,7.084211558829916,10.867063625198362,367.1127596120829,46.07253556042582,559.0789473460131,45.872430079112455,4.857630318134778,0
38.537939016479676,18.127276697406135,66.45029000137575,6.974539366251409,10.177382435874705,243.03791087944538,12.606104183739774,975.4399495851465,32.17206450442784,2.5638755442522303,0
54.746723171590915,35.662244863128635,21.825338863597054,7.303976188586312,10.151790847555102,285.7321765585051,43.934887701138045,803.5884106140451,46.44678247326558,1.7480792410728938,1
43.882071138132375,10.956543856257763,60.37702401478212,5.972807917906229,9.09158699563476,322.000988950558,16.263325374888836,1123.9661539314175,68.9124805757611,2.424270599806948,0
45.63743533010033,12.28299966942323,68.98386358169424,6.412591766255598,9.749520537833128,420.7409633562414,75.11473516928845,1178.369600234851,2.64658538973246,7.40806922143674,1
52.4723705747443,18.21744611889711,75.93607033029004,5.868975754328796,11.083300665082803,184.46255101627216,16.6500860404579,787.9686285227167,50.207658451625896,1.4256248220101762,1
54.91137800981376,15.996189239483309,72.57779842948909,6.242469868948239,13.463580860450218,259.50615473194256,48.25339895444567,867.7176472923735,44.12357049555711,4.208618647991448,1
46.65428898689363,16.95578841648545,39.16304701002111,6.5444865031337685,10.767074706048248,152.03262875672704,69.34136026610929,996.6740325900427,81.37631723635663,3.6381419310377066,1
51.24947642088343,33.938295677599,55.18184847937715,5.606661579677178,12.856927538538937,130.30420196850372,22.81980639452086,654.9393134976041,51.03744929090325,1.4426255773325778,1
41.538820486733506,26.893797816761406,24.637609589027953,6.929740821354771,12.902239290420006,341.86974246751674,7.603010763732643,581.3922804185975,13.35905582851606,3.2180042522293104,1
41.114879148945825,10.17311983878904,35.472200212880516,6.586586720742151,10.150661406786075,175.63641774356108,56.32994760747487,1171.7481379544042,35.981489375662626,3.713869436752495,0
43.05407441989121,22.87968297112586,25.653342724850443,7.157918034421346,8.779757131980972,123.91973677043953,5.420266350439251,746.0923129756625,56.89624348473269,0.1,1
48.45014525347298,22.236547805510767,38.91123740923783,6.043561002382394,11.116590986656648,458.83917248256216,58.7768642968168,401.27266121261897,5.134042635020638,6.157539811529241,1
48.643833785101975,13.418358083336306,72.51123280752374,7.306642210538509,9.567018735318742,313.7257679141583,75.34985375862014,1070.1746388200668,80.6184187657852,5.466749350481426,1
41.304788692989014,30.284253658043713,40.83001038045756,7.4973885060608865,6.651526938575463,153.85128296119387,32.93159916723065,879.7313290328685,7.100410664165887,0.4848329785342562,0
37.66419848273257,31.06291565138473,53.71388618008558,7.338596876755349,9.022472803459468,121.37045097901989,48.834940908069214,534.8468501762433,3.753201506173617,2.9653793109079434,0
47.64792512931017,31.62679657156293,46.002850886896454,7.0557849516663085,13.9525771043946,147.94402136546245,92.87618382249465,424.1117545416632,1.1814016690198217,5.6213314316155465,1
37.56651724377529,31.854128366757763,47.53499145792412,7.124737605747562,6.388094960210298,288.53489612824563,47.11088641755524,633.1859448333848,62.53700424695693,3.7224442586446647,0
46.5698501645866,10.001584807968904,78.1743231101935,6.647488485089173,11.573335295207414,367.3861020675591,99.6554061393389,1142.3096763789317,42.032807850040136,8.278086818962231,1
48.86844256112618,38.61762411540167,37.76926809583148,5.8803077258252205,12.729509640569976,356.51202999441824,15.700241135767289,1146.7929360284897,10.253592480619073,3.579811562799819,1
49.01222992788903,34.42626301163989,57.63946817139028,6.854081370295434,11.18980722780303,157.7692345057994,70.89339024832891,648.8027890416945,78.05876703900049,3.8682706009324477,1
50.069442213191934,37.11945089767856,45.20376017476683,6.925506004119863,10.55798584930632,353.3955807350835,65.2618598197254,1068.7447942565734,19.244824668316582,4.845821290635142,1
52.45718843131329,10.469298859223024,23.668770862861173,7.470770280535811,11.66043533583006,261.94624968703977,87.23048135263272,753.4762586056765,30.36917430739622,4.165439022663135,1
44.99917983929577,38.01576387357218,49.359849897454154,6.582602632512644,9.434741898397245,285.89751371978605,9.244321199054074,923.4757993092755,16.994932646344935,2.004894970366757,0
49.604983790591426,34.29365586064314,68.8005997427065,6.042738030050113,6.730893898471014,420.57216249812683,28.02065915018167,667.555100696872,84.40806679503463,2.2034705495120503,1
47.38345470731673,35.11657428876096,25.9251781209013,6.8673450434790135,13.698974034427053,232.99974907185535,13.217922576033525,812.7780770167881,69.22601048548322,2.3918141845765106,1
38.73279879595365,12.798621541659056,24.17551084377854,7.45875163933291,9.458406159873569,158.7996188653415,93.30951222719214,635.0235572402612,66.15580569798452,4.876519135192734,1
35.513792897388164,32.163340867557935,29.217891223596,5.854427816538188,11.32311389734414,449.3812534265362,42.66353246452571,448.8914898851702,4.959642706551386,5.91294563186798,1
40.690827713538674,38.79750068926273,65.86400668335835,6.151995837071206,10.250483495114363,184.85223034653518,91.00658455350691,511.5025489532311,48.0431533815429,6.572554721677919,0
43.860674126752386,30.356420242544818,63.43972304868428,6.583761907545362,6.437384575820436,217.61194822185706,29.440699435882266,632.5395955785898,52.79071930702664,2.0973932694886788,0
47.342118888573125,27.116842138738193,53.90106613436663,5.84042926976401,13.621972807940308,382.63602356104894,12.636810136165188,1181.003027180904,35.426875607441424,3.1551558381988114,1
51.99918661006411,38.36889033246991,48.09358424555794,5.5444412790398765,12.340297808914586,373.4201268230429,29.65372729860164,1172.5377201999934,29.958062526788268,3.1783739978433405,1
38.924914334123315,23.28811365203308,73.29954888215732,6.173966244882501,7.192783155755159,420.16000851353147,59.7174359328049,1062.130673987625,77.67485741969081,5.875378692431988,0
37.51099579796954,27.97880698931436,66.00186943000895,7.230741603002116,13.853191010306134,173.54665657917644,84.52325917845909,586.0048408768696,3.0714932219078843,6.810010786946559,0
54.26959894948655,24.290148804830984,68.71653507810831,5.58693679864743,11.895210977373663,240.91195732568133,38.539069322499685,753.2817124334581,57.28193634493602,2.810672604202325,1
37.160891187528144,37.985386640808976,68.79573808103925,6.357858118033835,9.778573203426472,150.35329558250442,91.48086592534843,751.8262707925635,36.48222225619899,7.109922577916306,0
44.56982140214379,12.282541802965218,58.56302928473348,7.0244015458521645,10.890960452476586,316.4156588674417,24.42320596779287,709.5785958545471,60.93556130289613,3.5220291006697413,0
46.711274575866035,25.033591024760447,47.480877458956755,7.40636519382177,6.85389345611678,217.0282370154805,69.35406873037668,435.9042440717965,18.812579121553306,3.2765346724335185,1
45.82748841814876,30.60857324156315,71.88066515513901,7.4709507980088645,10.483292080124887,375.5742564034251,73.57133504822723,827.6218993794541,22.4793419165819,5.193136742174361,1
36.720643140658865,33.757196152667106,75.56044505619505,6.343938761217483,6.589288576136475,100.13774719381642,27.3962919330616,458.2495936998887,53.81684260091209,2.2818194408277437,0
36.140538280072384,27.49055942332409,21.42836259550058,7.400768588758235,10.358842056954416,123.8731993838317,2.696987830052744,1041.534944574355,89.19446916572211,2.023597672962471,1
37.109668549220714,37.26753232364362,23.093292395975077,5.570837946561728,10.421565510102283,273.0241202077374,36.52373420507554,953.0457142758253,88.72152246876854,4.095994359367215,1
46.71175367745225,38.25974340651615,77.52459781450624,6.991833875997113,12.995510281285952,483.2736623902274,4.519614730613608,682.1896053148278,23.40828854296172,4.404127678628531,1
45.88689775268642,11.929576695807505,36.62963683065169,6.785492069267226,11.800460002178351,456.34055494367317,90.07537754021777,917.7091057699705,10.211592729313953,8.836316955744165,1
39.67481584073489,22.07111618624123,72.40216637896512,5.999043715172305,7.99641913772096,497.60361122479327,95.35252629340579,586.4296052472785,54.13089141369971,8.39121273017466,0
47.75548283691183,10.703770651634633,43.32770713768416,6.514637001359298,13.107409137502856,266.732089945618,73.53799159460004,612.2000519653059,38.798434726626546,5.9799395371893524,1
51.40135004111299,19.882499721233287,27.14600345656134,5.759107475520992,10.585941318784046,118.62739450950062,72.66845853138338,651.3068135403239,69.55180416736718,2.6568451731669036,1
35.83157919693188,26.106046539118065,24.826592012560056,7.243194301903122,10.85103582859227,222.38245680790496,24.089266941173058,1037.609279948264,48.51853527506492,2.6339510856033868,1
44.962598870960846,37.323847915298465,29.390473944827388,6.215796171091296,7.351850953777427,370.3083408695806,7.392557655808463,568.5530774768677,46.9528125396077,0.3630499768408717,1
48.7862082420538,35.39662967396208,34.99359169204188,6.752088940931433,12.862188767752912,154.06552390696612,80.21046358609166,850.2249819888309,59.18138813987371,5.190657555999156,1
40.04623854139374,13.824991800159571,49.31110123584958,5.817552572574525,13.447720920132351,219.98887150400043,55.91619315533676,560.373691537188,12.377660036408571,5.081912258967151,0
41.15541810586298,12.790911242226871,62.08987403394701,5.912329689262414,12.199925195959265,122.46646581794347,68.1627530787175,628.029940049932,61.94455566999109,4.786237110054196,0
47.27275805978768,27.67802016270001,79.18391458911799,7.483912741606304,13.52601962116005,289.9868153560937,77.964106808623,588.385034389193,44.966773058990825,6.777020686697587,1
52.95870586887474,25.96353917376348,46.49040459735026,7.006172788882658,8.418399232978768,183.56827107803517,40.943426895226885,916.0037368586287,74.81323590709981,1.2147992767470026,1
51.19848840605799,17.991329242900715,51.09109654058659,7.423943739548141,12.88895334690217,136.49921075960094,14.454658997831771,821.3831555646243,13.483615033433656,1.2533272490724081,1
46.66260438199167,36.983592536615056,51.30894208299534,6.091702330424088,9.911145142909941,264.4863237929916,79.50367993628954,977.0393167244426,28.067234420476353,5.821717953426966,1
49.60443435514499,37.82099228384661,52.366061329276164,5.829125753239641,7.311337623548679,240.49016174966198,45.37656392284074,575.9547498663886,86.52217366139718,2.3399981217422896,1
42.29644940415597,22.07834315020488,51.06443942626774,6.506136926957662,11.35040479226721,315.0070947781969,82.69242308559326,407.3188285808298,50.77655913610192,6.77162616639395,0
47.81931056197516,36.70907671340561,20.52648530371507,6.489336564454687,11.472962165647031,399.6154621254556,43.76991467600128,944.4076537042679,84.63708997785909,4.388827460660611,1
44.323631822551135,21.518466827889178,20.10348932659044,5.849893027515976,8.29539611005352,145.02749457060207,21.70164084573061,491.8831667960608,63.0131592800691,0.4788707394409626,1
38.798722729151216,32.104504954891006,25.859979087567375,6.96643913916282,6.2199466530205605,416.4502360840034,17.100501665378232,597.0441795391648,84.37882284416132,2.0406435582718063,1
49.03476547754514,24.278266526431725,26.09339620575073,6.223555068877468,7.598778072684507,110.51599195007205,74.39217565591679,644.5489219689781,29.604365592443198,2.46746890163896,1
46.12929274697644,13.67749469521549,62.293814537287766,5.8727304618610345,9.198220381391094,277.2407609983391,57.48891227939967,997.4416738326944,9.14803825322415,4.5134355095896215,1
42.17243163907183,37.838026037110644,32.29496195095999,6.163966789086577,7.340503288478948,334.9721147543528,40.46029004646865,900.7134485259417,73.2017588408289,3.209339924612624,0
53.226783801572616,23.622897801326097,73.68284628533678,6.62731739927003,7.552239585916833,482.799469255919,49.2116756191332,547.412349220663,73.40218772161029,4.463904807726835,1
35.41868235653467,32.03461120967211,75.71637977462117,6.952941864360886,9.131125315058156,329.56921074785987,54.96386052865398,878.3102484957933,56.69441151780829,5.726520974676575,0
41.315463024989924,21.015214432938762,78.55360027375391,6.463781772114969,13.694292914468484,163.49967730855542,23.9416441825796,966.5183960884895,53.16131828456489,4.360868511126473,0
36.13762795555293,10.566426357287039,76.3448782932212,6.551189979656747,12.113948123261187,307.01672213756365,37.816557969768915,711.1177622321372,83.34173536086557,5.31859779075624,0
50.33054632443255,13.015910760755077,36.31329931511148,5.777891871885497,8.557987209812513,258.31357887656645,29.241146510973504,596.7623312222815,16.884862031937786,1.0198908373835385,1
49.042149082275856,24.886584384697734,50.58661068221075,7.329381849416464,13.612832551348387,291.7422270400975,38.84238467456272,943.1862183318314,56.488417423369036,3.24928268927145,1
41.62704437472634,30.698930713790872,30.52729821181646,7.357448395984089,11.16517433806986,178.8388058636349,50.056221351790484,888.7129601131978,5.479354973998961,3.3191904943611137,0
48.51325804414146,20.04205979737837,68.372579310346,6.866853180836007,9.643597157121121,300.3308169245087,17.33575390543659,462.3297267766561,13.677844308186621,2.9261564070496178,1
42.918744523918996,30.86465377532951,73.30590230864576,5.535262817868049,9.746401591641177,160.01590571635074,39.351506264888805,933.3437121870033,40.35451135989696,3.5292389524114003,0
50.125075828448686,30.959067682958683,71.07733035785088,6.574148431806652,9.285955742683136,397.617232276348,38.54944433069235,790.814346268239,74.90866324495742,5.040494527556527,1
44.08367325473412,31.118077219834927,46.002016921810096,6.758437944177227,7.8639364203675175,337.56250409023914,28.60038168422627,1002.695165582182,66.98194216750534,2.5269170128220493,0
43.24559455663331,24.775655620615254,65.52043308120686,7.48930844591622,9.093057537709646,131.41107663671332,99.8496324802452,552.5740335038614,88.66579519413949,5.387897964177381,0
53.69459830976602,37.44658450364512,25.854750174576168,7.492133910389594,10.22317107234714,455.8457871715919,7.3627508994291375,606.5731343211012,5.03637836229093,1.5322672107764408,1
40.017581997814005,24.67589553941847,22.414686237155042,7.215222470651115,10.224218805841769,346.55184184625534,64.29511392857357,834.650191278017,35.32169969436114,5.967182338699955,1
37.40894679993131,23.507955804899147,65.19418485852566,5.627661984052227,12.093895217700144,226.44282205113257,17.44386065364356,785.3868223137592,15.29117214176448,4.090447333657679,0
46.69086226518917,15.98142457031881,45.52131645972102,7.40655278155746,8.870382857258821,118.25695981092412,83.95239892851824,709.0922968451973,4.326515564455155,3.676889913476355,1
54.386436245683576,19.229652620690096,79.73295588437415,6.725322494303998,11.73438423443162,352.8906783086532,91.41965360093009,996.8266515438311,24.795780066502733,6.648099749706714,1
42.55678427454373,11.2700347755491,25.835252951331945,7.101773540958359,10.624734710149477,249.37610453933473,40.14779826089588,851.801250902626,23.00246597684947,1.4259375663783558,1
36.240735272575634,29.006058808485108,71.33766089211403,6.314385699371707,13.694763236214676,463.04724195139505,82.34784494207096,968.217483115295,38.80249466159726,8.923271785091377,0
41.78610534619135,17.456072317812787,48.7989839317395,6.1393389424691795,9.082279408271862,113.95113308566982,24.99094493500604,522.6039698552926,13.607308711053388,0.5767323699136594,0
45.11863308639117,19.124657634563953,69.62901173023262,6.426488290967616,13.209731714086322,115.64097413689734,14.006850732926157,983.1906361164298,44.971082130350574,1.7092346304646262,1
38.23846013264428,33.12443564992964,69.0276369302087,5.793749025937654,12.565140378386316,479.7197147627742,31.587826640261095,769.2224864802336,83.80884945828178,7.32969621089568,0
48.162044361129844,19.816635494843617,74.95952008172463,6.214132277506613,11.101314276715655,485.9495782718025,34.167401389104725,427.0143485476696,68.33700384384834,4.818892376213306,1
54.95498778020401,17.265876760394264,37.871000677166165,7.215234999536557,11.236115733936938,111.09689070905544,39.735754478557894,587.5932431971993,76.79595965439401,0.6202298081168875,1
44.03478951962887,15.071732474011172,76.98796120772019,5.575900972521763,6.6771994768512855,386.413293976531,37.29589419578188,420.6051133924624,73.42557339893798,3.173229596951099,0
42.09457113460425,33.245752065458674,29.10001762145722,5.8017560936492085,13.601796844747458,188.5979409315362,41.114445285050394,765.499617592835,36.066370279657065,4.967738495410536,1
43.01408333668933,13.891187739700808,24.91812665560943,5.750232319298971,6.855488507965951,380.557106514429,71.003336580513,660.7038084440683,64.80649326680516,4.442114478728035,1
37.302923567904024,23.612612807510608,45.89693104234095,6.306151085400456,10.505866469948057,447.49311866319346,24.55801328657352,1189.959647930601,68.88306154806978,5.5474294944274165,0
52.665472028524476,25.20790348231583,69.69937811851057,7.493973801781723,8.640566403593237,140.33259154491014,1.8575595765121689,1094.8032935654905,19.50832951293121,0.1,1
43.29651311042704,30.621697380571437,48.405267838006736,5.846715860422766,9.438815826318814,195.5065667048168,48.96805513812716,1060.5366882745193,78.42361299577959,2.163707505569346,0
42.745488228496825,28.998504469989864,69.75720065183084,5.79096529919852,10.881464086694535,109.63106733059793,44.8291244204864,800.8932392249964,42.19726586700372,3.9153415592884278,0
48.19380545860949,34.32162018835524,63.781208347658314,7.330111459552309,13.270811023058574,117.53193817777631,6.006498984343045,1045.6699994806136,2.4723765558445967,1.4635600285433195,1
43.84066841862247,11.342543017787145,32.565703168336015,7.264101033931931,9.66053698857841,111.84714328710967,13.380140150141372,613.4957179702042,58.904569775246536,0.2862854654083593,0
47.96466937615692,18.893221743381915,76.93289749396783,5.564480739993109,13.901836442451529,420.2729425705658,50.99208946848939,848.5195742772199,61.908678272616854,7.236834061157136,1
36.22892580261575,18.40402356326139,23.646870117764205,7.00341192035863,10.742496522811997,219.31707137231066,23.47507600195793,714.334449055528,50.658606700914994,2.5761037209794893,1
51.27446687444455,14.380507167763247,73.89678245262769,6.810931402952859,7.284431541137396,297.28457582879565,87.75982941414469,537.0735292181837,20.11737707624409,5.074413217432096,1
53.810079057588055,18.675347615693294,38.266606939422445,7.035481619705418,7.520074358650018,415.1377054388065,17.329248645949512,458.0907450947232,44.40502246204588,1.38761844628224,1
47.97530772318772,19.292959424287105,50.00888498986396,6.489004909591844,11.728888284714008,297.9774650826872,2.012263184851626,846.5747063772919,37.01147052209564,2.738394390249213,1
54.09131857717621,25.65653385782435,45.34111236204407,7.482758436896591,6.403182353947054,271.67842504983844,44.75637693910603,478.1113079041649,88.72174664595332,1.7454235906248565,1
38.02864628739927,29.91113436778768,30.31007341501497,5.587694037421926,9.842732609777816,104.62928259578352,98.61631106082555,974.402477348786,75.22105912803443,5.207162885943175,0
44.548323789607075,21.43301540835442,41.48881198410159,5.968743172807612,7.185752878428133,327.2158010147025,63.38725263064764,1137.1747829809246,69.57096445784933,3.526246576547332,0
47.036134678908944,31.584106939401437,31.576066177567718,6.29309197394723,9.46574908142276,149.89723125483457,35.402972126192445,529.6848877692487,17.29663327001468,1.4483882261712706,1
46.63473294842373,20.0849601573874,32.23318852763143,6.3995558831314066,11.999339376573756,405.8592963164105,1.6868011467858324,776.7508628081825,30.79360156790949,2.3359425245012932,1
43.02923558178087,18.70851031944281,31.22341016158282,7.342734805399037,9.670503425931473,203.09508952600783,48.494843974222675,991.0196744478601,35.174065201229816,3.4310150959112597,0
41.76168818732523,26.23564167571073,49.34104282079566,6.6200087281545175,7.307608871847416,369.674964323462,20.646600213843026,629.4717288264214,45.336477907043154,2.145296381253902,0
37.53648045100837,10.711490809173718,67.87588205067894,5.590221991040788,8.01540296285314,358.48941112987177,64.7754085446646,1136.6116157063498,3.720206085892425,6.457472790643508,0
42.834849011245566,12.39367370902001,54.13820202567446,6.315725926851323,8.94031670921746,346.67024117200805,58.30084937313013,1110.7724470959288,54.37083052671863,5.721467952312,0
38.253216302109706,22.53908630759581,73.59239531305052,6.33298082473814,6.556489467891318,206.78080301487705,26.521377538718493,483.00348458374236,33.20708895748957,2.0510143845239335,0
49.68731352984437,38.28738134175269,58.19266931460345,7.4309818768755695,10.674701088648975,206.83591087022725,6.888273421867163,421.9198172254721,51.550943088332346,0.722900247699786,1
39.1766187098918,31.64535339530271,61.36040693795627,6.698394182042216,10.860270330224402,445.21921737653196,75.50191980403346,1181.1667863835214,1.8080545831036245,7.449064802812961,0
36.171306105690675,12.643797085016732,60.056433783620186,6.771302142317878,6.49721541706054,105.1229330521708,58.546409459294225,1165.1800198169049,29.928982509777132,3.3809324552938467,0
46.047322756344684,35.38954038342621,46.967551591024474,6.926506062502542,9.218490569393296,172.60905338158318,84.21262495086283,737.8284835727706,70.17994504116899,5.184640683692208,1
46.904594654388035,31.96902311824543,61.360329332004966,7.0400786313642465,9.3120054630778,344.06836705679405,25.980001563671628,440.45065928477794,46.097339727433614,3.7046661172500253,1
52.438261225610105,28.328395771079595,24.182464788137672,6.770102140404978,8.670556548420809,426.8185017612679,65.28620647804121,895.1004421968223,71.99985955110745,4.168332168809954,1
46.53963224835364,34.60878881827532,71.59108831493978,5.974388702267871,10.461917922648894,243.33820346914345,11.868050052868496,634.728085910925,63.9064353265648,2.821139933660837,1
41.90961707446891,22.123295432288714,66.66872860663504,7.248091828682329,8.767659920480895,361.37738344432006,29.18099079168437,1149.3783895204433,77.94285176358794,4.334644550858329,0
51.06023763052641,16.645031525615583,34.71379749390073,6.96423960082126,9.331274235822448,322.8625678480945,65.65391118773695,1035.7295400434427,1.6699229696956277,3.9266938049561353,1
45.805577863748425,25.36070167326278,66.08194725524494,6.983740970193912,12.380188379532845,125.81604179281416,82.55813051447932,919.6750273067548,24.519294265995452,5.342972808597975,1
36.58560569262384,26.465252667804215,20.75855608400111,7.493113478469498,7.2968748434416115,348.70007877227124,32.09255017433469,627.6030780108229,50.39215539409734,3.6142014474336634,1
46.31701120626494,26.14979116029736,33.03479434885283,7.105053069726631,10.952917562427366,425.5613889089974,79.88535565565013,961.014863553374,85.69162689869641,6.94028333439312,1
53.16037090843325,26.95221374440316,23.908234320253754,7.1583028063103065,10.044755213526765,496.97932811976375,67.77524602732825,631.3346134073632,62.18111621192852,5.823391675043765,1
42.926252509964414,38.46114754717543,66.81361499707367,7.402811031420317,8.440573099834793,111.85602906068914,34.86747715075998,430.10478732150085,42.092990765366366,3.055327609233874,0
40.926516037996,37.067368692886944,65.35244907070323,5.802267999697788,11.820277251923287,364.0232690335472,87.63969377444393,806.7476700962193,12.712719745691476,7.979418902187104,0
37.869389140360404,36.27151109676818,68.81816142810985,6.495454752956135,10.409506876329184,265.8198212591849,50.92290660354312,790.9476358309528,45.38938192817071,5.545540014609007,0
38.02891043870714,34.04250432725881,20.26890159953173,6.661134047181575,9.818892215685562,103.9151554824821,64.82468225460822,1010.4047784209868,40.69782752104596,4.2191117164879,1
43.65542968683638,38.30284321795856,50.07396360070448,6.158551458444915,11.3413545181696,345.74437748340455,49.56313419034801,1092.5391058835557,71.05989472198317,6.105640573121929,0
46.91359648323059,12.954839250382097,62.29017185104019,7.178806687789011,12.418322463850886,148.9709194222542,45.271996049076805,683.5747909554096,38.20137764468932,3.0902073765324474,1
36.61230810339204,17.953697843372183,29.324067724340928,7.024839243291447,13.78135032026861,251.42674007565464,84.79777172388565,759.5784081629367,29.695426734999973,6.947609264788681,1
53.79137178050331,24.851678369637547,58.987443650757484,6.941766149016248,11.034802947010988,204.54683699536093,29.470441503862578,776.3203357156226,9.07477142219388,1.4907809654424624,1
50.10267234890392,35.39603479370216,25.046605958581143,7.494298879516334,12.995519883203063,244.46536090843972,3.662922236372468,659.3792674979035,5.1850957532830115,1.202415395775707,1
46.73247836567325,25.154971345681975,30.87955136625879,6.0187627468167815,6.0087323281836555,297.0782326003798,87.97826435449612,994.7095389001522,40.52209847701393,4.72651264306122,1
51.56877341877981,32.44104218024766,48.54780889967606,6.970914503350842,10.241885541807129,243.6838129958058,82.5023953051183,817.6809481650396,32.21757815519662,4.251338873887334,1
36.603735136242264,14.168797157467488,59.21390916086612,6.602808949811801,7.717180390161585,321.0927482358157,36.656047456961275,1131.164619510912,50.97917525615732,4.7560964305810955,0
44.536777554662486,17.572414389296807,28.752147617233767,6.125978364987752,6.753539656665097,195.4598760931415,18.545113870521124,920.2486175164688,65.07355934035613,0.22468752235760137,1
47.601862537233266,31.953282851130172,31.113399849856272,5.821173741446252,10.255768136515137,354.14470697135266,67.5533643048471,569.517247115178,4.600613221642268,4.542829549049111,1
51.57305812236579,14.942020266631722,32.26678202393978,7.2917676741350945,11.974612049192753,441.50520164994134,7.876090363563925,531.8469189976291,45.65953987325339,3.175344863922107,1
50.66939120098535,20.5406780396478,34.322048281938706,6.690910965415691,9.298180179795038,189.62681876608497,42.37547555388085,697.9074703330336,78.57747047637817,1.63671846547519,1
40.54138499426799,17.945987734407144,33.59323091157748,7.149867675281589,11.360859594755478,303.150886342249,8.586232154003115,677.5412322055786,41.96499275262955,1.8538196194171923,0
53.817603391184086,20.495850826674356,43.70894650985821,6.5906899680030895,9.9177540307276,359.47591381995545,59.79096753287628,725.7054598900081,47.911798985569696,4.659584058453476,1
37.48691682861741,31.24972147233911,59.227379050203375,5.939954161308039,9.496686927675409,325.8504524853664,2.7208383809629977,546.8728562435537,44.811265664500844,2.6818334475834757,0
52.50267237242304,21.03541543428403,46.28190698806818,6.1750976262006505,8.322053123486885,246.25977847689038,62.923837563431164,1182.5781360211913,36.08136266350693,3.7248351752406417,1
54.418804992092376,26.657899678238206,66.55843452499329,6.263077684947093,9.060748116008035,356.8798832022993,67.32055732893966,516.5678182949831,10.91075715310352,5.126613736013698,1
38.54307046445251,12.99795631163229,63.15611035691689,7.445869625007404,8.798365046355423,111.29848248403049,48.71444746251511,922.1190193794567,12.372059411427397,2.0273509147031934,0
49.441321284075705,34.15053079703883,27.59161484294454,5.511266556762765,11.169497472119051,247.9624927985732,17.500732929761188,410.45538805167183,17.1180317563924,1.9806864890395222,1
35.80571037555997,21.096658769443746,22.930497399244636,7.471332046049014,6.928148090233116,313.04488585640127,10.139393862720725,725.5688306552105,72.33081768078894,2.432021070885047,1
43.1084565027831,29.456024771000273,72.67649383997636,7.460923270219661,6.741090949502448,108.24526353434587,31.329234813700324,647.346719276029,25.77990705055419,1.6337754798540205,0
45.325665983953485,31.76168804985498,24.789863993772407,7.492301581060273,11.280103953667684,303.05953187371995,46.52066796000124,705.6197101915348,86.33114035978696,4.138550941813608,1
46.61290451819268,16.289827663351012,28.900350843182785,6.453176357839269,10.370384559031045,361.70178430625134,64.22083168448445,798.4618758184909,73.91531498829661,4.985239929893693,1
53.718744964971194,36.5402495486005,21.327996533487084,7.427617939241999,9.44160077394126,403.683079085218,0.1250127518499622,880.3000012194542,62.60866013788131,0.42072429019094265,1
48.4450137458839,28.486727548208588,57.700181917919224,6.291198363699655,7.219543075263228,145.34963256377216,71.10639192353632,866.80907583544,65.83542664561661,3.1953033723988797,1
44.62555902438474,22.861754252544443,54.94223378950091,5.552588881336773,9.288216894954491,496.22594995667794,71.27119321252765,904.5709360968904,5.286898781051605,6.9423682217963485,0
51.19350072531779,15.470055507346586,79.21421998611534,5.948694372743529,12.317854106560093,342.46708053403825,44.453780649249985,1075.6381460430325,52.155043028789066,5.294430226324948,1
54.01065641908818,38.2690281370362,73.21594377903031,7.390592489874769,13.116969886314056,245.27751704493198,34.34064457479518,1109.373724491721,85.69512189295568,3.013408995925249,1
35.44132297364582,32.65204612394875,44.65059064885458,5.5275293866708,11.620612559713761,199.63714178268552,84.23085646703586,989.8002404486381,4.519916505325805,5.887888385227511,0
54.650425445120774,16.240736881997467,42.295150454752104,6.59198827084595,6.479297407047047,329.15874467336585,78.4587482031228,463.1537943395232,27.191486666218616,3.089786195625318,1
36.722642781273606,20.131323241726733,37.81112205679911,5.651203177789358,11.363278212808948,452.6846588666283,98.3276088517724,1169.0339132079475,5.636034292054182,8.929860891945376,0
51.28773558537523,34.2902277426422,29.14441520227288,6.072793156855157,7.9278847163703565,308.22615845654593,37.193080533895206,1157.918469077637,52.276742007954894,1.7494493961727442,1
40.606695051028254,30.87032989646017,28.285019396120543,5.6761857014237735,8.522009944211241,364.5888222419841,90.68326048570984,969.3630356362829,11.458056445347614,5.950077920459464,1
37.64359315507743,32.97352878147173,27.937022480576324,7.219057242226112,7.566985663679876,243.0785758162241,8.740188589295228,813.951257121539,44.13251406019592,1.9505238379779974,1
43.7971127942767,23.23603306638797,26.846885431206715,6.682141419295411,12.206046324961637,255.26091523558904,41.14660662508523,600.4946866687137,65.79544931087902,4.126581723568417,1
47.87913158895227,31.494287879265006,34.43072254433221,7.304212931436625,11.188816981098231,214.47004230875677,46.537411874865896,1005.0809115991008,15.79946814419208,3.0593201959004936,1
42.6190369004695,21.594811685917414,38.40011781878698,6.876706399080456,10.894680436793447,382.2549177472959,44.08743162034582,1102.2881429730314,68.98279933704437,5.263659166060094,0
36.09130816565398,16.337887508145894,77.69473826233495,7.4420582624902,11.34378087735421,243.67502136662603,62.50981884311238,932.1500807119503,6.418401575490883,6.662067197452333,0
46.989222793174335,28.9803110452408,54.70839506011315,6.519755309520813,7.894178091231227,176.2865616164957,17.020783883816893,903.2581062894166,14.466203223129703,0.20621270153406746,1
53.04806552221349,39.280417767963826,79.25574647079685,6.777421163525749,9.557155314602893,247.76022846649516,86.6452171726252,554.403763656469,26.209932686400116,5.040272857701579,1
42.664307318945035,19.31802914185989,42.348016869540395,6.652617639778113,11.066029772391914,441.5308831331025,55.17640185396393,686.2372183153517,72.64891606708785,5.999029475799493,0
39.32665555261654,23.82908776637619,47.45759795536647,6.468520858893226,11.092752220946403,395.30081743076937,90.42095480132643,978.5089776260097,77.51232002110608,7.522855812936914,0
43.85154691865631,30.22004113209561,39.47471954991675,7.191918730846025,12.334814902041044,233.85633778542555,0.2631644021484747,413.5189910809787,20.834183292961338,1.5102229402158402,0
35.96725422097562,26.245188463674637,30.97325905379316,6.78905027134072,8.296831733504884,462.72358593468095,62.998811359299644,913.0114217511089,9.620544297294652,5.443425948115017,0
51.4097516896055,35.302833871271474,28.58988246665475,7.102624529710946,12.162688973574578,129.9330540469868,41.24578468548329,1013.3362408081985,77.31584041125265,2.341160204389025,1
51.526816219003734,32.85228119408548,76.70475186846991,7.072727873204826,9.521475844935486,119.90151656545729,50.509906174945755,667.7635890166252,59.443069376989634,2.1774473782509864,1
46.76000926859257,11.748916115870712,79.20864090792534,5.88209032131059,11.361381536471479,150.9881419140965,74.38045107802853,460.93421536063124,15.206989275881325,5.035037401053273,1
42.06205777876779,39.95263701771322,22.694569790523893,6.800327065035288,9.645755040522294,146.58190234344124,22.71517483366896,1055.2955031071988,51.194510663567726,1.3253168678323188,1
50.99566728891567,32.57207361158402,29.02075248390599,5.899296038362668,13.588881358327546,135.1337260049362,20.489943521438803,513.4694635880182,79.51342895969815,1.641437432139595,1
46.09374049576734,35.917099488823396,45.41144553806136,6.666640956487542,7.434418117933156,364.53704479919696,70.3007817737143,696.6408847758189,7.256344784658671,3.646750477814021,1
51.51864617100033,29.535931362860392,31.180008580664442,6.854869368892601,11.400040708658857,340.33695186216954,52.136575894418016,965.8032840542239,8.534911028345219,4.268969352811853,1
47.62917585166041,35.688553841402864,41.832823617613,7.494470143175174,10.612280006145271,359.0422042326859,23.363909806169037,1053.5887901211468,25.624698459631126,2.663175081522496,1
50.688109464255945,13.371489247861282,27.745780991578002,5.561083956299477,7.381848327581957,375.346421664812,48.40186346694154,1089.9055347908127,59.70360930387909,2.8574976601032116,1
46.9712598643552,20.432135066779466,47.390705403307415,5.682484788227442,6.528050686493343,402.75190099227194,45.95584057771595,824.3337532888925,17.02076585235387,2.7304263546471548,1
43.28282136431332,36.29262830813478,36.301676970155555,5.654053392742463,12.393155111773309,182.87077099456414,69.14444274153115,780.6973571646924,74.4730483885448,4.819749973077978,0
54.15891719852275,16.049656338006766,41.114303345519644,6.29672257253348,7.259610669170121,348.9214052939199,0.26611036192794035,1078.6538216144238,68.53871591154642,0.9365715243857554,1
45.822276497576894,12.347262957400682,25.658759087764857,7.143176722971628,7.492053462286208,332.0194637345493,58.6760265771483,850.461676037977,51.49043682651824,3.5418153778310497,1
47.10179037081077,33.64356819835657,45.6876830426085,7.1881126655742715,13.827473791912315,477.4640103213895,60.56781505122755,862.9205827321849,11.446093393330887,6.497242850374169,1
39.40975278829499,35.06458466929888,78.99545665769419,6.973959191442304,11.738086811813046,192.94708969585943,74.55101371879198,747.1786943950406,89.9397845480978,5.857742009186964,0
47.51301578854553,14.879566545697019,39.72998281287142,7.293756483659895,8.00389473280978,123.48917374973256,88.9230466035449,698.2511775368316,45.103026660654244,3.769774626038587,1
46.432152989658874,35.63037948348146,72.5857564905461,6.145719888338905,10.727591681212811,361.39802788581727,44.01897971116888,784.4326858318633,41.68658330805516,5.2265926441198545,1
38.6967679589405,30.603033867915087,70.5919484974211,5.676309288504598,10.272894707220107,396.0691360946847,34.25202243088844,691.8779949569018,90.6012171700584,5.2716104321379795,0
36.19174194706287,25.602480496497517,77.12350509783263,5.616306055979701,12.75578614011078,213.27840232302026,10.232037751128631,674.8371599753908,78.74814371242024,3.5072513684169153,0
47.08718639429542,34.90750578344155,67.40657073602567,7.204265439238773,11.834565982660994,328.3393723758676,33.6835844893233,1194.9314736063152,42.07309606283332,4.250024041618534,1
50.27384538700641,22.577477479568973,59.5758096235289,6.960872588707383,12.653769003945486,123.81442621366023,6.848466444440771,668.9707952574785,38.69226873426449,1.0303102509293551,1
45.468027418440165,15.819818686701916,71.39506665364746,6.897230612022241,7.6920527038188995,484.0179364673156,80.28202053414549,605.1069980261337,9.63184443102875,6.685903095176068,1
39.535452506392915,18.54558029831841,24.53868083944098,6.179352677091337,11.121753634936042,143.96998931966743,80.70061478458365,683.1392718741013,84.38605717501717,5.278959904039321,1
48.3304395338607,25.154920548799446,47.76983943192847,6.259810377236453,6.321926867347043,127.02821446079828,41.72376572947781,872.6250725088848,76.93973629472782,1.1563085068056675,1
36.60211453219205,25.939923780195272,79.35537431690352,7.416227057798638,6.551524898233761,117.64406379784762,25.964123387649085,1128.792389298532,28.90022435919198,2.3188694844160453,0
43.83667409603909,34.16742479323701,66.17600907768394,5.62760948819587,11.708216261636778,270.9087626013411,11.802007545227177,1030.291400158209,68.79891588118996,3.331925562702842,0
38.267335167968405,33.74058170957004,77.72452268223338,7.0474634738755855,6.195360821151451,138.86389738287602,85.12371660218464,1073.7929112605611,69.64564836465318,4.818470721599733,0
38.68918102119767,27.440996716137246,66.77806136800874,6.1192666474167865,10.638120071204074,397.8592963822301,87.74952783854053,1087.2068885470862,21.511964550395344,8.335753549893047,0
39.04587898316407,33.42356450096429,72.49291804652864,5.578109236825112,12.72324078755624,459.5496642505623,26.628961458981404,1136.422717157494,56.228992294481486,5.430549071879222,0
42.73414114087956,15.75320374881013,62.39177793819146,6.985140221484912,9.039534467344229,204.08757292994284,62.17605484677636,588.0569863271039,23.95259230709902,4.1464202609344225,0
36.02300411240795,11.50193581279883,65.63012026503438,6.161823771356749,6.358723494719302,351.50924770055957,25.865366479038865,766.6928248299484,72.08974467423204,3.7255046487526284,0
42.95586881858196,36.209014679041005,51.39068059037004,6.944295037485594,11.710779597029815,116.93537880472711,22.51266271435788,708.1581332611572,14.842873223462263,1.293061228834039,0
45.23414894229401,12.266634812883087,75.45426204884797,6.91530876623624,13.437491619713207,254.62578867711815,2.1208050631415287,705.5015956908003,61.201539881854956,3.167021042276989,1
44.6658856993265,17.40065289231992,69.5023346374017,6.56957375086623,11.737371136466143,217.17684537109136,57.71594175860625,921.8269213617478,30.34105404865851,4.5534809519296875,0
42.65568200806081,30.859568488731536,70.63309793993793,7.054746258421098,10.627577944022203,191.44763857614353,14.994154318555719,721.4424482541947,4.256385178174163,1.914490891261474,0
51.78293216141505,22.283438128819274,60.38054605778314,6.662076648342487,7.84023063903248,357.8893958514796,1.2371182866931951,893.064244733763,12.133417978980379,0.9605768751165091,1
37.906533848410085,36.28941909746526,38.274796825234944,6.073273705696521,6.123004992355976,152.09117854341451,10.485116433681728,705.8234909822463,59.940922436523465,0.3241128191298176,0
45.11393487562748,18.939393839868085,22.13778772340836,6.968230602128838,11.557376867832426,444.2842093187954,31.37691915878138,648.9025461795384,22.592287289978415,3.6235653801644307,1
36.240828339131085,10.356140400080779,76.13930776457266,6.678279631755447,7.848209406754344,365.9343625474939,66.91631901117117,682.4617427545446,57.79318353262044,6.8656389157723465,0
36.4231135775582,19.019669216822322,55.16722092832981,5.525454563379841,12.86530141745886,384.29407147522323,20.262305333212517,1043.0056448110079,38.33399494011583,5.009527725881855,0
46.477316993541926,27.34225147554495,37.888578268888416,7.3032883555406185,9.73091295066089,474.1377234630673,88.75905625316717,880.8408289831128,63.3442117488622,7.8212136890946855,1
46.32036849775642,21.278151262098802,28.948106470852267,6.591287236648627,10.24508465897965,476.9491486010059,28.848841038295003,1179.1981864132918,45.36537599669321,4.382882527493741,1
52.56067025688914,26.046182672762658,69.77138993004527,7.2372545309590635,12.031492354130933,320.6609295276943,33.122628942365,1066.124981103786,28.76923874450539,3.887002685963042,1
46.15747351320147,36.29794356505056,70.19121166685474,7.265473677964489,12.235444862426746,298.1519269143922,21.79771799519773,788.624486667233,14.123726187184166,3.124142682961436,1
54.195820408097006,37.37455162691106,68.87047808783188,6.389933313470177,11.141206664644546,234.15264329076405,25.38053370718384,593.9010680752607,31.69884271791522,1.7964988632040522,1
35.9738969679986,17.979221939623365,58.704961518007174,6.515319992902462,13.507454523301945,386.2286440809873,7.413511455314181,939.1272891641162,58.14046701340778,5.3913686807218255,0
36.96015369561482,23.864214198097024,41.960923255512554,6.331508775351204,13.858387490563356,315.2835547919252,29.47705787161895,981.3168218495485,67.64261546776919,4.665950079556349,0
35.88131723140763,26.474320457243536,38.24421708681542,6.398873550616091,13.575083554996935,473.1500318960498,85.9617459600623,771.3407838335672,15.43057073559915,9.602926756350344,0
38.7055370066708,38.47337370664741,20.51328620709021,7.290294317943456,12.593433482751548,195.45037948504213,68.84245413956134,583.9377059285525,60.78451679993054,5.781582888292616,1
45.82540221883356,39.95851957493154,70.01645352129442,7.0762880279358225,11.645001761954012,224.1010745001963,87.52682038656165,845.7906542906121,17.135155868636105,6.665179321612342,1
47.91144362854856,17.0622174652458,25.245961849618546,5.7530513526311555,11.30660686305334,226.43617896798747,10.485901437935663,603.0634018875573,20.96374091409851,1.353290421127464,1
35.911703158973374,31.809396140374464,57.84529988244606,6.720615563080192,6.830001415364271,422.3993818226828,45.56166308421591,1151.99865410435,48.81855162520135,5.296455088517736,0
53.919417796911986,21.340931866995852,50.2444968104053,7.491813280772685,8.1718747745529,139.61613273686095,22.925487298011504,903.1073984269756,27.02820717784673,0.1,1
51.84330753300762,10.243245906586397,51.60136153558107,6.691101402464971,6.045505788235016,282.25964839559185,72.12155905561481,633.5447693353719,60.543589711283786,3.372672083087779,1
40.93224964314186,10.27757567307707,75.6027707184664,7.071743251186211,7.099278961871935,271.0322947892189,97.02378247258905,572.5845506676196,87.01989618173845,5.999475658102778,0
36.54375060452936,23.81698022686767,21.896900676274527,7.038122946762342,9.513835817353506,129.25584840550343,81.53594790502878,973.3786267080967,14.40029812036548,3.821794298575999,1
38.39774146438115,24.65004739013004,66.40353347772634,6.200635051744657,7.172292406312587,264.3187994177389,3.527816675100637,966.2346241934023,52.3459749078475,1.798956671270258,0
37.53888827509945,10.67709089720328,23.12314390203843,6.243698605407918,13.213307317414063,305.3511933135925,31.665969464423416,877.7057852068599,84.09692644058735,5.124468098966563,1
37.465675585978936,30.607822503229073,22.289216356122633,6.948152843580806,12.445593482682256,126.0418770019653,2.8579690450523554,891.4408201433771,16.887607898645115,0.7156526027716297,1
45.37123377331468,18.820101657848593,45.78906188848292,6.49996706320967,6.572895296716146,303.94485137786694,4.016696693098554,883.0952022604985,34.016581304637235,1.682151843137395,1
39.91694884986801,26.79679304607848,23.784510460578005,6.641141418260776,7.991309723738128,483.69516187336046,7.951530416441388,688.0827574484138,12.125515149080844,3.686547464455551,1
42.16279433058289,19.027572194962563,67.34863707757472,6.925811580729675,12.55257507689207,491.5657292646129,27.632692897056188,1149.9315280059786,58.78339464825535,6.19621993217165,0
54.790106667686445,15.014029446079215,51.773785618900234,7.0551500540781005,12.424369012478987,312.67191143592447,30.420276763813114,783.4227714103342,61.2228634925231,3.2311125261292566,1
48.6862849785069,22.215212157966256,21.742326959586467,6.0430331554661425,13.56360440094231,306.0387730411836,40.04535132348882,416.26232011647187,60.77640874920734,3.7642704901056065,1
53.97961334094003,16.968200943715022,22.43004118891517,5.793587518873926,13.980382092938882,214.20326656655658,40.49310944662962,678.6890739106603,49.79143435270108,2.650837783534506,1
37.851131100662315,26.04402930757504,56.76011178436876,6.08358929344745,13.810160505928975,498.8461886848406,77.1409011843181,504.2260629180796,68.16347810179948,8.90095375600256,0
42.64278949665139,15.964855908594398,68.3667090595043,6.515076650184151,9.281103885771532,209.69166841009041,14.140324357889977,690.7070328383068,4.228956674198175,2.2802166761291405,0
46.09463606564709,25.252179299338813,46.26797187648641,6.184282634594078,8.002627550416257,281.1605201759826,15.77406158042577,886.6099880285861,87.17621387007756,1.6667257343848394,1
36.53516123777476,14.721355446066028,53.27484029213746,6.636725517695187,12.0672815234165,101.1736231210706,62.6589051672234,418.1315796175393,20.98865871364181,5.846758623748066,0
35.083748872559156,30.12924128457355,67.98976724299409,5.606931448251257,8.394183141952247,239.69291636365475,57.17421521924967,1096.160424982295,11.940577182256906,4.98220323837634,0
48.40868667593835,32.61813053324272,56.63037044250915,6.519500823227535,12.451202881050637,128.57612024352954,15.400470548211242,888.2472947745404,85.70224386477383,1.7112801490695313,1
47.83639033602871,13.311827027498014,33.48561425952917,6.235969813875416,10.271637843183395,397.5299081540529,85.22644268539192,636.2975010071958,75.7393224725425,6.227657567597281,1
43.215776199992234,24.034072361120174,56.783121552168716,6.569333509785765,12.351418201879632,324.4057812119729,32.90594141012074,648.9641391394252,69.8383377362512,4.368757702758519,0
44.79288152064065,12.126151019646208,57.69676754391281,6.345066709769954,8.207039037736084,328.8687509150626,36.69673485444862,772.5345412129207,10.427113804508345,3.250864453003593,0
43.308860011841794,27.94547336626007,64.0464188528676,6.068451701275085,10.064218524430567,214.6045143598812,42.04600808345885,598.4734448014348,73.67762923085492,4.028018148763335,0
35.480100896897774,17.93212893788936,57.252451253408076,7.3082158109152715,10.512190348817455,425.95851610118945,32.270187073893574,403.47354220875695,55.81211707088044,5.120782066654856,0
41.707432124349246,25.828733705161234,78.15452782748227,5.869529976842713,13.544864541761058,101.30837013250007,55.74550522726265,421.24595854341055,66.87177499106605,4.429545944130223,0
38.5416451079458,25.523830281528735,31.83729852302411,6.862731151161119,8.132780614643337,233.44047166567682,38.86477231581985,686.1925375776159,89.02632518365532,2.555556159579698,0
36.96848378202738,37.73063038581401,77.06544077402458,7.349289425164828,13.493505914279158,363.7989961835471,25.94347259452876,499.37734128688663,18.49970594062002,5.310843572085573,0
54.13440867778699,26.472496677061688,52.30036942100098,6.577339919370866,12.438871323725728,463.1690149667684,90.44748677107744,417.8909397176655,46.39437647366771,8.116876954033383,1
46.987194500843316,27.489954391549468,60.317368429694724,7.252816977158965,11.847152432693562,193.84638277009321,30.835074014015472,1087.4154160278722,68.80167518132035,2.8492414605306613,1
49.573125684732055,22.04959377293141,25.96769584713139,5.749702956866569,12.294962153481002,316.44002069096723,69.8488925468822,619.3098509142826,40.029071569452846,4.7581889535681,1
41.30727486532235,38.472388095484504,42.83455648268642,6.487577540512817,10.843400367040456,315.1965682133284,34.72267703568962,802.498061733441,5.918777462638762,4.2451197409095,0
42.862942589880305,33.31557728318829,66.16274878779035,6.414050560961879,7.952640083699887,449.6697476174799,43.521998687747185,543.5272673532985,11.029500898796904,5.261881192548217,0
39.738479877934466,18.562158709085246,62.41466090593942,5.51623761407399,7.515959750718822,120.20675582393693,23.594352340133163,437.37997779500984,55.188277529106045,0.8050768656378609,0
36.9393134193085,35.32628757328696,22.408363289924612,6.386514682718669,12.930731486803124,269.7902244282829,75.23296193872542,995.8930395908651,26.650373175168088,5.801884799948341,1
38.580632748831675,22.9718908055527,52.79565580983468,6.238059512765195,11.801115220766665,172.9862699167726,73.72032514262531,499.96548371742676,13.405658257233403,6.346371939460866,0
50.950280905929716,34.86001430600782,25.296691578104564,6.839597455549231,7.705634262087592,108.61304011943922,2.223994580810018,420.57352192292694,31.59027977721242,0.1,1
48.55091610367552,34.68664204880506,79.75138575068974,7.376659557153037,10.920746926995212,158.81237620819314,6.0194040301291825,869.7842626107279,19.088283884030695,1.3382009122721106,1
45.93857751970954,15.666105602885631,73.83779531199768,5.671582176524073,9.58037185131379,490.58826913927965,92.23764547449396,410.7740579371597,3.154551991729697,8.338986193095161,1
44.50179745733536,31.034233941507306,21.264839625712217,6.154952773429246,7.269241359704751,185.93940380810716,88.88268472378508,749.0287558482573,14.66325897104495,4.872197332276331,1
53.44868567312249,18.71928907919593,71.51897473415785,6.388129474788504,10.254856874857314,474.01230933432,50.608719277853034,631.0688387822529,80.47701648259053,5.160865314211477,1
36.45469895557337,18.924780099780044,75.16577603350446,6.410370756068767,8.252152739731338,182.10173705237668,49.33573915583365,655.5343879502022,2.083355425244447,3.652260650542702,0
40.61201626475832,18.89044230641742,41.2128933538073,7.0496194416845075,6.769952993260572,472.5180909537938,81.24241743837925,403.11923449122384,70.64652732346862,6.692256327924367,0
41.99875707141428,31.767047426798445,63.17009930286595,6.386791331666881,9.735666388363287,361.8483740801258,13.8450146884879,1171.4768643062362,68.81149952844252,2.781246603354434,0
50.64851624425576,16.89478125377608,46.52622477246673,5.554322602907307,10.720868416748495,145.2874310007707,65.3699121345959,813.5704819868304,51.78139195230903,3.058876079174512,1
54.85029240323942,10.027175057382706,59.31394907458065,6.920208189185662,6.375251283049204,332.7660620506311,47.59829944872595,858.009706433347,19.76029891375336,2.296548792150568,1
39.81341029514306,31.457105604478993,40.419044257891485,7.269659390291343,9.216741995287975,227.40561501611145,74.3331029315623,932.8979879296223,80.02533018702084,5.080076717995632,0
52.48614668274161,15.135542315053758,39.353554197996104,6.5278094250993455,8.061295358693481,253.2612623912281,3.010279131199045,1038.0174328398134,43.75680119145489,0.1,1
51.61245520863582,13.13447185923504,45.46603333145474,6.6622170433970105,6.245204725657859,276.0683831339892,59.272554972393856,886.3272930473406,16.58856061429619,3.312587744307713,1
39.49314795283533,17.125483617821804,28.73406551915007,5.825872877938092,7.005300396892046,269.0828090121338,55.67282152155576,1009.7584843946471,39.61203332403035,2.9527548685453726,1
42.986651603984456,21.397015669681117,69.86833786612296,5.941291889357914,7.11227327054702,365.64355619321157,84.08483295891853,758.9882354903004,18.54255049698274,6.435319950944714,0
43.19345738585038,24.27718982419602,40.9218737216982,5.9703404782492235,7.462993984943769,407.3472274363053,67.68362975550278,697.0201123235906,34.84070570169321,4.782912622391541,0
54.56441337053117,11.337101221378925,44.008973234350705,6.36148394976259,12.42702057150337,231.67107568044852,88.01603583956376,1058.5071259857482,45.701899390910825,5.610983919000415,1
38.61783802757797,39.117199978820814,73.64327676212868,7.356290441791284,9.515934931825115,469.7455846742759,88.72733216425588,1092.2484193387704,33.39108007318449,7.7247253833964855,0
50.98315942209564,31.481891602586742,49.797428843790286,6.543569533429772,7.176687938163095,475.3865256075506,40.81640008997178,510.245335829547,60.13398466654309,3.8607095371735696,1
41.683854283462196,19.695821959730083,52.65523456105178,5.8841952904027055,6.802375735423114,116.27617486045736,13.743413375181312,834.1281495680489,85.23260236795946,0.8959554914262419,0
49.617406915523205,19.560917718561917,77.38988748662591,6.032175471737899,8.383523669832313,105.9635155532074,63.028365582218804,946.9139443889275,32.33344128822671,2.92383089860631,1
43.40022008591326,23.45627648105378,73.20358298869935,6.268030059454368,12.384124149635618,270.0265320604244,87.37460984085104,466.87898930557344,33.01655624528372,7.843783264885302,0
46.5671952623308,28.78734468289099,30.16800253330637,6.746517951385599,8.915678783517148,336.2581003950634,7.495334419476074,1143.6774533942012,67.44722235420389,1.5497794679659942,1
51.652235466522626,14.391191997669033,48.3929017950863,6.380066306008011,7.279178882351505,211.16189898082465,55.79232730846642,816.0878181737046,48.75318383689763,2.1528082340737664,1
51.08331129967768,15.66789441294857,78.27777364571273,6.28488968835385,9.23292945236928,203.76550043430973,11.499952665982393,916.3659338534018,39.5955495658667,1.4106609068890186,1
52.32846367079401,35.78303748500653,42.34197789371616,6.629457200797989,10.44249245829646,371.33353188367624,2.6995991755201953,542.5941984722829,74.24273696108523,2.096858869671937,1
36.19234650689318,17.687647716672178,42.294386510972004,5.983669989908931,6.236673469104111,340.6817138622279,67.96353539408335,611.5477519643418,81.193246047227,4.0103506519837335,0
48.8410110607949,21.405849939255326,31.701813907349262,5.657806545169164,11.021134411521384,166.85874999724388,68.18496118721639,496.8009733449619,54.152794544246525,3.6404393496266003,1
37.799747534435255,36.13815552850351,26.859386847147512,5.5488286296444445,9.160806024118315,453.8003853060635,60.0658044996362,611.1989774831111,17.659294547995547,5.19364482657346,1
43.31637136036822,29.894434881994677,64.41828744535891,6.002518326934254,6.077807001049555,371.99042806442793,85.92228039017972,793.917412233439,42.96573001017801,5.20914842919641,0
45.97176830109377,20.251356380250648,66.20182812209099,5.683184068288938,11.391115191571046,245.03049966760332,8.087643979347837,1066.9036795658371,46.39335959333208,2.369700853670662,1
43.054789694936616,30.510986371738625,78.14077781018,6.172681277041534,11.699101084501185,373.44987599646,10.526026169875935,826.9787320162908,39.89866213997735,4.786559330786273,0
45.39223351606015,10.590496461442411,66.40509265432178,7.045867080719511,11.030718308469464,145.06123470712637,86.45354379794472,595.5708785848769,24.61886909788459,5.416530613622161,1
54.93052617597238,32.06927980034096,34.601149642015926,6.932588660973677,8.735441740787378,287.30244982962245,50.32767198862631,435.6968599125824,43.5089626951469,1.7404080891342013,1
37.70434627425709,24.610481215487184,22.406994697310928,6.721855245576058,10.236838832527688,167.59376382382374,27.305280883823723,897.5758687256036,41.18915368879207,2.0085631931280488,1
48.50912090672851,34.395464418533834,79.12624306217961,7.205000487758958,9.097261649067484,116.57249845137466,73.81569779852873,736.1279178933185,19.85441715567448,3.5225223115193844,1
42.9200193277123,38.63912956019405,40.427041732616345,6.064135249088554,11.604973841277555,235.3305081153199,89.4403722604402,1187.483093453656,82.30875871024585,6.232809826867576,0
37.660195978146575,37.77365648483705,38.718292545945246,7.270107506059931,10.66864148986951,160.2941933923133,68.96032862029622,1023.8079083293544,80.68068557627213,4.518315001020304,0
38.17473526748619,37.277951303660224,74.35731258496295,6.2984783393383585,6.654392910619598,353.40718278152985,79.19325966784491,1046.6902554186954,69.36547856055307,6.5997651151719365,0
53.98546212491234,25.365098678016615,55.10599391269917,6.301786636533253,11.144748465751979,369.6271576070841,28.249724019519252,409.78801830431746,37.085191985105325,3.8173814009090714,1
52.59202993423524,20.80426342416814,32.892270430948074,6.310703227251043,11.497907314702413,159.47692249064133,28.877535941054244,1022.2362663232457,34.330771710292204,1.6454306893050026,1
53.140839208300434,23.951059741920183,73.34577456297437,5.6961887324819624,8.965617444917594,109.84520224137052,86.41238803546324,555.6906485403942,65.48188396563681,4.089032536138882,1
54.83065551654773,30.696880099400822,79.6016513032846,7.4509809966621114,13.006286247677636,417.12422465406416,61.48628486552153,868.6366978306447,55.7307311502762,5.8118157353793904,1
39.16630780017036,36.5199333061356,25.200713669049843,5.777013555650319,12.744114838759701,100.82280829142492,23.416275167373644,757.9372578525749,55.053849155208205,3.6744731774808876,1
42.108786747281236,16.209589090003586,71.73509769814923,6.181771448938369,7.401332191197903,237.56523567351547,52.41618154622122,857.283080462144,12.170037474537098,4.083029920680727,0
48.38438059849733,37.54579475385109,43.43094186106364,6.1386006406535145,13.23413046788695,297.8333192182679,68.58604714722493,506.754823538397,56.645540226590356,5.973713464898593,1
44.676050797212945,34.45540695909668,51.444346790402264,5.6493588656334195,9.52697897196062,427.45687541537313,21.854908125078797,765.5133451289171,82.16767100110292,4.385295795262491,0
43.367790667566666,39.36568045534704,74.88895854589884,5.804520260223754,11.789997221074348,435.42345709845625,65.49064082077359,429.5557487613305,8.723482360339007,7.152268499851209,0
42.15622498671186,36.407553198450614,78.40275174650704,5.589716672370772,12.512776055737888,389.97577624418216,4.214484981776778,432.79947852770465,31.52541691637086,3.65889999250786,0
46.87561263886904,18.3981198907572,35.72983462452797,6.084808987121027,10.040899368557518,198.87904901595914,30.369162300416118,926.1905046192559,46.81128623023651,2.5944172628393725,1
46.51186857280164,13.178677340321432,32.771046257594826,7.233313848057813,9.192815514966526,388.07477372766834,67.39718117261148,1161.358698777744,62.74085453483383,5.552450530085335,1
38.2291566812848,13.367232159747658,24.83099351549071,6.178884411474769,13.323610948920788,198.61567915077666,14.934906548990156,1021.9143349638265,9.067143660062607,2.9226536057796335,1
44.43479675036878,18.73669955734828,53.70787115972828,5.747383664134759,7.846828423483386,185.84327669268066,22.21990306424989,775.3246244567816,79.55255739599598,2.0859732429461237,0
46.069435524197,28.42551171953618,20.816263727040095,6.791387736767836,8.055760621753155,318.85118169221295,87.90932903583894,444.69659207389833,4.649105836733631,4.985049040970219,1
46.40573877462781,34.129609782915175,44.71389785659619,7.493201824109821,8.892962512107497,371.541777533625,67.43210994316084,436.01611956568337,78.19207001265183,5.235073113235098,1
39.202143858247034,36.97750920944694,24.403040999120513,5.964647579063855,12.875726223764524,121.22070636467224,49.89187102566738,526.3138088864465,3.488658027872963,4.385013491396573,1
49.845427845045734,28.712601531076984,44.31354697576004,6.059142010741139,13.510306113704608,124.00904044984338,21.08933921274523,1180.6484031472214,14.817097389462015,1.830094786439996,1
35.503981896421394,10.168939382441613,22.395931355936554,7.443694108561577,7.760541718038895,413.66827472671594,34.14096565822581,718.9288531529305,73.02914444383062,3.998629434250596,1
42.096637110863256,15.589503295556005,70.11303563652613,5.857552575100974,12.910961181049963,443.7989003861919,57.43304982873592,1074.7258334981161,78.41479934834005,7.6797128935628844,0
50.60425297071267,12.991786115601037,32.584339636313956,6.522428134918328,8.065623675748554,341.77636653675756,15.531259390466845,964.1139511588776,89.4039246357603,1.3274159786317101,1
46.27785842110805,20.8997342670703,39.69852262147472,5.97930426603219,13.765129973999105,271.53120388275437,48.17440798981889,884.342927372853,11.414334550930768,4.209269908328248,1
40.2232486502172,25.040529809012376,72.20287979638351,7.3647037958024875,10.77926313585266,438.12659183967435,40.89743941380224,1158.2608893229933,48.38060044815685,6.439535384256784,0
48.899062386860955,11.301915357356826,64.7759636799323,7.463042029152588,6.056691739579059,391.5268131101321,47.66873414276183,584.3292564952176,7.944024388572149,3.4101336715601684,1
46.34781888312147,20.45433927386966,33.14230169852351,7.129395692240031,6.273039232569423,331.8376793725074,10.556082128029942,763.9117299753229,15.076686336746464,0.524988840691918,1
50.92487218912774,15.375390238759678,24.31396511944976,6.129567631625621,7.179876246437668,227.90284877950535,10.649708704502858,1091.7783725396762,16.704447211572695,0.1,1
49.700503723796466,29.412104987766217,62.94042661132037,6.30697495056101,7.500585262550054,179.19802466272648,96.41109527463213,841.4090461137951,6.70494263131769,4.950826322908973,1
47.202158440724695,23.9281710797302,43.44215304128656,5.9846113673328425,12.140952982612774,267.46921570860627,97.93677337247686,597.1561117008888,81.36818253355034,5.785161520381734,1
44.76355350621628,24.859529408017263,65.96479994709327,7.281515934017983,7.782127011335599,214.72903038408464,42.616465791181824,567.1331334738214,12.371996621292386,2.993472766135741,0
37.66364251335047,22.83075364100383,46.71768634251262,7.3291165553763165,13.75313296039888,235.70343509378438,78.89954536508374,1002.3048008338409,57.64067587110914,6.914198936872127,0
40.22666035770767,38.68059131459701,40.76014477833658,6.337741324492095,11.088896457623505,306.252422124813,65.57914269230768,410.231115401671,57.31723581068272,6.594602511497739,0
43.38198945834171,16.442053753646896,47.07232449274379,6.813066139806004,11.540140074028141,167.63758278064392,11.691685461838897,1131.3536619223064,18.8780684829591,1.724945773083934,0
46.985985740127774,25.499927795316232,64.9135391402406,5.831106359549388,7.74253215428166,422.4706720295302,29.667865733469778,414.7343904921624,90.8570135112203,4.139702414515086,1
45.2741571043061,32.08052105096008,74.13321719242245,6.369871800726818,13.141650512760677,158.211784685907,31.365140864452044,904.7912375045632,32.26309958762977,3.6443082376534033,1
40.76369051919059,26.705332394036876,22.98603179531453,6.762998213346995,11.342516582559451,292.39745576838095,59.57744348592239,883.7983691536058,82.45849338670551,5.04224631685443,1
35.12928715579421,37.87062657150403,51.446692473617304,6.270806237036039,12.91524499473491,398.38853523217466,57.997671231447,862.7289208438249,86.34562590283706,7.503449218690163,0
44.924784438016275,21.339050669238524,21.970125745032657,6.21519905137292,13.651848777849816,294.0082830758385,92.35086937027556,779.4744406934044,86.40899328697267,7.916314625974978,1
40.712519771244864,23.91027417319534,48.10457270146152,5.501997984533885,7.005127816876771,244.4088254354555,79.00363139762739,1081.9442661508888,68.75538288415505,3.7790836887859354,0
49.6921660142107,12.655669456441853,73.11696974581403,7.108586927554228,6.772697842151565,289.9565223291004,85.68476646029737,927.4662962323874,23.842450478078472,5.0720667734266724,1
35.47892530540967,28.269973331557853,41.69541598521858,7.278675224042896,12.427262612717087,439.4682795496562,89.12286136110093,1025.4898251995148,11.85898166292322,8.617861984037994,0
46.69655622611582,18.64635905344318,75.9470252648386,7.4389270590916645,12.929008472753363,496.17267931358305,80.12766725549804,492.41744478335187,52.28964794387996,8.220021111661447,1
53.82948475012131,14.809271185467065,57.836508299036566,6.938542770138431,10.670091367023886,352.4573157157742,33.28812610571077,439.9189099659539,33.40352179873094,3.5311079266534264,1
38.48818534222999,26.33593878713524,76.04932062758039,6.597584624739769,8.928004382004165,417.3776170594803,21.501297133450002,422.8228071438229,75.79351106373021,5.268863209359444,0
44.43298981501191,25.96930790139732,65.42999752475117,6.0385690396174185,11.22103708860179,105.79547446371546,57.17673380210469,517.7647883788742,68.04910473550764,3.971913144488982,0
36.82843983634277,12.276149236721427,26.206109998925736,7.498598951926997,8.445312580739659,452.1457638098291,68.95683164533187,933.6063122035326,25.882146655607045,6.558182557845879,1
47.51363824522706,30.946463604834182,33.86908205376062,6.679505709064211,7.907085537227745,481.6199039711673,38.65679689631658,795.2174045929366,2.531371032075591,3.86870910345929,1
46.01063361192451,28.713165719525588,43.65022727501037,6.862308144660893,9.905161676218125,330.06773670302823,84.83386499645103,1001.8018049296568,22.358418305582074,5.92029464894401,1
43.14731048425665,15.670518482394916,30.20641292072456,6.864812323910636,7.7292306208510375,401.52194482408794,96.05665928179835,553.384269393686,52.04040258180398,5.940333180767049,0
45.427540429474824,24.083045864621315,49.69469628659963,7.1905035915143625,9.869628866521383,305.09789718403,56.9395726137352,693.5704335763693,8.10977249913347,5.345991400188513,1
52.931493169380204,31.6096874943568,48.282089342089435,5.519345077693838,13.652852043708576,214.4814961822359,45.65920622162183,1110.7980388396359,60.24453397449534,3.183476667863958,1
38.92588604622134,25.883072216238297,77.37555188164288,5.940493880862744,12.718272284939124,440.89918879320516,84.28871169425179,1148.5716368228268,61.45266562950698,8.783672715714463,0
35.45129023410694,21.864672285507105,46.023672973758664,6.831068000340028,13.533047356000178,338.73468479837675,2.426954698938666,1137.3833239913374,16.245453012389113,4.404281217841898,0
52.233297693982024,19.670153742428308,67.13760825727987,7.290291473649136,12.450631798778868,331.7532335165628,12.901261583424805,1054.64403536061,54.668641067688775,3.312094876221752,1
46.54234164775813,28.31181599932161,76.51463269108879,6.870677563842713,8.838007487570213,363.65288153648254,84.56576590062677,950.5887028783136,55.62742851651103,6.133592685159881,1
52.81316910923685,38.17326094930722,72.61932985843913,6.326982582987361,12.496361908412473,442.4012663315394,73.20285856479924,1130.942315221971,44.01803317186486,7.6261663477687796,1
46.93890446826345,30.1523452143245,32.520057470695505,6.223110991740523,13.383325948425712,392.7624503083857,41.6136698204326,971.3452734661113,86.79212267759867,4.904196165374569,1
51.203221799194054,12.242377109089464,49.76179365521266,6.975896016566641,13.576286302696435,184.44967768629812,88.8851857724405,1163.148998980395,10.734686226864962,6.345018062936585,1
43.59346726710296,23.820549204464015,40.86438693775554,6.9824753942743865,11.465582805479976,286.7294177629278,35.14582876453871,419.83066562951075,37.596310183262794,3.4370504350401943,0
49.99719862576538,36.72472394531883,43.99152170823293,6.7141159850113805,7.690933150520905,492.1193327944825,63.38453578669174,1137.3136687156616,80.46286950278449,5.554237638293346,1
53.26082933779712,12.833872774032606,41.648409574745074,6.082934048194674,6.317833226917527,321.82428550510986,63.433447032591594,844.5924289114998,35.768261571364846,2.961323795515474,1
46.442459274444126,39.6662713641263,69.58155261050024,7.350309636781088,7.177601825281246,475.29814138831944,18.43318926142362,489.43820145636664,39.21756481048014,2.636366526289688,1
38.61570301124759,38.472081809362635,47.128343307346846,6.603759884237278,13.724375343151564,425.34779452522235,28.485173616405802,571.9290157898357,61.144649239325744,5.265488036554499,0
40.37595230060396,12.348234421896276,51.42165993468129,7.080984712496662,9.696774593542155,366.40937672350356,91.60069226960857,1081.7274271319309,60.900719462162364,6.749211187404697,0
38.972891537948115,38.002399613486645,78.94684142282448,5.9286165243236635,12.83988811865646,239.7460810639021,18.341485379341705,804.8935638772127,3.061176259488887,4.579243735855665,0
39.93714055191466,20.89397770778387,23.598756331490986,6.188081577229456,9.72035322846633,221.72773901017558,17.35746218476245,1186.254178796189,42.01276835016584,0.9085252520294121,1
41.12830898702073,35.34127501227587,49.27745838744492,7.249159032774685,11.286540667678715,357.3684261190352,47.961547373387404,494.0248876039768,31.01606602285685,5.308098717197706,0
46.10267573506377,22.551500131398146,66.44370241676697,5.600214059879937,6.193126216978669,273.0244963385643,9.219736823784096,730.0027711201033,57.49257224321075,0.8952794430172425,1
46.759832589276655,23.225653381075475,29.06971749129359,6.524630622513325,7.998919541754934,419.50144912669083,89.46261889843734,665.4995544646081,51.013208412574436,5.280766364338798,1
43.52999494483722,29.027292729326277,56.69189567688643,6.463410959688018,9.490154240340715,404.18269581607836,10.014913831247107,812.9083488519374,59.5775464402328,2.9453498570804957,0
47.30841559641671,33.2343225782795,34.367886772068005,7.002460377816164,11.045048377233305,224.85219469540573,61.655747684079444,906.7502550957748,59.83906478554036,3.501013013985633,1
36.63149851222732,11.01367452844746,72.04424679347406,6.063787541198665,7.372169504425428,381.0915132247048,33.97818564453181,929.3035755053236,23.938467517687027,4.545266830150809,0
36.7557647411632,27.79467986581403,39.62597992400475,5.938133643719199,12.11641171416392,297.8200760388736,80.42728854710339,401.03670392942246,23.181828811226637,7.608026387507563,0
38.43658920715317,15.60198982292113,39.74376901405457,7.352265677546468,8.9152376490899,229.31684032559883,58.981074576753855,471.1683470252543,34.32541555208379,4.520724330610907,0
45.3615499608069,20.37848553589609,55.89163271107361,6.64341930391693,12.539482153871075,265.186637105856,38.830614107943816,428.0510669247615,22.77626144830246,4.154682230371657,1
39.27989357396627,20.439059984656495,31.013774487194524,5.709379136567309,6.783752723160538,458.1407468849048,98.38729845448107,1091.6793171186218,62.452727003680025,6.501883670725422,0
40.66568806985155,24.07181020663461,37.093318334183664,5.886072324428643,11.438052701458975,243.8070768490162,6.6230988465530665,650.6338025277245,55.257937770201316,1.3021741733306273,0
43.006256723459884,20.024092356285202,44.99791100716469,7.497652119028497,8.346626665652082,214.95970932778323,57.778630323067674,693.6507535010915,20.47483059778451,3.023799436980215,0
51.237322480207595,13.220833553520032,41.218271788406625,5.891217992504385,12.363065392980943,240.72288828405513,98.95683115440448,760.2969991573541,80.5694327919722,5.529392856156797,1
35.2772427182572,14.368862155763544,51.49263308033494,6.720951022707357,9.217363416339285,185.8473744834767,69.09526432130171,1079.4435178028607,42.45963535640215,5.080330124409228,0
47.98757640473245,11.00313956683293,55.97840864413798,6.340256157991236,11.32279705810853,317.8539949585315,73.9769631642193,411.33300876970793,12.434790096249971,5.880329778255644,1
48.37753062081371,24.10747255986263,54.00004722500987,7.271198189699671,13.474442149091788,158.9745745290129,3.209114457948592,494.89461950388034,20.166902928242386,1.093440785194107,1
50.973115607132726,38.63343084558966,59.25009871951593,7.0103371845906555,6.165013056110115,426.9775145747666,2.13631630969624,948.1304977127203,49.58655068173108,0.9773395800525682,1
53.655058781206264,13.470256709443497,38.46497099646922,6.693902792523632,6.088934258674989,190.23209889825043,3.6110111982192827,1171.1140181660776,31.458161481003543,0.1,1
35.4027569789858,38.38793479009246,27.585573629301685,5.521477963595965,12.162234017413708,339.22201101585824,99.1723902176232,914.229137037606,77.60997429350215,7.587000812445773,1
38.07567411026432,32.00084544196281,65.64845248586462,7.259590414986919,11.171144412064624,150.01019956795744,97.95197607408514,608.8987747740185,45.526186666195315,7.2925878304174105,0
52.723425881119866,29.124964088024896,71.04682295784093,6.389334941677433,8.343837764035461,491.3812592857305,33.450892576426185,815.8915430292939,83.37653203909633,4.458911395119482,1
44.170371243740306,29.35833265970689,35.420373933345935,7.363155306037153,9.9551736221941,281.8301835574589,29.098181626582885,1179.9843804651473,10.16438328445193,2.8215704754437145,0
46.29181277866927,34.801829451888466,44.425517369481184,6.491078025708402,6.33548532479095,428.8685363035258,14.595874551784426,822.4612372542327,61.17338196952823,2.822227151828275,1
48.26054407446295,13.207595931394641,49.91415301781332,6.888448978365451,7.539564842889926,407.4591342599935,32.91402991647584,698.8061037825619,80.720636711742,3.60700948609894,1
48.58133208991275,25.142629706966254,51.999610565176184,5.638585298933284,9.39597099621734,385.47721885827156,37.01499305472703,706.7404438709763,27.363742800149826,4.216892550233068,1
53.634808066330166,30.912734147822757,59.56941026525911,6.990303307053572,12.672355329771857,430.9459484818439,74.82828167590337,1173.6268068733846,13.211883668375924,6.867653070485126,1
54.938988348233394,27.60461335220691,22.49619400131928,6.175992062623846,9.83733746288068,140.18544346388234,86.62935529197348,975.1332213853647,42.098026418037826,3.300745848045726,1
49.40314921861881,34.98337213069884,63.28862496404102,6.202718028663561,10.690900036207829,371.3988789887849,74.6735119741388,949.7382844976378,87.52008036948556,5.793567584290136,1
40.74442418410302,12.168151270340545,23.718260418764615,5.73731168941878,12.990030335950244,206.33089410951246,64.64751010955725,585.6434573525975,58.011573295298845,4.38653439792244,1
52.59504804588687,30.72103118497498,48.09731406037207,5.793714297280404,8.470551308710762,414.3486656266359,76.59000780887979,847.5877102108595,58.95792739272154,5.475882364194151,1
35.984418290815235,26.02083191154153,69.66026813415165,5.871518112412421,11.605594568816446,482.74750393915554,73.84974791518053,685.3961588178508,61.43511290775297,8.461140898922642,0
39.62161705748993,21.374825919398305,47.072918796703775,6.156412337142845,12.893338069426026,460.59581193707834,47.57496937303948,592.1612206831599,4.578523803441181,6.059079348200004,0
52.94771434927429,20.208249467020927,28.945384926094867,7.283939825551211,7.620925605569414,145.98088898946645,33.58514024613578,1116.4418288112836,41.10848211919532,0.1,1
40.1238302887871,28.624978983225787,79.10203070035757,6.236520476460161,8.851825321182659,247.8209682691284,28.278071687759955,706.5246470100908,7.981480939753863,4.563750659645086,0
39.41302119243497,36.729861239327946,73.35712772445581,6.948725413126437,13.83848139111484,245.7291028790399,67.93554595127816,626.2297299771183,29.42729464347584,6.32266415477768,0
37.76250586280494,24.88527778303346,66.27881799350084,5.665495007779743,13.865748518369688,148.91850654381224,95.93041244452252,1145.3763172866943,74.94391219031897,6.936547148907206,0
52.18223515293833,34.7416949223076,44.690696173952624,6.682197598543985,7.785839442351503,139.25042133873097,58.105471893563006,557.8771171649003,60.06429547543263,2.553559368487838,1
45.00116518382173,22.064691455319025,31.030743613357867,6.463782462540879,6.531566711141025,253.95605398767268,91.25265024722661,996.4038277732182,90.60154288617835,4.05185322609535,1
48.49786406108309,13.071833883795296,76.48467088511006,7.455915893909009,8.167372890480422,496.82862019860454,1.422937097294752,922.1977155714102,16.49389819354092,2.963641749434828,1
39.78132768150059,11.845172093759157,51.94106759102834,7.192415539757926,9.181855658429498,327.57706042651006,79.44706467360058,1136.3875426978284,36.73488125668809,6.972995644436885,0
50.16080842022433,11.540031139710328,71.14132762324911,6.409659544877299,9.528044807449309,348.7126514417025,85.36026579600797,1065.6377100538225,73.86761946906411,7.334618570320597,1
50.20011089924197,21.4045042587301,40.52570034556555,7.0502855280906775,10.950450458643388,288.40756400747296,63.09938379436958,964.2361743517132,20.41224421540817,4.039000850054677,1
41.251960498166,20.117132525075263,40.117299024768236,5.886077482587555,13.196022081052371,364.93222092160914,93.40609993617296,651.6573285576765,14.83496616962125,7.9127396140568145,0
43.21365266020565,31.538110708677085,79.13242884044234,6.624672654783556,8.6427840952573,482.6648322979078,58.99129928812996,796.4552090164393,39.48513012944434,6.404473898252661,0
39.19380554860402,32.28464504754598,51.30998290969099,5.649238111137416,12.799876283993669,335.4791814457567,24.05369025267493,1155.5966090777438,35.53538411417513,4.3989438609569635,0
54.53122046645809,11.525619065012195,28.441725431644777,6.196178064503366,6.747831367413015,126.0153838884773,21.571722944819427,418.5621044651948,89.21853468130163,0.1,1
47.91205154116823,16.633697886670447,33.18048067968245,5.951724363244341,6.334997591785718,297.15622766727944,55.583626669271524,1035.4654590560312,42.06263761239857,1.9555408363015854,1
53.69087761431031,18.227855504766993,48.916656763563246,6.937819630650422,10.03236146498769,497.1005093007805,90.64839304962109,601.4482803631034,78.48517087924782,7.23324612291125,1
41.067710872582666,26.428359524284282,22.54825462930468,6.480181382428723,6.477297786644839,254.96108823770533,7.236794575507699,548.0135546350334,80.91689673105007,0.581253650668052,1
50.637818259937795,14.335456717208508,47.75203912269803,7.002140957696021,9.139918409873841,337.55249488578886,60.4390512210911,585.7796915378557,15.208454268496833,4.788787060729284,1
50.317172877694844,14.01823658200001,45.13645052480766,6.530590875262892,13.174224934953875,142.6547053715268,76.98034729820246,447.80079319747773,65.37743211236092,5.455948724168237,1
48.83311303733083,38.31366667623874,66.76017591916923,5.672968884303277,7.931864289659787,156.47219949462675,11.540206962356914,1193.5838594289344,25.9846425290263,0.1,1
54.31277950533601,34.12608721893343,41.2965178693545,6.970735299465053,11.647806200999225,449.872581261585,11.676969071201293,1095.895314580116,9.526507143636655,2.7810651952057883,1
42.871106722126314,15.419647062735109,78.95292569237597,7.166458527975611,8.418923139120535,220.13785130064457,36.61279966695881,816.8447749057818,79.72344199914282,3.5225196848529077,0
37.614346471795145,22.19703423716473,30.846195158054186,7.307062451825585,6.359360441937085,222.1805093418372,27.388117354971687,972.0825428456735,27.31897368670163,1.9982766021067755,0
48.434177184881214,20.668659977726968,55.459201098088094,6.643983890613416,10.453524651282475,254.88519840093127,19.831415889368976,845.2762903388061,32.08291031717291,1.1242394803643927,1
49.586196009544125,33.73012222196222,25.381957820495277,7.00717071799899,12.678827924294014,486.591469161809,19.869417361134524,1049.2631555606658,30.159013286740596,4.43006044317173,1
46.5012114691763,25.30638749434366,64.03183903963892,7.004088673765255,9.275747586740955,133.75619841475057,13.066903242483585,1075.8121532456091,19.02658806580329,1.7078312685607855,1
39.13635786266792,13.835492109804012,79.68522128371829,5.811499519597889,10.938350611664696,427.505641020534,61.085401308195244,586.232342522561,40.105304382576165,7.2194434593368735,0
45.089118833387104,32.16976189468731,69.14831826509794,5.828441374919142,13.200188781261808,236.6231505863946,68.8125603584087,767.7982165201965,39.54635387221957,6.307033237740739,1
41.243794731382586,21.906639346747568,53.342212443218074,5.6417710116182525,12.317556101895903,439.78721039418997,70.29362268790446,907.8781873516568,37.787646314006466,7.880973993086852,0
43.54933056333378,17.88772742896441,49.084481443981524,6.139827270280603,7.5510111951425545,496.702259801817,53.23539761386061,1182.75266448662,83.46679724409213,5.458158380024277,0
47.90437151689328,21.264958660621605,70.10179767601082,6.447017175482129,11.867071674920046,239.46696408469913,95.29062696655667,946.1515032769317,31.577646582623018,7.232611357991083,1
49.904294853816694,24.932696908206893,76.15844508264345,7.495795705508434,10.015144201281217,151.7425464849421,88.05327775900658,1118.1080085953258,3.7341017509741015,4.662332332412835,1
39.64449381802686,20.293465492510283,79.35239154788559,6.361986684136339,11.967734463088679,157.7501991931713,95.76311426662801,1076.88964078967,17.059330561669867,7.167985361224869,0
43.106507212939064,17.257173177752733,43.79235365386904,6.952485177014742,9.956124404177746,403.49635637967435,38.879547812717796,865.6504509428512,65.93473689161263,4.166968612438305,0
40.38323141983258,21.95506086411941,79.45504848767074,6.886794052545069,7.023665312866423,157.96862093525462,87.77831599550247,1114.9242880495112,54.177274568306004,5.203656386081815,0
38.97263227723738,10.575187322496948,29.35557513042989,5.908963900501159,10.559275573513913,204.16862741385464,76.28746994068838,701.9373822601875,86.6561323367067,5.953263831089621,1
50.66774439991677,33.174935382889416,35.212986555914554,5.617014302898873,9.937071939178718,181.7593374648319,33.99729030340131,703.4268243586491,63.49915964717949,0.8798057851894405,1
53.185053888739844,15.128346807027574,25.340967484033772,6.592013503067175,10.143373869131533,242.27142561239302,10.65932585042193,1024.7725145941351,18.48175060588402,0.9648935297251537,1
42.404643713691534,11.317138408919117,36.304310989068895,6.900611184628952,13.031219629166962,129.74663005987497,68.26212498968077,507.6349325080088,11.857979676457282,4.80623897353543,0
50.025578487475336,29.610960787152376,66.07625309708067,7.4965035803725115,13.158696373650011,442.6969929629032,13.645232412188035,644.6601739667351,47.868379778302916,4.729575783913239,1
52.939905787288225,33.21808386471017,71.17546149070698,6.2172221045623415,9.628296854125747,444.05852472039743,29.377580700111206,886.8579606986739,60.87364625281081,4.729412647481043,1
51.92248421060463,34.414873947785296,66.7335587061543,7.292729124162193,9.645856330240708,265.17315939307593,50.03645764437873,736.0524790935589,15.907306417168275,2.800884495640501,1
38.65626777078452,24.805275479818,57.86394669006177,6.263864911738373,10.121495670980927,344.8350276093901,67.9882535148473,1152.5789679105828,55.15237093444465,6.081018484550582,0
54.12583763026723,16.16104554069956,50.83799075135873,6.878823416861025,10.156714226674055,356.7806283617219,92.6227657197305,1166.8048556953092,78.85258155366917,5.687368793204139,1
42.53352880858925,32.1168303174948,62.52225735281879,6.696505861034104,13.603097153432902,399.7032461383715,59.32400448489966,802.0650470510313,66.481203528374,6.90149498122356,0
41.784813223476725,30.991392314630115,43.450012956033305,5.605957586605194,11.195203739019949,308.2760350176204,67.14130996720948,831.249512292545,60.77719727936268,5.226108386924242,0
36.24862654555561,17.388122023095196,70.4785010899821,5.656776853940517,8.219655959103552,304.1344181766744,31.001385015097803,979.7016734590169,72.0397949058932,3.9856694376988706,0
44.72347308209766,37.10223267588379,60.63140563860713,5.541528179448922,10.25229437563192,352.52151093128435,68.72926164285388,765.8119401873388,10.367443814835786,5.167674889147298,0
37.18027231281857,13.13114374248487,61.86828190966451,6.241668169187979,11.017788663263863,381.219358267951,43.77901207300745,552.0787743523814,19.3448310230075,5.578818813126475,0
39.97079641854852,39.48064718773977,52.15615958774428,6.991602097532022,11.118173768111717,238.6761508117007,85.69311828837738,997.5753348983446,4.428954732321017,5.934464597223319,0
41.33885243534563,35.80743432932394,73.11373905267035,5.845510787981445,10.682033809905462,232.14818930752602,39.24505139014743,990.2287114823986,14.04801508840811,4.271505404798549,0
51.17652646983368,30.636959364372256,35.12088402074315,6.711705936767792,7.421889236972299,207.88736163836367,46.82720216565569,595.9848827134235,83.18641084025738,1.6780536666933163,1
52.50977300791793,38.162496648394985,42.86885920166304,6.077655560062156,6.26874551263606,319.53862212509944,43.25877569102579,1066.333215824806,20.99304351255818,1.8744483510268666,1
41.049326349229396,31.669335049711233,66.65855418066135,7.093985247958145,8.702744418934834,244.06227582230895,81.1122834307385,890.9193571361286,60.58874947112766,5.129241679588842,0
52.17396242489148,15.713709910901379,49.564933767760266,7.096792298005981,9.42017723648203,316.12530708305275,95.36991970119053,589.0412882522924,63.241052422184055,4.79703086069475,1
52.144618747395825,23.26468414338435,73.35284080545145,7.0508290299328475,6.494433916608693,262.39390633076863,32.727630098327396,921.6313153349633,59.079291347762926,2.47681022061969,1
50.29301900769747,12.145090729949061,40.78395918577114,6.549667027602753,12.519738704158769,434.69367302106434,47.50279007620768,586.8876210324486,50.8528943862277,5.225790424463437,1
37.93390228030363,21.689722668643462,42.15981012917868,6.069133420159703,8.75261950008219,129.25209589818428,70.59262666932356,612.1863632640143,44.751731270213064,5.37905285745089,0
48.80645693801458,32.248090592116256,73.32414736319751,7.118888087757269,13.309061969428036,328.88423744186986,89.5381622034731,1078.407445442525,38.79287576027575,7.763489505571373,1
53.90048129161137,21.59330052792452,47.86221921092246,5.872201123878483,7.235280862738121,330.24950023487906,49.37006968460207,1143.593255391855,83.52088269564562,3.4490069784359125,1
48.65080957534314,19.908825264044022,50.967475052149204,6.079519204057312,6.455479655498507,253.48692421547995,10.889350822672728,605.5061266865689,1.856292478943077,0.9497786168014095,1
41.63233698215668,27.860671675309355,39.965822920140766,5.867895412321243,9.858528835090574,268.40835782525727,36.86713835013216,1142.4408296681486,5.814066342422379,3.3474709758270915,0
45.011586348616625,36.16613586996685,36.60019653074492,6.848420320775295,7.513034694605653,420.0525443531714,55.0361885440113,591.0390772018828,45.326121895238366,4.1239465467432295,1
47.914500867021076,11.427495776383372,59.356922650303524,6.872472056231636,13.499194204622889,212.26948410413394,41.75246059660326,493.8138924340685,30.745907362377373,3.5565695445400047,1
45.21140817457007,21.564113040992062,27.190439692472232,6.805019985573506,6.082427187629912,448.56151657046513,18.655572678807008,446.57910245700896,37.74071917929278,2.7759824148916965,1
37.399058834619396,14.747222254457881,72.75635847097456,6.331202933729336,9.30095740047228,458.5373216538773,3.6989495343217493,593.6905926661067,90.80636676030471,4.406873047431341,0
41.24128089304041,30.86062752195609,66.75218820590646,5.7003420144028665,13.413982170761347,360.2477217608784,68.74086660798949,708.1972325417883,70.76212292765982,7.462556958122162,0
51.047920611072655,13.171736812934046,31.444895822348165,7.322339169030043,9.075345653838147,409.14308548323936,99.27371907771425,1142.0387040874439,79.96671603894025,6.4796823572021145,1
52.22836092191035,29.944232757407335,61.64119674947392,6.515461928024476,6.744874244803686,345.17901134179533,91.92066338966171,593.726399764823,34.171710782105265,5.561171606307658,1
37.7460006543114,18.585426123937218,56.15797527713809,6.313944389822183,8.423159542894297,310.10364549863664,68.32709108608135,692.3722759607147,22.560439600555913,5.443734442033463,0
54.04773504797449,15.96750441211674,31.07210304419865,6.677649786496587,9.984083150675467,486.67110170009187,84.15298085164292,987.3246997948576,70.11914214902015,6.730437699731553,1
41.57645235697218,38.09057673474956,36.392210363013945,5.885580871638211,7.481213498746665,213.06198569098567,25.572761846719317,641.6592703898252,73.68184848314014,1.3913940112188583,0
48.2462747746144,10.555737302378676,44.539190224030065,5.765097558209749,9.732493641146096,161.66037865724485,62.24344360784464,947.4945213436645,50.49086013767688,3.0691930404768746,1
50.036502919133625,23.133318156687068,61.954564114728434,6.311050442915887,12.6907455662867,214.9941452570061,6.060421539896543,745.6622553988019,81.63473631825738,2.329859424094894,1
51.238924692757664,10.648809773853813,58.32340452902036,5.954441388199821,12.980943761572904,345.8502433517781,70.71839273124577,557.1559621273378,88.05927311157932,5.937319323828466,1
53.91499404451861,24.507791443129868,51.93409086060188,5.9885805890743296,6.394085877685857,174.07337524045747,96.98723390242687,987.2471207753089,43.39186105881791,2.642723238483171,1
41.25839096057645,25.031421333832547,66.10463258684206,7.285022975557059,7.287226864420588,463.52561729052564,86.07973072178591,421.63106668534726,21.040000100265896,7.522395353917119,0
52.170129091031086,19.64987414184241,65.47626437636995,6.56151835437165,8.202321086134432,264.4097602661571,53.444087477163734,633.8678600583831,47.54017963461824,3.937396398023764,1
37.63373806872414,13.96485332575071,57.071549243735355,6.466938128646702,10.758926807100814,439.9851513167374,78.87402193127767,684.945231334703,90.05799013080731,7.13722854575345,0
49.100818127071854,21.29162613203426,67.21940500308952,6.878959187457195,8.887958070339737,199.69461781152668,94.38988099481647,766.5746039901088,27.363417371477198,4.706619504130197,1
49.83955459027972,30.167888197976982,40.055802486752555,7.40309622735348,12.752327307568603,225.267342033099,21.60175779392154,943.8953855809115,56.58393913595209,3.0854771040045446,1
48.55446482402641,33.471874259333774,72.87497169935634,5.724397128941128,11.7333749462635,123.68935886899862,79.3258512977378,767.5239953488294,63.45852976629524,4.806088775024936,1
40.04629472270306,25.92251807164427,56.89460514811644,7.167069134218514,6.803648184908066,203.10707687422956,26.98469579688534,875.459289828973,20.253591491074932,1.8166895605284725,0
52.46086294030407,27.69503183319267,69.34181082874584,6.668038359735692,10.99646002009673,296.1255275853206,87.69474219396665,876.6232627342538,53.961321053994915,5.896218375561794,1
38.3771692674079,16.01849113373958,52.77674628741704,5.792330707623675,6.904101002775827,478.4547670892969,9.835450569014547,698.6173199168061,29.305630537220388,2.739272993388922,0
36.07269583041662,18.619909996829485,33.10629469932082,6.0942986373779835,8.04028535709168,255.5611895565993,17.821841886984146,1147.1770126037586,77.8788648178068,2.102464026410059,0
49.34929981223824,14.856868301570753,52.544607720698515,6.464722832929479,7.422965068273824,355.8975517933384,72.06164634718017,1164.6830647011543,65.32782136354398,5.262687211425604,1
44.50951430465467,17.47886050013834,42.266699826595286,6.882354289154846,7.38449559360564,271.0840469875152,17.477750386324896,865.4807072755727,75.36397847310917,1.453275015096574,0
51.981960399173516,16.746603406765953,61.84994216222567,5.985214033906905,10.931164198214873,118.7167403071765,15.805430190304437,457.3527042363455,18.971415513275982,1.1059065546642342,1
42.66794282116518,25.58346359173713,48.54762750408415,6.56975763093518,10.508839380433292,301.41305035868106,55.546687739887204,792.9020514047486,4.111723511701088,5.893423630744654,0
38.365571770154254,26.880662673721883,70.16676829566126,6.8693432548317235,7.408225222301815,126.36545868156834,83.49872377090708,547.5354614352058,77.54731163288874,4.500194895947287,0
51.72884384939739,38.34842262464514,60.684350739315,6.397481501695013,13.921382443347454,453.4799698390144,26.846742527462908,786.5716174983229,35.807878037478694,5.287572449112785,1
45.97819263280144,15.867119413045693,61.07266598187944,7.226051922240352,9.374693858946351,401.21478478036556,84.1138182705485,550.7865235988335,17.17501707209338,6.990622225159365,1
38.783915847807094,29.25027130484488,33.0293200094639,7.238918205680809,6.776554625239493,251.46058850094647,80.79533965459747,963.0841965191075,9.270582874057443,4.03070197414416,0
49.40767997172891,34.517778069625685,79.05498598947742,6.441382435280891,6.964552135640921,356.0874664765159,57.91054009593355,464.343296053074,47.485072545138216,4.533641731591087,1
45.22227276979001,26.807243913491575,70.50051255628932,7.4458514208177995,10.671149709812758,144.81126212533283,64.65627536872701,1162.6432611167393,14.51151573507512,4.943668304433907,1
47.0862596448064,17.65010957503227,67.34029307364167,5.651170184810894,13.832555227067783,381.0219947850603,4.04411866119082,556.3007115466821,52.00228219971311,3.443788258628091,1
44.21796676413164,17.876506900600006,39.81291350960164,5.506724756645873,10.575608812953583,429.0929635965878,36.71355583037133,928.5250688393963,66.45758882614702,4.853101385281042,0
51.57417967636013,11.177591592129998,52.13789917083391,6.261336527607838,13.592331812933097,428.6982594152938,26.339493111835253,1133.5698805835914,49.15523543646269,4.519700115773739,1
51.591254313661,19.16332679645445,28.226191284459716,6.702194122745018,9.553062806064215,213.71101907626235,15.00038607274724,598.3090511872499,82.33298044196329,1.5297211396758057,1
49.187776436487724,32.338110370101404,52.30855859976236,6.758400314899322,9.486728829216096,205.49847811073067,38.965932915698154,1147.4375192297039,15.001266190207403,1.6137625459138438,1
37.10802754792925,11.425532716213311,28.753354788997235,6.452891472587657,10.000058874527058,308.5590751610714,35.49041963474329,710.9397325282181,45.45581259254491,4.116199418169844,1
51.777077238081375,16.57885847514492,53.18227063937607,5.749766626481293,11.579403665244442,487.10886477193935,72.8891678129727,1168.424653802072,15.6871413447969,5.786544063044568,1
48.42025961065819,31.18697495595346,58.92331280929434,5.840995043575789,8.94092773161066,468.2091910424341,59.80963404767533,1177.0910865076203,79.83117338018918,5.074932958973952,1
48.94048332008599,33.4795468846863,43.411758034994136,7.204295967704018,12.911088261431656,243.85539270239272,91.31000688020194,550.4639240553918,84.90153487160244,5.658299416250413,1
42.25965680807743,23.65955230185785,49.912692699877596,7.235822263478522,6.23425107814517,411.93180247321766,14.54075830558389,1064.8698695448434,36.999629347856306,2.1636665463921068,0
52.585591123140134,30.942230154359464,72.53920326047515,6.847797075721441,9.518113560227539,468.527105636583,5.974860532352599,554.7368102668402,28.51734320638072,2.326574679465663,1
49.50743200469715,21.63856505964676,26.51378868216856,6.828435944557764,10.087934799839342,204.37058628704202,53.46077874911287,581.1524962648652,26.138448588632386,2.7138288898187994,1
37.25180933058389,14.797397350723825,67.50397357997917,6.6953642560556155,10.85625790610477,432.1182598411759,0.10271386107850722,467.3012032187186,78.37546113916609,4.476408806368737,0
43.15556068812325,21.944484805687196,30.245273059771783,5.905851771403976,8.208575298926906,207.15825076367062,78.77189431349656,525.2295571985424,62.41977321639807,3.284757023236581,0
52.72760723920283,27.399034606094286,22.202478968277703,6.356501400519806,9.419839767886682,237.31285035488426,50.59728886850095,905.7751745976864,80.25337491884508,2.0363924873205645,1
35.94393403394758,38.44159845558671,31.134476164702868,6.891789302926758,9.876302001712453,179.52827634030166,48.80655760578936,759.4021840414291,11.576514653540475,4.942342226343049,0
54.22833239284099,12.062528562660319,65.90259139822939,6.574504544006677,11.495279829465705,302.8319196290854,36.24959787241744,1032.755389735068,43.8425135077663,3.706304085603341,1
48.58325136639125,25.221822815348816,44.307564400211604,5.537160668110198,12.188353477886512,437.3243577044965,37.497383614876256,665.5974518612977,61.856118501858624,3.66750596907506,1
47.62751955286753,19.867593346321733,72.35123101077092,7.407113613440197,11.902618618750298,311.22085497420494,43.11336782506559,1174.8996538408471,81.73816846775155,3.7467037425006797,1
40.41118512975983,25.249350828300834,51.482452470935954,7.189632105144287,8.732664418316682,149.37600387723901,1.6032344426030187,439.8980326554997,35.38172925216898,0.6516356852000905,0
39.97583577478354,10.71926342129595,21.335021115579856,6.021090028219476,13.995604183935708,200.710372890868,8.354578721620465,450.3487635219532,29.17810654392501,2.4620880526187787,1
53.841164389771905,19.39076064104744,63.002816576115606,6.732917870332592,12.789322494297435,325.14474691253554,50.50480200112371,961.0999190545089,83.16691382672612,4.428954380174086,1
40.965449084682454,34.59604442581015,26.61397452327396,7.346478767456375,8.080186985159752,333.2749822282241,15.01222652198041,1110.0311079782878,5.277994284714623,2.9500199561857734,1
50.510105934379986,26.618252015639126,67.36277800771546,5.6920220242273025,7.56084644538262,330.7623614179479,77.87626083469982,1036.4001533073197,44.16359408700221,6.00978625595765,1
42.86243596414158,23.51747478448352,30.0861529883108,6.506058961593402,8.512170004667123,130.8013970024864,27.448517400452577,791.853670293531,42.27639045459248,1.1527463500731507,0
37.78508141569408,18.565752151460188,40.72678314833081,6.412486051692589,9.618758823997158,401.4783570539017,9.789963734932405,615.713089044016,14.145077250173093,4.015701670583852,0
35.21430595390718,18.941275683740677,65.67628577752163,6.320410010567064,12.80639502655691,463.77127959560266,23.52099259034498,410.76122344377194,36.54551000632403,6.8920215853528894,0
45.88514674030502,21.49304300771753,77.2538814485853,7.17117721778585,12.226898110356275,304.20757909195993,35.70982301557881,807.5611631358205,66.0339765985135,5.0361321324085715,1
54.51557637097865,35.06712129893681,42.28603703880394,6.261292293394915,12.809968988047007,387.53171470874514,3.5316608594883614,780.5089578474212,34.018160009882855,2.0745940465471997,1
42.38272387618409,39.01639620424805,69.76401321193615,5.627326666482015,8.175656919282627,465.6061968146205,14.167552438632903,675.3967195761919,28.869443164880153,4.576320090704988,0
42.1438466798609,23.159661440511236,31.447535928550323,5.631675484328605,10.747689779614689,357.04910197920634,32.38467544775197,862.458230377988,71.37059481157115,3.6460387167376704,0
41.88183235698884,21.800585162432853,68.43078621214946,5.585489213049218,8.265992498218996,369.73028977242046,31.048047380976406,983.0517579050186,89.98438699246617,3.924215572275152,0
45.410876746097166,35.396523274595886,59.44964355537506,6.318290843748074,6.872185285755945,388.56176535358185,80.03866965598392,960.710588982594,71.14171365372518,5.730155564840611,1
43.81329766848587,22.807159619089106,31.564610432742107,6.93681255539672,11.473581947797445,204.20098058162606,84.32554753126531,610.6022734273724,77.17089593431737,5.253672883514023,0
52.59829253454029,26.560545168869535,38.1502376210847,5.907444923861031,7.14398040956351,333.07114988673095,19.341859914355,868.2429508916746,85.55506748312617,1.1209565085477617,1
45.110415834469805,16.928249937962335,27.906253315822163,6.792937040863099,11.341582093651772,436.8700458177825,12.393988391284738,519.0195828671988,73.15952194684283,2.824806589743181,1
45.15515676377137,32.305076073372256,42.9780206638588,6.8741769442074085,11.183714439243273,218.46509210430025,63.41624843214183,497.2814751106837,89.23188608350372,3.445027245423986,1
37.76743189441113,25.959649548123455,32.21891846739665,6.010404248031196,12.481987555392136,458.8681998387441,80.46235556954315,1028.6846690072944,68.25558292813554,7.954806709720306,0
54.654790818207715,34.271036507210255,58.63987721782841,6.701115312121258,7.116436836508515,348.1527799062528,96.37230972241315,954.9967216764287,60.53702960505177,4.905315764336768,1
39.999457817376594,33.42198190086009,79.67030625323352,6.869736680053695,12.267841188070488,269.26994057322247,0.6796284746514281,1014.343120505303,63.401369432466225,3.55083714703298,0
36.467281349192056,16.450143048100855,20.720549785055848,6.433227245604251,13.994212207569896,349.2731845601172,41.36781134268045,521.9698193633767,82.00736440974856,6.012031268825789,1
48.26292497950418,31.469066516732873,52.455188797237916,6.17343319456019,12.808339588687218,260.74396227563057,73.39878340943856,1131.6948714963678,62.47073357756186,5.664660630405925,1
46.90732740313745,34.00163223854114,54.41999585294058,6.738303103148654,12.014496610621329,435.2142407392698,82.85592988743544,506.489290577887,69.50846538529065,8.248162423920261,1
43.30291307985492,20.383217223471853,74.85252738084871,7.455694174656114,11.297322837557662,292.92743202703883,6.228594868309778,1096.029574558183,20.44089403273542,2.729844363771038,0
43.44384467761356,15.178273387068236,50.36032008601625,6.353682818737957,9.374251877483434,460.48534390173467,68.06145194641273,681.903433044745,83.13846516413291,5.759818833634544,0
50.701278420928624,10.078964667387645,52.622085178695045,6.283470192570242,11.844001343132817,303.92323233913055,28.893871739897005,484.34727442731145,41.24919179612897,3.191506685586692,1
38.91425280199298,23.527109592794446,48.29916807970332,6.4285338048522265,11.793424281123626,364.14735585495487,7.459695933312538,629.4151684524207,15.49605978215243,4.44849979509074,0
51.40506637889779,20.57298194616525,36.134258273688886,5.652436786890096,11.051986261498307,499.0977684027402,48.91025817546672,545.1584113711065,72.98084722847152,3.9701605189935254,1
47.97494227790036,26.647295014762268,23.36174799493482,6.60632655934278,12.370227026382627,158.78633640341647,15.815334320414598,792.5357749533714,33.07537158696768,1.3416848040751317,1
43.379395475590485,15.641232777663573,44.519460932590164,6.157394774434527,9.590111107414678,394.6916594933623,73.70075180616847,1159.796278431815,17.57072286654591,6.388482274069221,0
44.16057233167737,35.78996642999425,23.155488274440714,5.742844244662525,6.970021697059125,155.54889116637344,74.12617996994535,662.2969292660148,24.062604325353554,4.036302458862224,1
40.132944143721915,17.732656468843288,53.02954816795507,6.4325134822347465,10.4725418208739,435.5465463057585,84.20677649875094,889.679188545691,4.1454082351423205,8.454155850213871,0
50.0422866539395,16.7928881526295,38.43761859453759,5.506767973147955,8.120348229690741,338.58135246480464,37.75686851477522,1113.3767005919708,9.156068460404649,2.3668145991174425,1
45.25749484610536,24.42142169453068,52.01614409152567,6.303570490325518,9.0754647794332,475.26382424258367,1.3309797230643627,904.0591437569856,54.33622618475126,3.2680372694800575,1
41.41709085499687,24.965530712328228,28.0578178637112,5.711470535852901,6.139319231529808,446.38264077794736,25.97359383744797,689.7593126958116,78.95960452850102,1.7878714471134445,1
46.921002315219006,16.452556863552786,75.95779794436157,5.54858540679956,9.062324703343066,129.94881498752937,46.78116995252769,1192.6713017407033,41.36773720589436,1.923833766341668,1
54.91468904102646,18.15582180177747,73.67127461299609,7.148950092489004,12.470408849083636,154.92101667154435,69.40112794160504,549.930881152427,57.34523280697504,4.433506562645786,1
43.705245593131075,15.091157174657347,31.39979055213707,7.332497606565269,10.341778935506039,340.4683714427301,38.204058568674135,818.6048119164063,73.87597911063558,3.6582897274025172,0
53.41382801557239,31.553805349695004,40.60665699764059,5.9153492967182135,6.078404215471768,307.3258559768299,53.6048396067138,1037.3643989894379,33.10920194122624,2.285165672845236,1
41.900336798491324,33.102670937622456,56.80956631111877,6.578596527668522,9.758750561918777,167.42605224537783,52.42635874557169,400.51909566177943,59.88826633162008,3.812268233194903,0
36.09465413849972,23.869854923778476,25.741172438354376,6.05591631426197,8.33161318116326,151.74369130865992,16.498234935831658,961.6346017139496,32.53891832118586,1.2191159748671831,1
39.084842127368574,31.422610680550523,41.27406926696905,6.487154877344365,9.820405243177369,325.59631337664524,62.30495000800127,613.1991173647509,58.844381929486225,5.62817951588054,0
43.373902866553685,32.07806175812337,35.06673720914037,6.373262641788321,9.237541771583016,119.5686191899998,43.925172820539785,535.7813781535017,20.58469481253232,1.696628312311088,0
39.39269857189138,14.148265830334257,74.9310037230018,6.038102110160971,13.455833756459052,449.4941211813756,80.7918701652493,619.3555706946331,89.00556888433779,8.8862343908301,0
35.00454076436511,38.9853407450361,71.1506381773523,6.900787159270595,6.3294183917041265,422.8331679210482,69.06112081288998,1173.4531406718274,7.855999170088901,5.834659693284938,0
53.30003075495054,34.63095841289293,54.789964476011825,5.752981918640509,11.468704090255457,414.14798868443575,11.146918619755464,1113.5482073917483,46.47095645703019,2.3936300125162124,1
51.87758822461858,16.134503835874703,51.22078021229445,5.606145564342734,12.808212770413931,106.39885881629642,48.87584100365685,571.003565170962,26.76667717468693,3.1251288203950565,1
49.84584462973894,15.584951072382108,75.84354767272383,7.035350866074558,13.673908677203803,119.05637736509519,70.24943584941875,493.62141849475563,55.07540513344763,4.741330316747362,1
38.356291912920575,13.769834367387482,75.94566697872892,6.8318600624413595,7.421089812354367,319.9356484602914,8.701172580734262,691.322083611574,39.54762819198199,3.0361446151275997,0
37.40727152419972,14.151356876257552,78.15980752109962,6.497052248292796,10.250438415729551,497.7702755576711,79.24970325566315,873.8691840800587,28.59990288489343,8.898421291168082,0
36.352094989447664,32.44485397086088,27.52273304649126,6.435579540945083,6.348716618537695,236.92648038854068,22.20045146443994,1093.7157028648965,23.503387445464192,1.6006385009025936,1
49.48058377545843,24.089627708548704,29.633468645790213,6.494822758982853,9.993468195640709,237.74992656213757,50.30847954736897,1172.8721000320622,17.424875277785333,2.553201870114937,1
53.576159213757705,33.48802518219601,60.604201920793194,6.3740481521973456,7.003664716327855,153.71118674479334,94.05612874726361,1000.922694538479,71.45913845698861,3.625059713153971,1
43.610716418260736,32.387646830506164,52.48606859659069,6.285784591662358,12.703173397589708,369.73432149580054,57.133423482228395,879.2057701613246,20.997994338428143,6.298629014281918,0
37.382813439920966,28.138381405156647,21.107954293594158,6.499381205772241,6.910960020842919,358.67067559760227,42.40544517039474,513.8656209048136,70.61735767383239,4.036570736381468,1
45.24785641464213,30.590998197360385,23.718502159371162,6.557030342319521,10.106306883091962,140.52896655166364,0.679492739914267,459.2227010986488,44.653474823891024,0.17233609717870346,1
41.9766381491726,10.550671731374253,73.28482293552831,6.883804628167242,10.16876855194203,286.96491482734046,13.341362277407809,876.8215028233609,7.500521922057839,3.4142884867542636,0
42.496498486999954,19.353329404150657,72.13224773236317,6.922414321468045,13.773203983452843,366.82996352878973,57.86638850979876,831.2512846135417,15.88984098883623,6.181623222689502,0
47.42661248311414,29.134665377782305,41.43625531976271,6.255258160280289,11.239845552311106,297.40645452877084,49.38250406537382,1076.8704861872816,81.36141797099788,4.617354722207923,1
49.374362265244045,10.280348604587326,73.46303701583207,6.3270810454869775,8.302722344614416,369.74543274590224,36.38291756468314,658.0846806840831,55.253423980461676,3.149162909770449,1
37.21207197746322,10.989308310477803,55.620504463874106,6.2473943394724465,7.926394479505108,426.5081589725959,92.32158853941174,431.7526858798481,17.589986084951597,8.162715412449282,0
35.71180461612953,35.55663947411149,68.35433882113412,6.573071547251421,7.025985645160519,374.32617324870705,33.24825374259408,738.9666152728266,64.33884236807211,4.775391229557958,0
54.886606053714296,30.520745850762154,45.64586426961286,6.406707075828391,12.052117792392476,346.44569433220954,53.71507564441066,1175.3458431501913,75.0935569985641,3.5154701114584923,1
39.65456697831104,17.961091993610317,26.803899640694524,7.279192926272387,11.526053249458709,441.43610277779726,56.87134095241301,1036.4599239492186,30.758783280262737,6.3823780886197,1
36.07661049816918,30.63888520356127,46.023623758760976,6.892722533832945,10.879017018464847,460.23542714791523,52.746839006392264,427.0177389138185,51.09356915296413,7.196929301400675,0
38.7975065819184,33.773700074177896,47.437987879813875,7.297312767508891,6.326723543599907,255.55457487032166,47.758539154009924,1099.7431231185403,27.410497325482332,3.629672565565986,0
35.779156926969286,19.203828493303035,53.05665163043618,6.918273983118851,12.102630931154355,169.29995508955437,33.70637360119081,777.3515916970539,8.20555459485276,3.5602888064216387,0
42.836217892343434,11.081121324975623,26.33496277426568,7.441984297047628,11.135100617187835,427.14416160322025,90.87636330396195,691.8144254543647,36.95581699632423,7.163292381942628,1
51.048035689026484,37.98337374063203,79.48411178297668,6.771473556510538,13.711110944883906,185.50124291979327,45.08032617591448,677.3916326422333,68.62888172033976,4.5477261156452125,1
41.82488899515441,20.355395148868915,34.64820924841438,7.42710027632611,10.697617039014496,471.5802678996343,52.84488673460756,876.1154024310915,42.28122509994492,6.039260172627633,0
43.88366813756733,13.194452898541192,31.913144212225575,5.816339780818852,8.431615253293664,109.15117808876138,65.64779838302422,824.47953475261,37.47421072181416,2.797910261678091,0
48.51173547134877,24.75570614179442,51.60817513135619,5.604955361658808,9.052164417514561,468.5084730477214,6.765604243153467,925.3017953346105,33.94064699554791,2.3221468363871525,1
45.177881401397606,33.05403386992401,52.23249076369332,6.6582503704077185,7.40672564302586,335.6731970448251,78.12881414632452,858.9131720320373,42.302514040259474,5.755552343567406,1
52.22891372042648,16.649419438526774,46.389244269994656,7.4669864115995495,11.783313457611081,409.8968466051526,51.25073100860356,515.1556598733748,29.64060569193989,5.095015651519451,1
52.32071350091513,18.0847015040009,66.31352877951527,6.335210494604794,11.661773280173803,259.3970348257618,65.71769358449669,605.7888070066546,56.09657754206872,4.7942582616359575,1
35.198213909823075,17.281449603957494,50.99926404371616,5.924086724385919,7.60520012382141,496.68651676355205,77.20120654136913,1072.8236576814675,6.72093815722255,6.935542348387741,0
50.56092612966398,39.75019158495034,56.58172730869905,6.543082898387028,7.267914585458229,191.02057102651617,87.40993907642147,930.6068117565039,73.66493561025827,3.7690847120856676,1
44.214672004833474,15.922112011916276,63.42478312446713,6.797597249157777,6.616039465617557,205.73746505526992,39.2220416952931,758.7205003317929,16.58502524380038,2.972452339985294,0
54.77681082607326,27.26560650898372,21.501506093831996,6.130357391031778,13.295805949454069,120.57297761498917,81.1429892682255,546.0811454670923,58.010025545987006,4.253341996411826,1
44.6646415175087,37.757939249708926,54.238650952702685,6.929538716998519,7.864558669558809,476.1893452245753,25.883689556590173,406.1528287818495,41.489427074701666,3.8565864579376625,0
54.73791890776595,14.406897066333377,73.05166827370215,7.450229014091452,8.753308214014432,282.41172143947045,66.03356509573663,649.5099225508944,70.61441921909262,3.599504854398146,1
50.09138722411473,39.12562593603101,21.043324575526036,7.293926243421234,8.244036067019925,369.9409658877397,10.27073006796394,443.877565541335,75.3525988138951,0.1,1
39.972097692266125,38.42431703186874,44.31092622805767,6.083170747024391,9.308996820886328,374.9762909851363,2.0030467424075216,785.827306469964,19.37803349671004,2.531055287925055,0
45.76789958573915,36.53715961174788,75.5736470123498,6.153447366289196,11.712390395059867,449.80083691307107,9.57631261126397,1057.4411622065668,61.94612326939801,3.7567885319263192,1
54.84271278957166,16.436695639900066,41.18926413695227,6.243082448899177,12.964765069810277,365.9701002585637,31.93824865624758,628.3189291058378,18.091675609075562,3.704657722301319,1
52.15061215503847,29.0216516803295,47.52372945201445,6.289105556787291,7.460789996228321,324.8084729216749,3.1094613824664274,1078.2033292440397,12.159843475139617,1.2147676266760237,1
36.947337875824424,32.8267441888372,78.89248358265877,5.700638998386559,11.49129874992932,384.1274096764174,63.049127218726255,963.6515168692715,84.7266491324126,6.6660748701042385,0
49.12743993619992,39.58083784589289,31.959431537034426,7.023925677778578,8.820497137939881,400.3883196012506,31.65445383822648,500.20986348389226,15.79501633972086,3.015753568528717,1
41.91159171741626,15.412714662441113,23.915311347500356,6.230678527221401,13.844217346378343,174.37117849939278,73.6376067714298,915.6495130156667,21.531873932446,5.88149117030418,1
35.13964523760696,32.98077698557889,71.56535545167826,7.259639953410904,8.391353274272614,143.8668155907012,4.591513626960564,521.3438458444346,12.729160700917204,1.545586494558964,0
43.06961938053999,20.16403509781339,72.10792047274211,7.353881246240217,6.05754364806288,129.93954019422523,21.670156654749817,923.832736219935,43.32627004343102,0.3865516160657625,0
39.695088434499425,15.26879396704007,48.32467008080079,5.548862618615376,10.125119792158761,249.62139780901467,40.80034253296986,514.171587782485,83.76465902719514,3.6011333168780575,0
51.37738541040943,22.641308236415647,50.85243046863717,7.477006139856412,7.205848674207502,299.2000959350981,38.26515622940463,714.0090928124528,24.765016484102,2.3380445357308,1
41.746612176915306,33.81507736445849,70.14838217707016,6.920045463000369,6.355955414547193,346.25995931594434,13.099867283634048,853.2754161905549,49.76669176743608,2.4814322873718235,0
51.55047387907634,23.945494111121565,64.3135698869477,6.540784451985925,11.586153855581667,483.21380787584405,99.4136813581657,440.2993371391534,38.03128633834884,8.421387180147724,1
35.011958776695906,26.125693006091456,35.908940133020636,6.279055216745107,11.858074260067653,232.31512808280252,28.443958083383592,522.6466758836219,31.240846975642928,4.522723303321084,0
41.15638300052238,39.854782306003635,21.013601304291107,6.537036265219426,9.68559210493202,404.34962083090977,72.10320846514631,656.3270600417972,52.493742213721724,6.289209549783282,1
39.823304286155235,21.973278986722782,48.78200975201274,6.149249447956889,11.415084134052618,312.54304783795396,22.00266972117182,769.8560686174891,51.30036110519298,3.2414863849062105,0
39.671347221372216,28.462022641277194,71.53473956573848,6.745375627393097,10.305915585977072,188.03597283476674,87.78512107260839,1086.7898351371475,33.34299407956006,6.641897098573673,0
36.363732395309256,20.957326048461155,73.75008060140973,5.685960552889583,11.038408861775453,346.12217165150366,38.77583101496924,549.8184706831858,77.55069669094375,5.9256796088263215,0
38.74248540821004,21.78356938986115,77.37357182456924,6.74224520582362,10.773631785503689,486.87047131588145,90.09024889891045,677.9767604020205,5.785489697457267,8.565007850338507,0
46.1109913977124,30.869222603362243,72.77379425676688,6.050689700276888,11.32658211244474,149.72331970050897,34.1834919633971,780.6209890241445,8.671455565057713,1.790287637076579,1
40.82722145675489,38.13660928284651,54.8026133178859,5.535269658104693,7.59704518938537,302.9119058196916,0.8643821496913451,636.622844791495,90.17031339700641,0.755626526203111,0
43.347895646582955,26.270768514769642,46.67633595416605,6.605411532325755,8.1496529602936,120.64334166021129,51.70204310784614,900.5982229766967,68.29146208460612,2.489926321182417,0
42.53733760694377,33.051997868463395,66.49099079204595,6.656895511705393,9.519705196061537,228.4865195585449,52.478793615109645,605.281947820776,73.35360130870886,4.810275867860116,0
52.51809849999789,12.676196764508916,64.38929806193579,6.353138009423072,9.569024075353491,348.2410710375965,11.983418278863557,1017.8803368905947,55.24309676249175,1.7728758037088945,1
53.10597998021031,16.33474112295781,52.28860580488726,5.644572465100634,12.195293692695234,436.42277441230186,23.49635734192924,804.1232758809467,38.78743834238138,3.9098086541577137,1
44.8591394331172,25.063949227585972,25.239642353508145,7.286685905608383,8.939149273836257,392.1313686904284,78.34955909813493,469.0439067688882,57.630419085907675,3.915619070144398,1
41.603119006312085,10.600351708863244,75.56488080721513,6.722861614455778,7.300041248473459,285.1427112861895,3.675582462865923,901.5991161855661,9.332623504784172,1.9846414564400947,0
37.136014080047275,17.585649362876765,47.33615225009973,5.731426599137939,8.011727763928608,463.6891028416586,48.95266866866807,855.3948030390059,69.19922514719467,5.206129294968777,0
54.0680575876419,25.522038694748986,41.80002691497586,6.521861153188295,7.717868019073827,221.08586600950827,53.04081234135628,670.8778833653382,49.66687424294645,3.203651544626908,1
36.20453889800595,10.448835947689021,57.7740437101263,6.494508631896943,11.853280154048175,401.59336409006653,68.8712060676124,408.9256627112171,87.10587014842831,6.798529419049681,0
40.95300555136561,17.936388586781252,60.43027767001861,5.620803737585854,9.762716917007857,289.603608699065,3.745626740013519,560.561233739498,58.37277319368848,2.0993814073501773,0
40.96132402340008,25.420924584276086,32.64127502181809,6.713719407205895,11.669045583767868,459.4543018691103,58.56463270904639,724.567623105882,14.6523283460606,5.605302444216763,0
41.4080257228043,27.19447743943737,70.21633068859737,7.116652797843129,9.329757446061016,418.97312866150406,0.3098036578183194,559.9312270346379,43.9795103480242,2.8465462219899806,0
38.285736865448186,37.772550791659164,37.39622561974267,6.998016108496956,13.117884820031241,460.58786452283806,26.517836728919065,861.9928967517423,6.2040024297389,4.765725487437606,0
50.663228618473944,29.360368697518236,31.201035554859004,5.905938828328367,13.868162461781877,185.69913957682934,49.96842553164812,969.8599151410054,68.08866033626842,4.555524765190988,1
37.44995723931979,22.44207407589981,44.38399117126984,7.224585059108422,11.358740069620893,367.26017284648316,91.12813374256172,1084.8141254006687,46.16483694114858,7.5047277266949335,0
47.698133183063256,37.910535313992035,63.833604853847916,6.185084331318702,12.91050045788975,395.385363232656,12.658981600553542,917.586094946999,34.268803281313254,3.9130683210308255,1
37.476920534116346,33.54648950163383,77.9274907063882,7.393016756583883,10.063466137376501,396.96570611303747,16.928912900327507,951.2073770038502,88.16944435048352,4.384193655005161,0
36.41071275185913,16.00026763338243,68.55687586228599,5.6434959284514274,13.476966722831264,301.600180186935,66.92500643838277,886.7534921844195,85.6538667070642,6.537817590155726,0
53.188590073717535,13.925270840464593,76.42090266021151,6.472417377039685,12.652691885382623,104.50020893918102,37.486169382239886,1188.388846090163,86.75487971435076,3.229504807422936,1
38.80257532637411,30.27434907228199,28.436348244591606,6.694248754355098,13.934228574128312,204.57231354762996,62.342140192287175,608.8004552639266,20.887321799521917,5.845396218053936,1
51.425003091194085,26.796494967309513,24.270607931820606,5.995300196949209,10.984749882622244,229.32035000175244,99.74541671342672,613.0069444102066,66.5712636147093,5.666789729799527,1
45.89261742214272,33.69020841378267,53.462285714400274,7.042760377440455,12.233653922145828,440.8146469127046,98.6871661348854,501.06691313748775,86.08439234822104,7.730594501025016,1
36.557130392175395,32.164151502360596,37.41784898264206,6.7537913596214345,10.342945119825707,436.35432684168813,35.37135794944214,788.5474606956259,52.37832310359703,5.895691916399934,0
54.10896382876135,28.756346015725452,69.68329837815637,5.536218874575911,8.072960834171383,141.87204161511332,50.39253538248326,476.92936290473756,20.274430953985405,2.0872910139345855,1
39.93922333983785,39.59146514886677,60.319272284139565,6.716737181392472,8.838041369038063,479.934352708503,90.46901586293933,616.117277518483,74.6031217494036,8.00223602903377,0
52.192906907052134,26.00769190331226,78.24368983914766,6.482956468836893,13.152043317850529,172.98299466059638,9.216766240855756,786.1447430171132,80.19264225940405,2.5748871429506854,1
38.37620011569128,13.393172695051595,35.28754134387825,5.892058403407015,6.4475835727889645,265.74378052036843,45.23039038368471,1166.0764927440139,64.29118477478625,3.0222406638429593,0
52.07885764283706,34.84820694447965,49.14704686131394,7.491496454119059,10.731839088595265,186.06278644430216,37.7577348316459,1171.050395072134,27.41975897820366,1.078247939527848,1
35.264576258105876,17.55560087037127,50.074428645521195,7.29432438965523,8.97987226003287,444.13298753174297,29.48827726609973,994.9921873092446,18.162450878900746,4.707905242884991,0
45.235609131389616,33.31906444431755,34.350607691442576,6.0850153900581265,9.093540304044446,399.7608127437247,99.42042119223483,711.4001292605479,57.184282107704576,6.612373569604001,1
50.38885158843114,38.71321288000154,55.40560396928046,6.582141841597233,13.076569651310137,241.41152275512158,73.35492939723778,1092.1290187012369,44.452047232220316,5.592875191063728,1
53.695910349855666,30.903865418930238,46.59715916475437,6.1330042798205815,12.830578996369812,372.7514504104222,38.8746992392922,1100.3646415261123,61.19044519719449,4.664337696245396,1
53.18404272412974,27.88090482849403,46.80329335939241,7.050991503272156,10.790739004579748,173.74675366861692,82.90218916654192,1128.1579046372417,11.052969891612939,3.2938003644234786,1
51.3924973909529,23.811585270251218,41.76419887834902,7.36066286639291,8.183350779234672,252.91883695040065,48.966610071205686,912.0200385721704,13.232219594325741,1.9706002841889085,1
52.76382699322608,20.932295979862097,21.015761145532103,6.217657213828767,9.803650769296192,250.8430353352433,87.28244123678587,561.4342364863044,33.66006003791844,3.903803989331843,1
38.98439371674153,20.590142529155088,51.32571421488734,7.111168498287255,9.266347150313727,195.17467268855913,26.637984563057838,472.8646182165454,24.288425886598752,2.1062457655800966,0
40.68368591423457,29.09118117128772,40.11487014201987,6.49681508542641,8.828944233619962,450.524819833153,22.36002273870654,1131.8204032321041,56.740476798340374,3.6916647953999004,0
40.77937049842117,32.53819350813238,20.07919213905978,6.293157122623155,6.822284628458371,371.5382941916505,24.728668124744758,444.4368864972824,34.07864764259693,2.5097356802988275,1
42.54107862003398,30.35551208453243,38.47662245971592,7.376843704197539,10.344911093722562,211.9757242255197,53.848057612505244,636.7120475503959,62.55737075330955,3.830272464057009,0
42.866413407703774,15.952303035806882,36.71769998538542,6.520809377438063,8.41465038299587,196.84830425161493,29.131339115513466,789.5694136301897,70.19185618951208,2.1672189543504157,0
45.89110649309351,24.819615404304734,43.60688919341815,6.43482100051493,11.286463543420227,107.18138839969562,14.71196841463841,417.58135429878064,17.845081319726354,1.3222603295516087,1
38.19759526732883,33.749202165491894,27.911119378603818,6.844868803924686,8.553631486604246,238.63290151694184,99.46279185057321,1125.529806942595,83.78414518735549,6.325192953435141,1
48.824933275719786,24.271122345671685,50.46102947810506,6.022468402036569,9.449307945078413,310.7085133261273,90.04332274414101,629.696795897788,71.84438562579132,6.900751157103195,1
38.35133078609013,26.098698392064815,61.5464211510878,6.149585741576631,6.41888299355526,211.08437676335058,63.50124374930797,422.80383913646017,57.41027219388478,4.077936021996782,0
41.20616964209095,33.134081445124664,57.811134143274344,7.364091672477246,13.94030455924382,380.183310571908,89.1542873923946,1194.8719977812148,82.80359692733236,8.795401305792547,0
45.06690261212308,29.837959187952745,68.22529685415144,6.857059690873885,10.060883066201406,264.6998116045065,93.54627375078188,649.1145446540122,24.928187465727962,6.974554647954939,1
50.92881123046955,22.28034762647178,47.120497279224864,7.153274295542011,6.1939007533133825,226.52713480426712,67.61082918658356,1101.4119259882982,38.95418817748162,3.4627175200391758,1
49.789384664774545,36.86238133582657,51.145503820383695,6.0422235238708595,10.329845270089152,475.6230635161325,51.86797786913082,762.7795631367047,8.720828236054146,5.592679786953031,1
47.91068712821044,14.877012059904358,68.624116451539,6.5875803798597445,12.962831994445198,205.12035091525564,88.20017922146772,930.5007208439993,42.0563639041397,6.055286702521887,1
38.1154652116034,39.865493457709746,45.66207024915431,7.442792533978997,12.180417074129622,259.3030480386625,56.77969969129095,592.8721196298839,46.57606566379488,5.3502740684569225,0
45.940906912311554,13.565577354287116,62.095960993975815,6.137407798056435,11.607253473035634,252.91631540830878,12.6800542853874,802.3002615816176,56.446023129405546,2.7316110788318824,1
36.74893003599771,10.448499133127168,46.07614212307951,5.820952952634084,7.115717236792279,196.47933826849933,36.685600045750576,606.1209539400215,6.7635291775930595,2.855527499045956,0
42.54726353593301,36.70056703446294,45.06417167069375,6.521772016449328,11.261896631899779,186.9906959241667,44.59209517353771,1160.867105012083,3.9219417310332165,3.3030720524863515,0
43.27033060579918,17.348605250978682,65.61233747174961,6.275642177449752,12.130387024098082,220.95200752536144,93.53690161355955,448.756329932997,38.79011487529872,7.589772562670053,0
35.79622878891507,31.890988823401628,30.49021492797267,5.819154465573427,10.579352511723972,445.69446797247235,65.91854723058223,619.739142003878,18.02199810483327,6.7276660858508,0
40.479761989399435,34.33046124796208,40.31515831649442,7.277102765406736,13.141992036162812,406.8331548917162,87.52775627958907,1114.487101239903,69.29095079372165,8.36311587561447,0
54.11298934532979,35.769591730963505,33.450336604814105,7.4814478211075555,8.215918254279083,372.3998056640209,75.75917008399362,784.028766005827,61.18626557217072,4.153752891841915,1
54.07265215659379,39.747827069925,41.546596578055826,6.6371643613799955,7.9371575979140045,282.8411970569974,30.986088652268297,880.0672895233361,30.324427694474668,1.6095612128153363,1
42.046541085050784,18.821191301199974,33.82248934196144,7.049353536746908,12.956557959541168,303.1015938530414,71.87089930641832,921.354697196514,5.120493864699948,6.21937221921018,0
35.86200217896648,31.307300257817772,54.76433786519928,7.218076739092599,11.00318594393162,206.85553819738413,19.529973592387464,456.74200941885067,17.419926145916588,3.418342943929582,0
38.58189878656363,13.461995748424847,67.89024815707072,6.901964012043654,6.011577764167995,129.72636553436706,40.81458117174677,414.19099272686805,63.251140835179996,3.159973787611607,0
42.8443558686708,22.204278740705483,67.19678367307411,5.588312098223462,8.82505126808842,232.4162226881929,80.60918571559321,1150.2728413690452,90.1148404003279,4.132271891003386,0
53.9555939593846,35.439150799377714,41.870057872927546,5.815268463433636,12.862847886517397,298.23350239694645,61.192916191522826,617.2022762375045,30.381436458962405,4.673845662405868,1
37.8239812707437,21.02974138177325,79.32562435365571,5.6419783823027725,6.218556093133946,122.92521860773297,82.54125059526149,704.250488348423,73.17966582688541,4.3731185557156245,0
50.270316873364244,27.73286141606842,55.63126188234805,5.519759213284113,6.025983426092071,135.2933208228426,25.47035823500513,945.6745365788397,79.03868424388814,0.1,1
37.17365078749384,25.11320331173902,43.96401810669769,6.111992817514473,8.250074324201037,205.2100931538269,74.97488324272949,589.043101658177,5.33627849426294,3.65171978520544,0
54.62515154782554,29.37854593336135,70.13235675448553,6.28471192096312,13.312000296074224,246.83214943710462,20.23243614418365,986.4570961340146,83.45994381299931,3.1024708729445116,1
42.632329982182696,39.18683168163085,63.79244075855845,5.982059464671852,13.211820651760132,257.3267244474821,54.53041723980072,766.593745730616,42.9582433932959,5.4398410839461,0
50.504690777981125,11.672065795042064,64.95652020944627,5.629209296172641,10.150095566412062,147.15442651520206,43.353459445443136,1085.287844229913,87.7817985883451,1.7859887949563387,1
41.85182165622264,27.21884552504889,31.768360984032295,6.559726181673355,10.425894969116982,190.32854181391554,55.6475857770807,622.8325086123859,49.47002447078043,3.8743380636809004,0
47.553377543176175,35.89086337750854,48.0994584421133,6.046638639914283,8.65606409053751,204.65890082544348,13.553342402827251,563.0579843706388,22.162915890878306,0.7453331728555131,1
38.840321694800735,24.441481352452826,71.70968784947617,7.092074309727124,7.949893296222479,127.05395048049849,36.12278755130117,1065.3506830998977,88.7201476666865,1.590466819412598,0
37.92042038593925,12.355815578247185,50.242280457725435,5.516105243250562,12.521774833696945,230.43988023587892,66.69038308661737,661.060851994267,22.89744227043702,5.69951919809191,0
53.761282791362625,26.816180572503125,61.00716460526302,7.18505410257522,6.850358883997131,128.88862910220288,55.85307940810274,729.494916800404,80.42304048377534,1.6703953949532941,1
53.35294555808867,19.962216724714615,55.276023982055875,7.409507357891914,9.898834967029085,381.383137243868,54.89697589118197,1034.9662661503944,16.581564524669506,3.806419920164699,1
52.749378804257645,14.648253560138077,70.54140726310293,6.932270126307139,11.075178075976677,254.41910662292418,51.08301121312544,908.46122989966,61.729081548096524,3.962668454457955,1
47.50866900333187,35.47103539850419,37.073650385696155,6.967288130525133,6.829442322968234,230.70095575134988,94.38849100388784,753.3807123458153,38.01624479975746,4.424882922493913,1
51.165364224325565,25.64798538973365,54.52851667318189,7.367124623205466,10.15685676377877,150.60886860144277,93.45696979397343,599.9124071236464,88.48163558363005,4.987994178357582,1
36.3807387382275,37.998292371372,27.39408008058824,5.918142570600699,10.620170303299545,190.60146217795833,36.01449727982943,1011.3607750814114,17.62953680253291,3.078620468660029,1
41.69578083781359,34.18049513809207,61.41264660196807,7.4891311364171536,11.93996848405892,193.08208357564945,35.18950115842048,544.3448275920457,37.79152057072729,3.8507774713734353,0
41.27406249514313,30.78915381321002,63.91807030116272,7.046962406757084,7.878688393180263,494.0816859493212,55.48984565730611,1142.6236804691425,58.579869163936706,5.811549863634925,0
47.71290643905226,10.150765100959358,22.570239271339904,6.953141416655587,8.346620026326066,434.1397518033973,9.56062841392078,520.2528552983978,88.98583809478961,2.8923398569624097,1
42.11915546941281,22.834703699147497,60.5474578176791,6.222181157990585,10.556169173064267,106.10491665337265,30.30067007675159,1043.9469535578369,28.347676896820644,2.172426978071491,0
37.970135632873614,15.924588449560968,44.88140924994718,6.591554970811221,13.865011279852913,346.7346363073919,23.086756580117274,739.3990933825071,36.718394594029974,4.800055877560694,0
46.92934150827087,37.323937331466034,27.44581256658094,6.807835576546694,7.739945462560915,202.3640385687695,22.33896683364285,548.8049863468096,42.56127885901236,0.709662541509789,1
51.28767841338163,15.237519540290808,45.19445286190806,6.740685722634431,13.887230616987711,141.7507715278337,63.850552589526785,721.903150589417,23.74304421665585,3.783471888622817,1
42.64246988919946,18.581801549778564,31.6539757817349,6.909969276955161,11.71474026443585,382.2399052479019,38.43503343441493,577.2414529599469,74.5619230363278,4.03361266432497,0
37.64537430196963,25.505103032034974,44.933571927398994,5.6647634781568215,12.608656557040185,152.64221978733968,17.116437475830626,508.7949206686779,9.279604517707243,2.9398735237606686,0
38.93376394625646,17.900908569942377,43.06034167751166,6.211296865663393,6.717130145890714,277.49631181189426,88.75718449877596,591.3243191444468,64.43109385356723,3.965123278115099,0
39.74966610338768,16.295940318373635,64.30349821616345,6.368000033190954,8.403361499445058,352.8660659359697,87.41486879377942,1093.918778030602,49.05360729617819,6.6010171095905275,0
40.997951859890726,27.972979753082573,66.45293348998152,6.0212585957499325,6.461890237207848,321.7979024619955,86.24629235322352,484.75390998385933,22.77342603871412,5.144275732929143,0
47.85590141012618,12.667885682650716,56.4217192630728,5.8452545405384475,8.972375960025403,491.0516393210972,39.074494225779276,1178.0316702143127,45.354742618064385,4.660406828480353,1
47.018909690754384,11.745032761627742,21.361210530946853,5.777854959825726,13.850317279360414,414.29704524900905,5.698245351045239,403.99876295014144,75.69541829747845,2.0240866999432203,1
48.92159723134078,21.167358855582144,75.86133674425963,6.232766784513171,6.842184497650708,409.6773504509959,10.674201789443604,926.5905235129945,41.089744352991374,2.6291600688555197,1
42.25003969063026,31.61993363523587,61.173996805786864,6.486883401125132,10.498982258969596,242.2381576324125,27.60480797712992,1085.2095878704688,11.970798842347945,3.787802968635713,0
51.479953037599564,26.64420274821844,22.05172699527133,5.625952880293322,6.048564982510499,103.35819683365668,21.997000410865464,1147.1661185014113,4.672176591836779,0.1,1
39.08175322311521,22.686294054003366,69.12997395284707,7.392916189181099,11.7014625283525,393.7643718682753,87.39856201488354,515.1884747654036,71.00166647022012,8.153749247767458,0
44.380814950363074,26.972546926737472,32.01596928307977,7.030486645721517,7.5775415389763285,499.89283371826895,98.63581803892595,958.566797161872,30.738983125063655,7.3992202430599745,0
51.01877443082861,20.96354453959821,54.753271374266404,6.961703546370933,7.036676296998103,262.35164309744624,81.66736623318023,485.87937292451784,84.81202269167223,4.525670743963107,1
38.603172954652386,38.08439006296339,47.99806219701123,5.845721049977454,8.696142497286301,494.20739958284696,72.98489027491884,682.0891950995469,56.54324629004702,6.24978626475009,0
37.19726227481566,11.64714672732323,45.1903269413046,6.707601536024378,12.168354383511852,156.68324381373856,58.86241399273142,985.5410860055949,40.26555020513466,4.122575187280751,0
52.673679353759795,30.201744370895057,73.38282320746384,6.559449893617335,6.852904690489686,218.60494065468697,76.99082991798728,676.7785809304535,51.801842813564136,4.576140621083441,1
41.85859325518392,36.73847994483252,46.24167749375688,7.464937691573388,7.838711966389563,168.29077269698826,94.70333121923909,650.6997826248543,42.141938042136935,4.27866685836497,0
48.67740249818064,34.1165412620576,24.520647054389045,6.995343540160316,6.067715372938476,290.07038917072634,60.134466990708106,492.84369504192654,82.52299741449578,2.2588999084680412,1
35.50697208527877,15.521231044643402,76.79832363289715,6.6515237674324625,13.747318901564945,418.79256060288816,15.46132440198339,453.1504754624704,42.221968243056175,6.473657017682031,0
48.800937768188994,18.87779046940865,75.23211387437766,7.201625332940244,10.73716479991091,236.26467661518154,16.38583172687197,492.22239302540567,10.365805772987265,1.6196937618021148,1
41.322026230939414,31.511438161213142,61.06596137489593,5.810188541721419,11.759197091077596,462.4915748607486,58.38628031285862,1100.3798199561795,54.73792352426128,6.758291910573821,0
36.11481707174883,12.528116775422966,48.073551687921494,5.530433059381954,11.211065369248116,317.932165331914,33.34685397848078,408.9588203047402,57.06829415352871,4.88519763500484,0
47.196255230962336,34.35585099497752,25.571568376611275,6.880466666829046,7.154916470957395,286.16976549675087,91.02473752449694,954.2926956282313,69.87970655137312,3.8780913438362803,1
39.81607632146346,31.56720833814371,67.44488711464857,5.696622920474475,10.759519511951954,414.8143368781105,61.164233383597235,1014.8993839106382,84.9955727395908,6.32018162347644,0
42.7361448410376,31.888199477060276,24.528674865441737,5.730867279967018,7.051324761130097,140.5773988167138,67.64926134233603,854.3106433019431,40.87735139111054,1.891510529183577,1
36.611616245730275,13.007241108027742,24.11605909370874,6.989361452849061,9.209891631705023,409.5009884842699,0.5820710100902571,984.6202889465188,32.68689459465752,2.2575900693209277,1
37.94326502189891,31.532816344486925,52.243030546362085,6.041069688267978,10.551705087402343,197.18080006913067,49.8848552062623,921.8157352200802,45.16939141727493,4.851093930023538,0
40.95954470991688,30.3945437565991,29.607694411078413,6.757262431137786,10.471048912817247,212.32501887329502,43.11647213889117,764.4467912757541,82.01790117201675,4.065838450420114,1
36.79519001120314,34.92767472465552,20.463816040420937,7.334813852185497,6.952587407861928,339.7815093280319,70.5871856767533,706.1683423010136,89.19841436528681,4.774655039128587,1
53.216525293726306,11.247878687694085,45.38680585974717,6.132949063275717,6.275487757172177,460.7737700184821,38.26386603333657,1153.065590724139,88.41115059523679,3.1506927507402454,1
35.12094086367957,10.693320054033766,28.233033896603956,5.934288315679837,12.385874510990512,331.36277990834594,97.65750318871623,1177.5503940563744,21.672596152470526,8.27167795202082,1
44.67720437728623,21.19021299635682,29.630924916841472,5.713125767482103,11.807379495968043,359.5797395177948,67.02031815564018,921.0171229000238,45.72058254056887,5.165160629019451,1
37.46494916265103,14.463648515474587,24.61463832412008,5.7609247228394524,6.6545512365179045,410.63783584210967,65.99183331425894,557.8390719187773,24.35266232695103,5.0763951871339765,1
41.15358178955897,26.751534327106658,32.3056252234166,5.6244453907576855,7.0193241504124275,203.7299035969947,91.93411447579827,758.31932995023,34.11845041303424,3.7776650235105804,0
53.52119119636531,37.520467045202466,62.929050786463364,5.6752847576594805,13.140670211116962,430.893469121657,99.52048338983457,797.2299920660856,3.8515694987392393,7.380192515765242,1
38.23389106547974,21.74439191002047,68.53563843306748,6.364009177618308,12.15303121297424,267.1840596268599,19.782068926211327,1006.3760419685293,15.454106134442512,4.2084127649348595,0
54.31664639436666,35.348511318178126,47.15201864175803,6.14173009004794,13.969282369733392,170.26227739646498,81.0533143214728,934.2217050578554,36.736835921832444,4.407303927764161,1
39.11588753978843,10.007226235535994,50.39322895288506,6.913121628645996,8.031899593640173,240.04723178445,16.231949532202748,811.8515435423161,33.82341690007579,1.39489667814905,0
49.83132216933659,15.055439303775525,21.959302075652158,7.240483316494004,9.90242391095052,198.45244468729013,45.70434530542099,944.2916462297256,26.09492960182043,1.5734272486584344,1
45.93354529794624,10.912706189622568,24.158975682279014,7.069546406284768,7.8916766084988454,191.48544205425833,10.018540433247015,419.24547738701915,21.727861937767305,0.57853218395059,1
52.68957455193518,19.84441541545206,35.45406353897101,6.561274513331305,10.982401107818479,213.02527948766647,62.33709784671648,1021.308257507491,68.40601430026511,4.303833596449805,1
46.07986511006262,37.24568787089508,52.63390524278885,5.704884232465307,6.923313912730544,172.3723258968358,46.851816340507504,569.3057872055555,27.5094729830252,1.8294172946242606,1
45.69118438312617,12.908563707969632,64.37306892409958,6.919534567883107,7.017945381944265,367.08070283305716,62.869894832571504,925.1273116489193,64.5889268316469,4.985199097376542,1
38.909160007368,28.19229330231401,56.30018368028198,6.225657449453747,6.575103131240981,331.9967028140469,67.7960752615413,491.17860170960734,34.17625981734974,4.834477661485079,0
38.32458724103317,23.544878173583328,43.5276712992073,5.671300787830821,11.548688658113335,359.37675719337136,61.9432250031238,491.56866873976116,73.17813151680019,5.0277036043236265,0
53.32978302231028,38.15404637097437,27.09944438018829,7.184932814425252,9.952580619465653,237.48988953126417,29.402912260737313,428.5261150693616,16.051001386180793,0.7756218529692587,1
41.556763977000685,13.675574276112815,66.84639409323137,6.176433034365012,10.94184973083704,407.8933610296177,83.69591572436687,1128.1862481228095,15.184349233262036,7.595793578716361,0
42.44164509925792,16.360835515066867,41.827163095943426,5.9364976650231425,13.034408372714871,151.8434963816659,55.16861993751241,883.6470061534496,62.17050403369039,4.264613705247791,0
50.19647316856776,10.886259058344798,64.16324086896738,7.242904129237687,11.922627878042869,328.45468378454405,48.98511732168031,689.5695489833186,83.34237176279697,4.495359083217865,1
41.77646964845615,23.018057488941214,50.77873051486051,7.30426773689401,9.693783345333529,210.18118889858957,98.70638042348745,1030.222192815447,13.868803434958421,5.819874505709005,0
54.04124893278005,18.33498698693963,64.31972321370952,6.17794167438312,13.87484790715381,311.04396027904454,28.350790670647687,900.8657604997323,7.633415605943529,3.502269480095883,1
49.758555379976,36.09717801670963,74.43737368715432,6.209602838562747,9.650048809135786,229.45487009609568,52.80303048951731,896.0644143303523,85.11734861396414,3.9104297553683582,1
46.9485848514684,28.14822439593265,75.26177096322812,6.659257055166288,6.8996053858682656,416.20470603651813,68.23245786079914,789.6342354904054,11.559424947923748,4.8599446744403405,1
52.61790321089505,28.422722139271052,52.106406800036204,6.966882987621316,13.941237978021729,456.5087355352378,12.522593293323359,406.34142293456694,23.533022778911445,4.408498619120894,1
35.992118166989655,25.957320906439072,50.690501885938325,5.626298403813727,6.182565840118778,397.0324893486525,35.423972414653534,606.7700051399519,84.65447506780727,3.486800266100993,0
40.14125384378418,12.75551011687603,35.940707930170234,6.686687314376943,10.399068475902016,170.2334851396987,80.16887159973261,487.26135568006634,73.26261036641995,6.134926247258313,0
44.3007266844182,23.350560511760655,76.14798989175748,7.405640123567164,8.472763909597674,209.9467593553449,23.675823459983004,929.9278818822208,31.848203229156447,1.8876037184511014,0
39.53957078943042,39.9851556912555,47.47515003197725,6.024187794359907,10.028417208135878,467.7432262073663,49.329036490360664,598.8966574295982,86.9074947690934,5.734474753807493,0
49.87810374604304,35.05687872538044,27.65547435724263,7.317654428193867,10.469703620756173,274.8880510632805,63.063060598297106,760.1333312409656,52.12436618788637,3.3682973285371136,1
53.3841606210745,36.80377162501348,45.962294877592996,7.400336681526188,7.920767170227901,476.47216373970673,67.11623533076,682.7442386319063,7.502343636492391,4.4393794175942745,1
43.47540239861847,34.69679077739498,27.62319501428024,6.0383072819421795,10.454870045898094,256.9806755449067,72.83104420478259,514.5589903402912,64.27601895410331,5.111549958975025,1
41.8426520022379,13.09125080292948,50.1519010554245,7.008403731770701,12.0484888960443,480.7098642362655,86.59773170429443,1166.6961863061754,49.35496220409717,8.333545022222248,0
54.231014642751326,16.823447621943988,53.67653089137273,5.97755001663912,8.132078697951986,470.2955950933324,39.28594430336376,1146.7354493017729,52.532924546724,4.0490305801530715,1
43.897048656550815,10.093649540692288,40.26534568961512,6.975222323464266,9.067409066511257,364.2107559946465,70.66319259638561,467.6865488293124,90.46938198929185,5.5772700176018075,0
44.78096800898567,19.105303746343345,24.299036853889078,7.094839942577652,8.145941545312464,103.53081938460113,73.21746477702516,1061.8922828223972,14.726285496958738,2.65911245215417,1
42.03299744683811,13.258222070394776,76.61021213799435,5.994411407421299,12.56447784790562,260.13387279037477,30.02741301269902,790.6989461730985,60.111631025910306,4.61437235691569,0
53.19096946024277,24.18380035904749,66.40118680900578,6.93173908716647,11.799858073676774,464.49405187823834,96.81579502116412,1018.988707664681,42.28669875067225,8.48793027884161,1
46.37910966563702,30.313824657217058,70.33286483030726,7.12420907772818,12.969571497747259,454.0441156432459,86.5219173522062,520.9257047310135,25.47038123991961,8.634310014784306,1
50.243491743632894,36.235158851142316,42.01210365717377,6.217157744213823,7.360399143213274,174.95512003844547,28.986132869956403,505.81931022203497,63.41903124966665,0.871817614376737,1
51.236134367017726,32.476514952726944,65.64986180116703,5.835405551979454,6.588637105278012,259.67299838764103,67.50686766869876,1112.6060007161632,61.13915265249999,3.4977763549350604,1
41.83698083834516,38.157567873355156,49.122373710151656,5.683929134635028,6.955068030869387,434.20397115178866,71.7800634459294,1118.2555934728487,78.08455973111771,4.963526890631715,0
43.6738866264076,11.616948711813663,32.06500930436276,6.650763407219884,7.288146662593891,331.1511413000218,43.14836362753793,772.729730202887,80.09823116678535,4.477449223519272,0
51.96943548812529,10.365395062496244,27.465402614432797,7.456196238631426,10.264661285398418,438.91969337848025,86.37432859409664,1096.1262380919184,51.563750774431426,6.047801606828186,1
42.2651070335162,29.84014341508638,40.70305215932341,7.145900640044433,13.767296562902118,430.6269537794252,69.02293535090396,933.9671612029042,30.30153094609457,7.604908732741367,0
50.878702669037025,18.680572306667386,28.25312668850838,6.371679277869106,8.857883332934257,462.9928027809932,65.81546851527182,548.0077940887936,48.66224053943306,5.05076655967052,1
53.81984645148874,17.605030483173195,79.89613857224413,6.573241805709917,13.668066154881641,146.88823527783268,22.08403722847182,663.163411745719,33.332961403257656,1.4102607617095673,1
47.46420746136014,19.92661263081383,22.951339413921325,6.059055770823638,6.305606359913438,158.08605658140627,40.78423113495825,508.8485204069359,25.962047562665028,0.5550440522953957,1
49.83254574903778,18.093881736770925,46.4686159621446,5.826131734720127,13.414977622517267,133.123611587621,43.39224891323499,1019.1589351447465,50.641783999945005,2.906251804847733,1
51.1019462408227,25.343092189047617,47.125611343423046,6.464162316464547,7.449220858439769,474.10753643817264,73.36610965790206,1188.2005797565998,60.21407567467624,5.098911882007789,1
51.90079297793285,23.204453416723975,38.037915714900535,6.42700313233437,13.29979988575479,290.06495375115725,61.839454525755244,837.1026612528093,54.15141582193547,4.520836300628298,1
42.90106675713592,25.37285654129969,54.28109394241672,6.543859905607521,6.449819440923689,125.73011339297926,8.586059062626706,924.6915312919142,86.89775692269876,0.1,0
36.02526918351997,30.181408345013086,28.99862144909268,7.405609171127882,13.58575557996026,228.61196100561648,30.769795188724004,996.8740545069094,27.87725066985684,4.3535174683091515,1
43.03752542473479,21.61391526913445,67.03474283523403,6.707790600289544,7.606386114550887,240.56505645198675,47.30475044615455,579.4072819443924,34.510751654920675,4.132597959895726,0
48.47512459568179,17.539230614264703,39.9468630948583,6.711543673244748,8.421712480585285,423.8239293907029,73.6732945856993,668.8009981067473,61.08785409011983,5.531904351762632,1
44.007007715615856,14.986016104262365,55.48055538791851,5.756049525722154,9.927538752823665,394.1907568683692,74.3569130079674,729.8569690593878,55.03227647532462,5.902879067299814,0
49.97926301720797,20.484223585978768,62.93835416401756,7.492977732353641,9.045767049883802,375.7548198250276,49.05433085716368,875.6706497163777,1.167704680362717,3.7556448617333893,1
42.13964858937328,32.254194257385166,73.34252706140967,7.045689888469337,11.3402237541052,108.74542103655149,11.69323822606776,1080.3940625190205,29.10569216740671,1.8865001450135794,0
47.69488282208059,32.70114730334409,70.147246187132,7.254406688188009,13.79846213800062,464.2783185705515,29.290340337283904,603.3628356719249,23.838566722177372,5.6835505664406405,1
38.72839609707949,30.00716160052631,56.49854168621358,6.328600823661988,10.851411926439525,186.22210676629663,25.469238224706924,776.7110405822311,76.59233979814141,3.407573572231943,0
49.987388732899134,17.020845259206236,43.30359082303322,6.504256191571249,11.771883275492394,351.62456187707113,78.10264103082412,1001.2271289637694,78.96238577964361,5.895218434632386,1
45.913919376260516,27.642587375640932,50.192280204497834,6.544167618324553,6.704042002445612,124.72761720456766,17.99863140056536,469.9079996036994,26.55038269280424,0.5639805319525206,1
39.08128777093201,27.12068984730544,66.12408760272815,5.88818907857921,11.022499432560043,132.6104367488218,46.49212223951922,810.3147666609427,10.186403826478275,4.025805567364687,0
40.83822346995615,24.527985943291764,72.65273255356838,6.878978312653914,9.630798216371305,103.83091845204886,67.071880351439,515.50376269258,19.46817523528295,4.05567759957897,0
49.972174171636645,26.499369591515926,26.22691569060031,7.305953447234913,13.086258863357028,326.3710578181323,96.4786152950037,831.3191173818796,16.891155902715305,5.625375548211741,1
44.65202471323042,24.75371897871004,43.09137574958321,5.827411636276838,9.105688797144815,351.7518678467619,99.924058022444,1014.2582090523495,22.369182335658067,6.15978700408081,0
39.320628807861446,26.963690982223245,66.56699590481003,5.672636546972329,11.435633152399353,120.1849212932915,95.2922143555439,589.5579288359518,22.118041206767376,6.926173007703255,0
54.34542380740595,31.465178638633862,45.89910575563766,6.976437811080684,7.825229826072633,216.19395390561556,71.8242345253535,1079.5827563877638,44.18547840108761,2.0667673376419597,1
49.30250039633776,13.288845832103192,39.93366584397703,6.046403663345965,8.074980268193567,440.58176567120665,74.64408330220917,667.8432880654,29.76772426638081,5.9797386008435405,1
54.142696650795926,32.48877256447071,44.67936180939618,6.747725083234659,9.008979447378188,140.52334672916564,75.92100976090174,552.6278908462161,51.38395757698994,2.1140956755664106,1
43.542100907206866,14.076584503827826,56.17068480718105,6.891516675984361,8.432508300052021,186.6188658213325,86.260487654629,772.2587160566816,31.972116190675738,4.522597953203729,0
44.50200681383441,11.998839952311242,79.9883086480281,6.143821527163643,8.031030715120599,269.7564833889708,95.1785462852208,1100.860065684164,74.32092369687435,6.110405157945318,0
52.95910432370039,39.28239058664403,49.579545746271904,7.130289194851569,6.397349647206474,436.9096410532464,44.57061445203275,455.1464489392823,86.5713230005364,3.9147001717957197,1
45.5009868049077,38.709753066113244,32.50966849725563,6.599977964228434,12.693970654019672,201.93962179008167,41.65108780421269,662.0571729733163,37.352660801952226,3.569433746927406,1
49.145578238113345,11.813096348216922,29.770794516745685,7.237998815903605,6.514412247130275,498.85480614533685,46.04644623786307,922.5305351752905,5.452168130789939,3.452340513385859,1
40.0434575499106,23.297603244248865,22.540984848584856,7.026587105117895,13.098924124823741,242.10472525541132,65.98171714565942,686.0646949564684,22.562042263105546,4.881108269581571,1
43.934529374052815,15.587348148993243,53.52903409509929,7.237151264074908,7.003723112544482,254.57946339344923,77.54453962777646,456.6591957860925,10.167234778273755,4.58451220813697,0
37.4689973162071,24.560346914032543,52.67432548933005,5.540322764235788,6.522093896501272,148.84248169231773,87.05443909013292,665.5991750243791,32.028751883161604,4.0704789149938705,0
39.119600717539235,34.90531728998762,32.31403560681855,5.987012521477189,10.504038111845578,372.0791603426123,45.62107542826056,1056.7675089092243,59.06028107621526,4.772223442606856,0
35.01886830535262,38.51835324228671,61.71976438715402,5.680015880891878,10.019534340597774,197.38607311379263,36.33726261801294,1174.430018004021,47.70171180500596,3.5451511631514703,0
35.7853010329732,29.027579603546123,64.46642249778085,6.384166034378699,9.92987655065508,351.5470381180185,98.33526147022265,431.82335791817474,22.85881102248746,8.720914794792392,0
54.545676463538584,20.61717001635451,35.545892322926676,7.279920243230636,10.596034620011181,189.26309136117064,23.188762100722627,855.4270541080555,70.0533147378391,1.0996370766585013,1
39.84707390273525,28.099766969337953,40.645985841784196,6.435080524533738,8.296452848953246,255.14890689058717,22.200483525247726,484.2427464214785,12.833265644175619,1.9907096318199184,0
48.266214190080035,19.360039183253512,79.42830034083539,7.199426089160788,11.30359418743689,442.668836781767,71.54074548264956,944.3172233248047,21.537637761223102,6.608068772142381,1
51.78199397599223,37.29470922496181,42.45586807104405,6.154356476038636,10.019217757657465,395.56236458962803,17.965729560264233,406.3137808064408,61.84424355334073,2.2037076111963962,1
46.01320918473128,36.11201389317511,65.64810030536611,6.179140145610505,8.677947735658602,161.83635997748937,39.94089997461224,411.7933005658986,18.751094801998015,2.538007378564597,1
38.06289000167912,26.74695250838983,47.163525597796394,7.291123460653755,12.612005335845826,343.0832669496406,29.238682231425194,1021.5038611444592,62.088644429073035,5.184969055612381,0
49.562328746723324,19.74396746141082,67.60068967165856,6.3516342930234035,11.82176877061368,351.4562606695238,16.871045675694862,459.54825815783823,88.9247215266535,3.6216637286426288,1
47.005028201991664,18.80169026748935,66.14139432695887,7.079530975589333,9.148882735556976,136.2273894007444,57.970723909789356,644.1453394296514,75.82179584765379,1.9702558626615192,1
49.6250117869475,11.002539841151783,60.06536151191214,5.973287095763803,12.780942281830981,286.3222617343743,37.351149075462885,1166.4323392830647,15.400948632663145,4.3477444247563035,1
50.39493245714174,34.47462553075886,71.28670077773475,7.397601659355271,13.362066000894194,204.26735826704316,46.2234172848446,1188.197693957977,47.84485793529282,3.2168740368661646,1
54.5082073536949,23.51149639117024,76.3531096926611,6.649156493061142,10.2949301366749,286.8520571053932,19.5863004825516,529.1222895088534,39.00894070892362,2.0066535386993767,1
46.471265600534196,19.75398785200793,54.79899922712504,7.018647137156804,7.719619601255366,410.82839652915004,76.78668026717565,848.7215371486801,90.25024719100574,5.730592604404482,1
41.83282225381204,24.133310649932618,34.24813443336474,5.679031399589771,13.326337252375895,163.30382392412787,31.471208345074576,847.31906279224,87.79606315665245,2.9271454188225494,0
47.96929113800474,34.56213971363956,43.9177376986445,6.485328451661058,7.515836960764138,149.3216822352175,34.27181790268988,761.9045524260907,12.440084749381437,1.6733729075954842,1
36.368814184852525,13.738426231225635,65.4983428107976,7.302076995468046,6.387385811338153,207.72659804230918,25.215396210011264,1139.7601266111965,82.78577848147,1.8054689620876956,0
52.94794636643172,35.72967964725482,59.05300910743217,7.254077258086609,8.619896070985046,480.9101801386333,43.44035721190338,1003.2271272993282,18.407650423461288,3.631188148016895,1
37.387620226763936,36.92526505325062,30.667900313914924,5.593627914468455,11.815730755688318,399.1296844739865,46.3576627238672,1011.6215485455551,29.750635154147435,5.321228416985004,0
41.55685675771637,38.40123745101664,23.074372468785484,6.107396938257893,13.386192690828395,107.78234512581864,52.96669163295151,615.6555454154745,32.80671817578491,4.12446106045707,1
51.31490761252242,21.924639772678834,60.977695612523895,6.386640012958161,11.098285174515519,260.40193699335066,96.75682819819397,747.455817761311,26.813984060963936,6.596762051229553,1
46.94624756661423,16.514212121130157,35.06474144176072,5.844529628711577,13.61470837573328,202.95919163215407,90.46918080457034,789.9389587803624,77.79194138502363,5.954053976496523,1
